Timestamp,UserReadTime,0user,0nice,0system,0idle,1user,1nice,1system,1idle,2user,2nice,2system,2idle,3user,3nice,3system,3idle,4user,4nice,4system,4idle,5user,5nice,5system,5idle,6user,6nice,6system,6idle,7user,7nice,7system,7idle,8user,8nice,8system,8idle,9user,9nice,9system,9idle,10user,10nice,10system,10idle,11user,11nice,11system,11idle,12user,12nice,12system,12idle,13user,13nice,13system,13idle,load0,load1,load2,load3,load4,load5,load6,load7,load8,load9,load10,load11,load12,load13,0current,0min,0max,virtual_total,virtual_available,virtual_percent,virtual_used,virtual_free,virtual_active,virtual_inactive,virtual_wired,swap_total,swap_used,swap_free,swap_percent,swap_sin,swap_sout,disk_usage_total,disk_usage_used,disk_usage_free,disk_usage_percent,disk_io_read_count_rate,disk_io_write_count_rate,disk_io_read_bytes_rate,disk_io_write_bytes_rate,disk_io_read_time_rate,disk_io_write_time_rate,net_io_bytes_sent_rate,net_io_bytes_recv_rate,net_io_packets_sent_rate,net_io_packets_recv_rate,net_io_errin_rate,net_io_errout_rate,net_io_dropin_rate,net_io_dropout_rate,net_connections_count,injector
1768232471.599205,2026-01-12 16:41:11,1.0,0.0,0.0,1.0,0.0,0.0,0.0,0.0,1.0,0.0,0.0,0.0,0.0,0.0,0.0,0.0,0.0,0.0,0.0,0.0,0.0,0.0,0.0,1.0,0.0,0.0,0.0,0.0,0.0,0.0,0.0,1.0,0.0,0.0,0.0,1.0,0.0,0.0,0.0,1.0,0.0,0.0,0.0,0.0,0.0,0.0,0.0,1.0,0.0,0.0,0.0,0.0,0.0,0.0,0.0,1.0,75.0,83.3,75.0,66.7,0.0,0.0,0.0,0.0,0.0,16.7,0.0,20.0,0.0,0.0,4,1,4,25769803776,5691359232,77.9,9430155264,61112320,5653692416,5604458496,3776462848,1073741824,121634816,952107008,11.3,248763842560,4901404672,494384795648,17738448896,25100967936,41.4,0.0,0.0,0.0,0.0,0.0,0.0,0.0,0.0,0.0,0.0,0.0,0.0,0.0,0.0,0,rest
1768232472.1020732,2026-01-12 16:41:12,0.0,0.0,0.0,1.0,0.0,0.0,1.0,0.0,0.0,0.0,0.0,1.0,0.0,0.0,0.0,0.0,0.0,0.0,0.0,1.0,0.0,0.0,0.0,0.0,0.0,0.0,0.0,0.0,0.0,0.0,0.0,0.0,0.0,0.0,0.0,0.0,0.0,0.0,0.0,1.0,0.0,0.0,0.0,0.0,0.0,0.0,0.0,1.0,0.0,0.0,0.0,0.0,0.0,0.0,0.0,1.0,25.0,0.0,0.0,16.7,0.0,0.0,0.0,0.0,0.0,0.0,0.0,0.0,0.0,0.0,4,1,4,25769803776,5962661888,76.9,9088253952,115982336,5840289792,5815500800,3247964160,1073741824,121634816,952107008,11.3,248763990016,4901404672,494384795648,17738448896,25100328960,41.4,7.954370936220772,680.098715046876,32581.103354760282,8071968.35614186,1.988592734055193,23.863112808662315,22399.508556397694,3587994.006942976,336.0721720553276,2553.3530705268677,0.0,0.0,0.0,0.0,0,rest
1768232472.607098,2026-01-12 16:41:12,0.0,0.0,0.0,0.0,0.0,0.0,0.0,0.0,0.0,0.0,0.0,0.0,0.0,0.0,0.0,1.0,0.0,0.0,0.0,1.0,0.0,0.0,0.0,1.0,0.0,0.0,0.0,1.0,0.0,0.0,0.0,1.0,0.0,0.0,0.0,1.0,0.0,0.0,0.0,1.0,0.0,0.0,0.0,0.0,0.0,0.0,0.0,1.0,0.0,0.0,0.0,0.0,0.0,0.0,0.0,0.0,40.0,20.0,20.0,0.0,0.0,0.0,0.0,0.0,0.0,0.0,0.0,0.0,0.0,28.6,4,1,4,25769803776,5935644672,77.0,9120186368,87408640,5872025600,5815746560,3248160768,1073741824,121634816,952107008,11.3,248764301312,4901404672,494384795648,17738448896,25099829248,41.4,1346.4682366581878,1968.2197459385864,19846371.53944146,28719248.721357662,384.1394675171889,41.58210730856168,40552.455127587775,3891008.069492047,493.04498665866,2793.92159106574,0.0,0.0,0.0,0.0,0,rest
1768232473.110167,2026-01-12 16:41:13,0.0,0.0,0.0,0.0,0.0,0.0,0.0,1.0,0.0,0.0,0.0,0.0,0.0,0.0,0.0,1.0,0.0,0.0,0.0,0.0,0.0,0.0,0.0,1.0,0.0,0.0,0.0,0.0,0.0,0.0,0.0,1.0,0.0,0.0,0.0,1.0,0.0,0.0,0.0,0.0,0.0,0.0,0.0,1.0,0.0,0.0,0.0,1.0,0.0,0.0,0.0,0.0,0.0,0.0,0.0,0.0,16.7,0.0,0.0,0.0,0.0,0.0,0.0,0.0,0.0,0.0,0.0,0.0,16.7,0.0,4,1,4,25769803776,6050185216,76.5,8963719168,131907584,5948489728,5880070144,3015229440,1073741824,121634816,952107008,11.3,248768593920,4901421056,494384795648,17738448896,25100091392,41.4,5.963397572729031,355.81605517283214,48852.15291579622,2019222.320519577,3.9755983818193537,9.938995954548384,26461.58282938962,2499601.824191573,371.71844870010955,1800.9460669641671,0.0,0.0,0.0,0.0,0,rest
1768232473.61419,2026-01-12 16:41:13,0.0,0.0,0.0,1.0,0.0,0.0,0.0,1.0,0.0,0.0,0.0,1.0,0.0,0.0,0.0,0.0,0.0,0.0,0.0,1.0,0.0,0.0,0.0,0.0,0.0,0.0,0.0,1.0,0.0,0.0,0.0,0.0,0.0,0.0,0.0,0.0,0.0,0.0,0.0,1.0,0.0,0.0,0.0,1.0,0.0,0.0,0.0,1.0,0.0,0.0,0.0,0.0,0.0,0.0,0.0,1.0,20.0,0.0,0.0,0.0,0.0,0.0,0.0,0.0,0.0,0.0,0.0,0.0,0.0,0.0,4,1,4,25769803776,6050185216,76.5,8963719168,131907584,5948489728,5880070144,3015229440,1073741824,121634816,952107008,11.3,248768593920,4901421056,494384795648,17738448896,25100161024,41.4,13.888253030000577,1055.5072302800438,227545.13764352945,10710874.69336328,1.9840361471429395,23.808433765715275,28443.14220544118,1966640.1182047904,255.9406629814392,1436.4421705314883,0.0,0.0,0.0,0.0,0,rest
1768232474.119223,2026-01-12 16:41:14,0.0,0.0,0.0,0.0,0.0,0.0,0.0,1.0,0.0,0.0,0.0,1.0,0.0,0.0,0.0,1.0,0.0,0.0,0.0,0.0,0.0,0.0,0.0,1.0,0.0,0.0,0.0,1.0,0.0,0.0,0.0,1.0,0.0,0.0,0.0,1.0,0.0,0.0,0.0,1.0,0.0,0.0,0.0,0.0,0.0,0.0,0.0,1.0,0.0,0.0,0.0,0.0,0.0,0.0,0.0,1.0,16.7,33.3,0.0,0.0,0.0,0.0,0.0,0.0,0.0,0.0,0.0,0.0,0.0,0.0,4,1,4,25769803776,6071304192,76.4,8941797376,174522368,5912100864,5857050624,3029696512,1073741824,121634816,952107008,11.3,248768954368,4901421056,494384795648,17738448896,25100423168,41.4,235.62815931173765,956.3731172064646,2911619.543312395,8191464.453330136,120.7841825043361,19.80068565644854,32441.44337952529,3777400.563503476,332.6515190283355,2696.8533864082915,0.0,0.0,0.0,0.0,0,rest
1768232474.621997,2026-01-12 16:41:14,0.0,0.0,0.0,0.0,0.0,0.0,0.0,1.0,0.0,0.0,0.0,1.0,0.0,0.0,0.0,0.0,0.0,0.0,0.0,0.0,0.0,0.0,0.0,1.0,0.0,0.0,0.0,0.0,0.0,0.0,0.0,0.0,0.0,0.0,0.0,0.0,0.0,0.0,0.0,1.0,0.0,0.0,0.0,1.0,0.0,0.0,0.0,0.0,0.0,0.0,0.0,1.0,0.0,0.0,0.0,0.0,50.0,40.0,33.3,0.0,0.0,0.0,0.0,0.0,0.0,0.0,0.0,0.0,0.0,0.0,4,1,4,25769803776,6071304192,76.4,8941797376,174522368,5912100864,5857050624,3029696512,1073741824,121634816,952107008,11.3,248768954368,4901421056,494384795648,17738448896,25100296192,41.4,0.0,308.2896091449729,0.0,2672150.90587717,0.0,7.955860881160591,38697.307325965114,4769952.303021595,375.9144266348379,3430.9650050005052,0.0,0.0,0.0,0.0,0,rest
1768232475.126658,2026-01-12 16:41:15,0.0,0.0,0.0,0.0,0.0,0.0,0.0,1.0,0.0,0.0,0.0,0.0,0.0,0.0,0.0,1.0,0.0,0.0,0.0,1.0,0.0,0.0,0.0,0.0,0.0,0.0,0.0,1.0,0.0,0.0,0.0,1.0,0.0,0.0,0.0,1.0,0.0,0.0,0.0,0.0,0.0,0.0,0.0,0.0,0.0,0.0,0.0,1.0,0.0,0.0,0.0,0.0,0.0,0.0,0.0,0.0,20.0,25.0,28.6,0.0,0.0,0.0,0.0,0.0,0.0,0.0,0.0,0.0,0.0,0.0,4,1,4,25769803776,5805359104,77.5,9208905728,64323584,5683609600,5700648960,3525296128,1073741824,121634816,952107008,11.3,248768970752,4901421056,494384795648,17738448896,25100308480,41.4,9.907644017742705,1.9815288035485408,389584.4150080715,8116.341979334823,5.9445864106456225,0.0,50727.13737084265,4323981.1894906275,348.74906942454317,3099.1110487499177,0.0,0.0,0.0,0.0,0,rest
1768232475.630858,2026-01-12 16:41:15,0.0,0.0,0.0,0.0,0.0,0.0,0.0,0.0,0.0,0.0,0.0,0.0,0.0,0.0,0.0,0.0,0.0,0.0,0.0,0.0,0.0,0.0,0.0,1.0,0.0,0.0,0.0,0.0,0.0,0.0,0.0,1.0,0.0,0.0,0.0,1.0,0.0,0.0,0.0,0.0,0.0,0.0,0.0,0.0,0.0,0.0,0.0,0.0,0.0,0.0,0.0,1.0,0.0,0.0,0.0,1.0,33.3,20.0,28.6,20.0,0.0,0.0,0.0,0.0,0.0,0.0,0.0,0.0,0.0,0.0,4,1,4,25769803776,5817909248,77.4,9190637568,72876032,5812600832,5706448896,3378036736,1073741824,121634816,952107008,11.3,248768987136,4901519360,494384795648,17738448896,25100238848,41.4,49.583500412338374,11.90004009896121,227465.29981161054,292455.3854720707,9.916700082467674,1.983340016493535,46711.624068455734,4401047.363319286,466.08490387598073,3161.4439862906947,0.0,0.0,0.0,0.0,0,rest
1768232476.132053,2026-01-12 16:41:16,0.0,0.0,0.0,0.0,1.0,0.0,0.0,0.0,0.0,0.0,0.0,1.0,0.0,0.0,0.0,1.0,0.0,0.0,0.0,0.0,0.0,0.0,0.0,1.0,0.0,0.0,0.0,0.0,0.0,0.0,0.0,1.0,0.0,0.0,0.0,1.0,0.0,0.0,0.0,0.0,1.0,0.0,0.0,1.0,0.0,0.0,0.0,1.0,0.0,0.0,0.0,0.0,0.0,0.0,0.0,0.0,40.0,20.0,33.3,0.0,0.0,0.0,0.0,0.0,0.0,0.0,0.0,0.0,40.0,0.0,4,1,4,25769803776,5577490432,78.4,9390325760,70008832,5530599424,5482184704,3859726336,1073741824,121634816,952107008,11.3,248770674688,4901683200,494384795648,17738448896,25100337152,41.4,389.07015817985655,630.4931794094086,5933212.16973747,4968860.880441298,77.81403163597132,13.966621062866645,28603.63993675089,4582711.741295161,395.05585292108515,3262.2036339695665,0.0,0.0,0.0,0.0,0,rest
1768232476.637367,2026-01-12 16:41:16,0.0,0.0,0.0,0.0,0.0,0.0,0.0,1.0,0.0,0.0,0.0,1.0,0.0,0.0,0.0,1.0,0.0,0.0,0.0,1.0,0.0,0.0,0.0,1.0,0.0,0.0,0.0,1.0,0.0,0.0,0.0,1.0,0.0,0.0,0.0,1.0,0.0,0.0,0.0,0.0,0.0,0.0,0.0,0.0,0.0,0.0,0.0,1.0,0.0,0.0,0.0,0.0,0.0,0.0,0.0,1.0,28.6,20.0,28.6,0.0,0.0,0.0,0.0,0.0,0.0,0.0,14.3,0.0,0.0,100.0,4,1,4,25769803776,5614485504,78.2,9388605440,68878336,5567250432,5521162240,3821355008,1073741824,121634816,952107008,11.3,248771215360,4901683200,494384795648,17738448896,25104674816,41.4,21.768638051259742,376.00374815812285,202646.23058627252,4150194.802406861,3.957934191138135,11.873802573414405,30396.934587940876,4028607.0640550978,413.6041229739351,2891.270926626408,0.0,0.0,0.0,0.0,0,[Disk_HighStress]DiskSim(d5000.0-s1000MB)
1768232477.1381602,2026-01-12 16:41:17,0.0,0.0,0.0,0.0,0.0,0.0,0.0,0.0,0.0,0.0,0.0,0.0,1.0,0.0,0.0,0.0,0.0,0.0,0.0,1.0,0.0,0.0,0.0,1.0,0.0,0.0,0.0,1.0,0.0,0.0,0.0,1.0,0.0,0.0,0.0,1.0,0.0,0.0,0.0,1.0,0.0,0.0,0.0,0.0,1.0,0.0,0.0,0.0,0.0,0.0,0.0,0.0,0.0,0.0,0.0,0.0,66.7,60.0,50.0,40.0,20.0,16.7,16.7,0.0,0.0,40.0,60.0,33.3,50.0,50.0,4,1,4,25769803776,5794037760,77.5,8976269312,61095936,5755961344,5283250176,3220307968,1073741824,121634816,952107008,11.3,248771215360,4902305792,494384795648,17738448896,24740212736,41.8,3658.1965008933676,4528.8153187915705,20283980.737879314,750507287.3015345,1507.6082741127143,233.62936168369214,24537.073473241104,3138700.648452091,253.59768319511883,2232.4583449775027,0.0,0.0,0.0,0.0,0,[Disk_HighStress]DiskSim(d5000.0-s1000MB)
1768232477.643163,2026-01-12 16:41:17,0.0,0.0,0.0,0.0,0.0,0.0,0.0,0.0,0.0,0.0,0.0,0.0,1.0,0.0,0.0,0.0,0.0,0.0,0.0,1.0,0.0,0.0,0.0,1.0,0.0,0.0,0.0,1.0,0.0,0.0,0.0,1.0,0.0,0.0,0.0,1.0,0.0,0.0,0.0,1.0,0.0,0.0,0.0,0.0,0.0,0.0,0.0,0.0,0.0,0.0,0.0,1.0,0.0,0.0,0.0,1.0,50.0,40.0,33.3,20.0,28.6,0.0,0.0,0.0,0.0,66.7,33.3,0.0,66.7,40.0,4,1,4,25769803776,5793497088,77.5,8960262144,73940992,5739937792,5263114240,3220324352,1073741824,121634816,952107008,11.3,248771526656,4902305792,494384795648,17738448896,24053280768,42.4,5898.977929168821,6615.805727208133,504121592.4680608,1382291121.993263,6746.498088176627,3223.7449038895065,26360.25316988766,3696518.5791311697,354.4535244448536,2673.2528379919127,0.0,0.0,0.0,0.0,0,[Disk_HighStress]DiskSim(d5000.0-s1000MB)
1768232478.145538,2026-01-12 16:41:18,0.0,0.0,1.0,1.0,0.0,0.0,0.0,0.0,0.0,0.0,0.0,0.0,0.0,0.0,0.0,1.0,0.0,0.0,0.0,0.0,0.0,0.0,0.0,0.0,0.0,0.0,0.0,0.0,0.0,0.0,0.0,1.0,0.0,0.0,0.0,1.0,0.0,0.0,1.0,0.0,0.0,0.0,1.0,0.0,0.0,0.0,0.0,0.0,0.0,0.0,0.0,0.0,0.0,0.0,0.0,1.0,20.0,28.6,0.0,0.0,0.0,0.0,0.0,0.0,0.0,50.0,0.0,0.0,33.3,40.0,4,1,4,25769803776,6105284608,76.3,8370749440,617480192,5008834560,4971429888,3361914880,1073741824,121634816,952107008,11.3,249405538304,4904845312,494384795648,17738448896,24600051712,41.9,8822.092837881577,7524.257880684197,802037161.5537081,1045371502.171482,6869.368768846868,889.7733525570994,28536.444703039324,5087640.427056153,378.20343844708924,3628.7624646791774,0.0,0.0,0.0,0.0,0,[Disk_HighStress]DiskSim(d5000.0-s1000MB)
1768232478.647394,2026-01-12 16:41:18,0.0,0.0,0.0,0.0,1.0,0.0,0.0,0.0,0.0,0.0,0.0,0.0,0.0,0.0,0.0,0.0,0.0,0.0,0.0,1.0,0.0,0.0,0.0,0.0,0.0,0.0,0.0,1.0,0.0,0.0,0.0,0.0,0.0,0.0,0.0,0.0,0.0,0.0,0.0,0.0,0.0,0.0,0.0,1.0,0.0,0.0,0.0,0.0,0.0,0.0,0.0,1.0,0.0,0.0,0.0,0.0,33.3,20.0,0.0,0.0,0.0,0.0,0.0,0.0,0.0,40.0,25.0,0.0,50.0,40.0,4,1,4,25769803776,6105284608,76.3,8370765824,617480192,5008850944,4971429888,3361914880,1073741824,121634816,952107008,11.3,249405538304,4904845312,494384795648,17738448896,24053297152,42.4,8544.286169270705,6055.523709984532,1406147712.9160335,1110881668.0246127,12910.081644287522,3279.8262674019543,40808.53095771083,5141874.900671564,414.4616425392506,3702.2583261438826,0.0,0.0,0.0,0.0,0,[Disk_HighStress]DiskSim(d5000.0-s1000MB)
1768232479.151993,2026-01-12 16:41:19,0.0,0.0,0.0,0.0,0.0,0.0,0.0,0.0,0.0,0.0,1.0,0.0,0.0,0.0,0.0,0.0,0.0,0.0,0.0,1.0,0.0,0.0,0.0,1.0,0.0,0.0,0.0,1.0,0.0,0.0,0.0,0.0,0.0,0.0,0.0,1.0,0.0,0.0,0.0,1.0,0.0,0.0,0.0,0.0,0.0,0.0,0.0,1.0,0.0,0.0,0.0,1.0,0.0,0.0,0.0,0.0,60.0,66.7,60.0,60.0,0.0,0.0,0.0,0.0,0.0,0.0,0.0,0.0,0.0,16.7,4,1,4,25769803776,6201769984,75.9,8282619904,385728512,5318328320,5023268864,2964291584,1073741824,121634816,952107008,11.3,250103332864,4906074112,494384795648,17738448896,24318124032,42.2,3412.6101674413944,8367.038401241329,16047971.726495694,1584146671.8543215,2919.149115354921,3620.6961532609917,30440.007068466795,5383822.583509494,406.26311517159456,3844.636309428749,0.0,0.0,0.0,0.0,0,[Disk_HighStress]DiskSim(d5000.0-s1000MB)
1768232479.65451,2026-01-12 16:41:19,0.0,0.0,0.0,1.0,0.0,0.0,0.0,0.0,0.0,0.0,0.0,1.0,0.0,0.0,0.0,0.0,0.0,0.0,0.0,0.0,0.0,0.0,0.0,1.0,0.0,0.0,0.0,1.0,0.0,0.0,0.0,1.0,0.0,0.0,0.0,1.0,0.0,0.0,0.0,0.0,0.0,0.0,0.0,0.0,0.0,0.0,0.0,1.0,0.0,0.0,0.0,1.0,0.0,0.0,1.0,0.0,33.3,16.7,0.0,0.0,0.0,0.0,0.0,0.0,0.0,0.0,0.0,0.0,0.0,0.0,4,1,4,25769803776,6335791104,75.4,8151023616,871350272,5186715648,5164285952,2964307968,1073741824,121634816,952107008,11.3,250103889920,4906074112,494384795648,17738448896,24813707264,41.7,3788.926657332677,10614.566591498162,18274470.864112645,1158749800.4072783,965.1415067260234,1253.6889674997828,77434.1985767485,4670504.81941862,431.8261999165919,3375.0102998089396,0.0,0.0,0.0,0.0,0,[Disk_HighStress]DiskSim(d5000.0-s1000MB)
1768232480.1585221,2026-01-12 16:41:20,0.0,0.0,0.0,0.0,0.0,0.0,0.0,1.0,0.0,0.0,0.0,1.0,0.0,0.0,0.0,1.0,0.0,0.0,0.0,1.0,0.0,0.0,0.0,0.0,0.0,0.0,0.0,1.0,0.0,0.0,0.0,0.0,0.0,0.0,0.0,0.0,0.0,0.0,0.0,1.0,0.0,0.0,0.0,1.0,0.0,0.0,0.0,1.0,0.0,0.0,0.0,1.0,0.0,0.0,0.0,0.0,57.1,0.0,0.0,0.0,0.0,0.0,0.0,0.0,0.0,0.0,0.0,0.0,20.0,80.0,4,1,4,25769803776,6384140288,75.2,8107507712,1058783232,5205622784,5187371008,2901884928,1073741824,121634816,952107008,11.3,250104201216,4906074112,494384795648,17738448896,24975843328,41.5,1319.412747518898,9809.288155990123,5648118.2806270635,1797483167.3512144,341.26164296729394,1093.2277050870869,30475.45834870718,5514026.263892752,361.10243616306684,3938.397449360921,0.0,0.0,0.0,0.0,0,[Disk_HighStress]DiskSim(d5000.0-s1000MB)
1768232480.6624808,2026-01-12 16:41:20,0.0,0.0,0.0,1.0,0.0,0.0,0.0,1.0,1.0,0.0,0.0,1.0,0.0,0.0,0.0,0.0,0.0,0.0,0.0,1.0,0.0,0.0,0.0,1.0,0.0,0.0,0.0,1.0,0.0,0.0,0.0,1.0,0.0,0.0,0.0,1.0,0.0,0.0,0.0,1.0,0.0,0.0,0.0,1.0,0.0,0.0,0.0,0.0,0.0,0.0,0.0,1.0,0.0,0.0,0.0,0.0,20.0,80.0,20.0,16.7,0.0,0.0,0.0,0.0,0.0,0.0,0.0,0.0,0.0,16.7,4,1,4,25769803776,6367182848,75.3,8119599104,187105280,5217599488,6170181632,2901999616,1073741824,121634816,952107008,11.3,250104201216,4906074112,494384795648,17738448896,24053727232,42.4,2468.4562343051894,9879.777805953005,12215858.113969635,1867945313.9728446,757.9986185728154,1428.688495739338,44702.07560002195,6930853.630530676,494.08810477652105,4976.598260158694,0.0,0.0,0.0,0.0,0,[Disk_HighStress]DiskSim(d5000.0-s1000MB)
1768232481.165714,2026-01-12 16:41:21,0.0,0.0,0.0,1.0,0.0,0.0,0.0,0.0,0.0,0.0,0.0,1.0,0.0,0.0,0.0,1.0,0.0,0.0,0.0,0.0,0.0,0.0,0.0,1.0,0.0,0.0,0.0,1.0,0.0,0.0,0.0,1.0,0.0,0.0,0.0,1.0,0.0,0.0,1.0,0.0,0.0,0.0,0.0,0.0,0.0,0.0,0.0,1.0,0.0,0.0,0.0,1.0,0.0,0.0,0.0,0.0,40.0,0.0,0.0,0.0,0.0,0.0,0.0,0.0,0.0,20.0,0.0,0.0,20.0,50.0,4,1,4,25769803776,6365298688,75.3,8118992896,117161984,5221122048,5367644160,2897870848,1073741824,121634816,952107008,11.3,250104578048,4906074112,494384795648,17738448896,24053714944,42.4,2358.7474223165345,11000.864136431623,12249748.36556178,2121493629.561605,1355.236513917335,4318.077631587052,24418.103054275973,5266170.892038851,329.8669520678557,3735.8425896841495,0.0,0.0,0.0,0.0,0,[Disk_HighStress]DiskSim(d5000.0-s1000MB)
1768232481.6704,2026-01-12 16:41:21,0.0,0.0,0.0,0.0,0.0,0.0,0.0,0.0,1.0,0.0,0.0,1.0,0.0,0.0,0.0,0.0,0.0,0.0,0.0,1.0,0.0,0.0,0.0,0.0,0.0,0.0,0.0,0.0,0.0,0.0,0.0,0.0,0.0,0.0,0.0,0.0,0.0,0.0,0.0,0.0,0.0,0.0,0.0,1.0,0.0,0.0,0.0,1.0,0.0,0.0,0.0,1.0,0.0,0.0,0.0,1.0,83.3,80.0,100.0,80.0,0.0,0.0,0.0,0.0,0.0,20.0,0.0,0.0,25.0,0.0,4,1,4,25769803776,6282379264,75.6,8218836992,267583488,5147557888,5152489472,3071279104,1073741824,121634816,952107008,11.3,250104610816,4906074112,494384795648,17738448896,24262017024,42.2,2548.1196406283807,8234.825214970102,12125213.439916553,1688569884.5082185,622.1691813042858,3742.9222403942545,40579.69692073813,7491012.051568259,501.3019199681029,5335.992373415419,0.0,0.0,0.0,0.0,0,rest
1768232482.1719182,2026-01-12 16:41:22,0.0,0.0,0.0,0.0,0.0,0.0,0.0,0.0,0.0,0.0,0.0,1.0,1.0,0.0,0.0,0.0,0.0,0.0,0.0,1.0,0.0,0.0,0.0,1.0,0.0,0.0,0.0,1.0,0.0,0.0,0.0,1.0,0.0,0.0,0.0,1.0,0.0,0.0,0.0,0.0,0.0,0.0,0.0,0.0,0.0,0.0,0.0,0.0,0.0,0.0,0.0,1.0,0.0,0.0,0.0,1.0,57.1,40.0,33.3,20.0,0.0,0.0,0.0,0.0,0.0,0.0,0.0,0.0,0.0,0.0,4,1,4,25769803776,6294585344,75.6,8212348928,1119617024,5006147584,5160861696,3206201344,1073741824,121634816,952107008,11.3,250104610816,4906074112,494384795648,17738448896,25101967360,41.4,3058.7122233209097,6416.516254658857,12650993.271286225,450992800.8007911,887.3056971172131,5463.410359777896,59212.20220582643,8058984.900220582,524.4076367232068,5742.562713927132,0.0,0.0,0.0,0.0,0,rest
1768232482.6765492,2026-01-12 16:41:22,0.0,0.0,1.0,0.0,0.0,0.0,0.0,0.0,0.0,0.0,0.0,1.0,0.0,0.0,0.0,1.0,0.0,0.0,0.0,0.0,0.0,0.0,0.0,1.0,0.0,0.0,0.0,1.0,0.0,0.0,0.0,1.0,0.0,0.0,0.0,1.0,0.0,0.0,0.0,0.0,0.0,0.0,0.0,1.0,0.0,0.0,0.0,1.0,0.0,0.0,0.0,1.0,0.0,0.0,0.0,1.0,20.0,0.0,16.7,0.0,0.0,0.0,0.0,0.0,0.0,0.0,0.0,0.0,0.0,0.0,4,1,4,25769803776,6242320384,75.8,8262483968,1076150272,4949819392,5151801344,3312664576,1073741824,121634816,952107008,11.3,250104774656,4906074112,494384795648,17738448896,25101975552,41.4,1.9816458279787732,820.4013727832121,32467.28524560422,9585965.968764646,0.0,15.853166623830186,38554.90122915501,7842878.59214127,487.48487368277824,5592.204526556098,0.0,0.0,0.0,0.0,0,rest
1768232483.180086,2026-01-12 16:41:23,0.0,0.0,1.0,0.0,0.0,0.0,0.0,0.0,0.0,0.0,0.0,0.0,0.0,0.0,0.0,0.0,0.0,0.0,0.0,0.0,0.0,0.0,0.0,1.0,0.0,0.0,0.0,1.0,0.0,0.0,0.0,1.0,0.0,0.0,0.0,1.0,0.0,0.0,0.0,1.0,0.0,0.0,0.0,0.0,1.0,0.0,0.0,0.0,1.0,0.0,0.0,0.0,0.0,0.0,1.0,1.0,33.3,20.0,0.0,0.0,0.0,16.7,0.0,0.0,0.0,20.0,16.7,0.0,20.0,20.0,4,1,4,25769803776,6128484352,76.2,8389623808,1026162688,5093851136,5087461376,3295772672,1073741824,121634816,952107008,11.3,250105184256,4906074112,494384795648,17738448896,25102024704,41.4,79.43810233590564,567.9824317017253,1301513.868671478,5759198.86887129,17.873573025578768,11.915715350385845,93546.30931076247,7682999.056001319,484.5724242490244,5469.313345827103,0.0,0.0,0.0,0.0,0,rest
1768232483.68197,2026-01-12 16:41:23,0.0,0.0,1.0,1.0,0.0,0.0,0.0,1.0,0.0,0.0,0.0,1.0,0.0,0.0,0.0,0.0,0.0,0.0,0.0,1.0,0.0,0.0,0.0,0.0,0.0,0.0,0.0,0.0,0.0,0.0,0.0,1.0,0.0,0.0,0.0,1.0,0.0,0.0,0.0,1.0,1.0,0.0,0.0,1.0,0.0,0.0,0.0,0.0,0.0,0.0,0.0,1.0,0.0,0.0,0.0,1.0,40.0,20.0,0.0,0.0,0.0,0.0,0.0,0.0,0.0,20.0,0.0,0.0,33.3,20.0,4,1,4,25769803776,6107447296,76.3,8408842240,1004961792,5114380288,5086838784,3294461952,1073741824,121634816,952107008,11.3,250106675200,4906074112,494384795648,17738448896,25102295040,41.4,29.88738531173072,157.40689597511513,1158897.3129088376,807963.6195632037,7.969969416461526,5.977477062346144,87733.42333640848,5876099.051368753,482.1831496959223,4214.121328954032,0.0,0.0,0.0,0.0,0,rest
1768232484.186646,2026-01-12 16:41:24,0.0,0.0,0.0,0.0,0.0,0.0,0.0,1.0,0.0,0.0,0.0,1.0,1.0,0.0,0.0,1.0,0.0,0.0,0.0,1.0,0.0,0.0,0.0,0.0,0.0,0.0,0.0,1.0,0.0,0.0,0.0,0.0,0.0,0.0,0.0,1.0,0.0,0.0,0.0,1.0,0.0,0.0,0.0,0.0,0.0,0.0,0.0,0.0,0.0,0.0,0.0,1.0,0.0,0.0,0.0,1.0,40.0,40.0,25.0,20.0,0.0,0.0,0.0,0.0,0.0,20.0,0.0,0.0,0.0,16.7,4,1,4,25769803776,6086361088,76.4,8417771520,982810624,5117313024,5086953472,3300458496,1073741824,121634816,952107008,11.3,250106675200,4906074112,494384795648,17738448896,25101848576,41.4,11.88881335434023,935.2533172080982,146089.73849813276,10786292.359112136,9.907344461950192,19.814688923900384,97393.15899875517,5157779.378642409,473.5710652812192,3687.513608737862,0.0,0.0,0.0,0.0,0,rest
1768232484.6902668,2026-01-12 16:41:24,0.0,0.0,0.0,0.0,0.0,0.0,0.0,0.0,1.0,0.0,1.0,1.0,0.0,0.0,0.0,0.0,0.0,0.0,0.0,0.0,0.0,0.0,0.0,1.0,0.0,0.0,0.0,1.0,0.0,0.0,0.0,1.0,0.0,0.0,0.0,1.0,0.0,0.0,0.0,1.0,0.0,0.0,0.0,1.0,0.0,0.0,0.0,1.0,0.0,0.0,0.0,0.0,0.0,0.0,0.0,1.0,60.0,40.0,25.0,33.3,0.0,0.0,0.0,0.0,0.0,0.0,0.0,0.0,16.7,20.0,4,1,4,25769803776,6076301312,76.4,8504082432,907952128,5190402048,5151571968,3313680384,1073741824,121634816,952107008,11.3,250106724352,4906074112,494384795648,17738448896,25101848576,41.4,45.66927562289954,21.84182747182152,431054.4220184355,227726.8644625697,15.884965434052015,0.0,130129.6368357541,4131615.969535193,708.8665824945712,3127.3525698289905,0.0,0.0,0.0,0.0,0,rest
1768232485.193991,2026-01-12 16:41:25,1.0,0.0,0.0,0.0,0.0,0.0,0.0,0.0,1.0,0.0,0.0,0.0,0.0,0.0,0.0,0.0,0.0,0.0,0.0,1.0,0.0,0.0,0.0,1.0,0.0,0.0,0.0,0.0,0.0,0.0,0.0,1.0,0.0,0.0,0.0,0.0,0.0,0.0,0.0,1.0,0.0,0.0,0.0,1.0,0.0,0.0,0.0,0.0,0.0,0.0,0.0,1.0,0.0,0.0,0.0,0.0,40.0,50.0,33.3,16.7,0.0,0.0,0.0,0.0,0.0,0.0,0.0,0.0,20.0,0.0,4,1,4,25769803776,6164578304,76.1,8420196352,929202176,5319770112,5218795520,3100426240,1073741824,121634816,952107008,11.3,250106724352,4906074112,494384795648,17738448896,25102143488,41.4,3.9704274763202085,367.2645415596193,65051.4837720303,4033191.993865879,0.0,9.926068690800522,56920.04830052651,5537507.556094079,543.9485642558686,3972.4126900583688,0.0,0.0,0.0,0.0,0,rest
1768232485.697705,2026-01-12 16:41:25,1.0,0.0,1.0,1.0,0.0,0.0,0.0,1.0,1.0,0.0,0.0,0.0,0.0,0.0,0.0,0.0,0.0,0.0,0.0,1.0,0.0,0.0,0.0,1.0,0.0,0.0,0.0,1.0,0.0,0.0,0.0,1.0,0.0,0.0,0.0,1.0,0.0,0.0,0.0,1.0,0.0,0.0,0.0,1.0,0.0,0.0,0.0,1.0,0.0,0.0,0.0,1.0,0.0,0.0,0.0,1.0,40.0,40.0,33.3,28.6,0.0,0.0,0.0,0.0,0.0,20.0,20.0,0.0,50.0,66.7,4,1,4,25769803776,6097076224,76.3,8489943040,845791232,5269045248,5233278976,3220897792,1073741824,121634816,952107008,11.3,250108755968,4906074112,494384795648,17738448896,25102376960,41.4,168.74652227213133,160.80550945932515,4537431.193134949,967660.0573173098,23.82303843841854,5.955759609604635,46756.68344180279,5580308.523815159,538.0036180676186,4008.2262172639194,0.0,0.0,0.0,0.0,0,[CPU_SingleCore0]CPUSim(d5000.0-t99)
1768232486.202235,2026-01-12 16:41:26,0.0,0.0,1.0,0.0,0.0,0.0,0.0,0.0,0.0,0.0,0.0,0.0,0.0,0.0,0.0,0.0,0.0,0.0,0.0,1.0,1.0,0.0,0.0,0.0,0.0,0.0,0.0,1.0,0.0,0.0,0.0,1.0,0.0,0.0,0.0,1.0,0.0,0.0,0.0,1.0,0.0,0.0,0.0,1.0,0.0,0.0,0.0,0.0,0.0,0.0,0.0,1.0,0.0,0.0,0.0,1.0,40.0,20.0,33.3,20.0,0.0,100.0,0.0,0.0,0.0,0.0,0.0,0.0,0.0,0.0,4,1,4,25769803776,6086066176,76.4,8502788096,823312384,5284495360,5236736000,3218292736,1073741824,121634816,952107008,11.3,250109034496,4906074112,494384795648,17738448896,25102376960,41.4,503.4388909681346,0.0,11438892.707261104,0.0,59.46128633481905,0.0,38562.626231007984,5922407.544320067,416.2290043437333,4209.859072505189,0.0,0.0,0.0,0.0,0,[CPU_SingleCore0]CPUSim(d5000.0-t99)
1768232486.7038069,2026-01-12 16:41:26,1.0,0.0,0.0,1.0,1.0,0.0,0.0,0.0,1.0,0.0,0.0,0.0,0.0,0.0,0.0,0.0,0.0,0.0,0.0,1.0,0.0,0.0,0.0,0.0,1.0,0.0,0.0,0.0,0.0,0.0,0.0,0.0,0.0,0.0,0.0,0.0,0.0,0.0,0.0,1.0,0.0,0.0,0.0,0.0,0.0,0.0,0.0,0.0,0.0,0.0,0.0,1.0,0.0,0.0,0.0,0.0,75.0,66.7,60.0,50.0,16.7,0.0,100.0,0.0,0.0,0.0,0.0,0.0,0.0,0.0,4,1,4,25769803776,6142427136,76.2,8447115264,817152000,5369724928,5298814976,3077390336,1073741824,121634816,952107008,11.3,250109034496,4906074112,494384795648,17738448896,25102561280,41.4,61.805696032551474,677.8689242279839,302154.0917782336,5985917.547930952,17.94358917074075,15.949857040658445,36748.47062167706,4571101.428996385,478.49571121975333,3287.664282505722,0.0,0.0,0.0,0.0,0,[CPU_SingleCore0]CPUSim(d5000.0-t99)
1768232487.208812,2026-01-12 16:41:27,0.0,0.0,0.0,0.0,0.0,0.0,1.0,0.0,0.0,0.0,0.0,1.0,0.0,0.0,0.0,1.0,0.0,0.0,0.0,0.0,0.0,0.0,0.0,1.0,0.0,0.0,0.0,0.0,0.0,0.0,0.0,1.0,0.0,0.0,0.0,1.0,0.0,0.0,0.0,1.0,0.0,0.0,0.0,1.0,0.0,0.0,0.0,1.0,0.0,0.0,0.0,0.0,0.0,0.0,0.0,1.0,40.0,40.0,0.0,33.3,20.0,0.0,83.3,0.0,0.0,0.0,0.0,0.0,0.0,0.0,4,1,4,25769803776,6170755072,76.1,8426864640,841154560,5349507072,5303025664,3077357568,1073741824,121634816,952107008,11.3,250109034496,4906074112,494384795648,17738448896,25102557184,41.4,0.0,5.940533816145732,0.0,24332.426510932917,0.0,0.0,36498.63976639937,4716435.338702497,437.61932445606885,3344.520538490047,0.0,0.0,0.0,0.0,0,[CPU_SingleCore0]CPUSim(d5000.0-t99)
1768232487.713825,2026-01-12 16:41:27,0.0,0.0,0.0,0.0,0.0,0.0,0.0,0.0,1.0,0.0,0.0,1.0,0.0,0.0,0.0,1.0,0.0,0.0,0.0,0.0,0.0,0.0,0.0,0.0,0.0,0.0,0.0,1.0,0.0,0.0,0.0,0.0,0.0,0.0,0.0,1.0,0.0,0.0,0.0,1.0,0.0,0.0,0.0,0.0,0.0,0.0,0.0,0.0,0.0,0.0,0.0,1.0,0.0,0.0,0.0,0.0,20.0,20.0,25.0,0.0,16.7,100.0,0.0,0.0,0.0,0.0,0.0,0.0,0.0,0.0,4,1,4,25769803776,6170755072,76.1,8426864640,841154560,5349507072,5303025664,3077357568,1073741824,121634816,952107008,11.3,250109034496,4906074112,494384795648,17738448896,25102454784,41.4,15.841176709417244,469.29486001648587,259541.83920709213,4639310.375826772,1.9801470886771555,9.900735443385777,46636.42423252437,5415908.222829243,520.7786843220919,3869.207411275162,0.0,0.0,0.0,0.0,0,[CPU_SingleCore0]CPUSim(d5000.0-t99)
1768232488.218837,2026-01-12 16:41:28,0.0,0.0,0.0,0.0,0.0,0.0,0.0,1.0,0.0,0.0,0.0,1.0,0.0,0.0,0.0,1.0,0.0,0.0,0.0,0.0,0.0,0.0,0.0,0.0,0.0,0.0,0.0,1.0,0.0,0.0,0.0,0.0,0.0,0.0,0.0,1.0,0.0,0.0,0.0,0.0,0.0,0.0,0.0,1.0,0.0,0.0,0.0,1.0,0.0,0.0,0.0,0.0,0.0,0.0,0.0,1.0,16.7,0.0,0.0,0.0,100.0,0.0,0.0,16.7,0.0,0.0,0.0,0.0,0.0,0.0,4,1,4,25769803776,6156533760,76.1,8434499584,820002816,5356355584,5309841408,3078144000,1073741824,121634816,952107008,11.3,250109493248,4906074112,494384795648,17738448896,25102454784,41.4,5.940452484073546,136.63040713369156,291985.12049718294,1216604.6687382623,3.960301656049031,3.960301656049031,16221.39558317683,3878941.2188271596,261.37990929923603,2772.2111592343217,0.0,0.0,0.0,0.0,0,[CPU_SingleCore0]CPUSim(d5000.0-t99)
1768232488.722143,2026-01-12 16:41:28,1.0,0.0,0.0,0.0,1.0,0.0,0.0,0.0,1.0,0.0,0.0,0.0,0.0,0.0,0.0,0.0,0.0,0.0,0.0,0.0,1.0,0.0,0.0,0.0,0.0,0.0,0.0,0.0,0.0,0.0,0.0,0.0,0.0,0.0,0.0,1.0,0.0,0.0,0.0,0.0,0.0,0.0,0.0,0.0,0.0,0.0,0.0,1.0,0.0,0.0,0.0,0.0,0.0,0.0,0.0,0.0,100.0,100.0,100.0,100.0,0.0,100.0,0.0,0.0,0.0,0.0,0.0,0.0,0.0,0.0,4,1,4,25769803776,6161383424,76.1,8434155520,814579712,5346787328,5320114176,3087368192,1073741824,121634816,952107008,11.3,250110574592,4906074112,494384795648,17738448896,25102540800,41.4,0.0,137.0935614949754,0.0,960306.6215977315,0.0,3.9737264201442146,22380.027198252217,3749671.829670803,303.99007114103244,2682.265333597345,0.0,0.0,0.0,0.0,0,[CPU_SingleCore0]CPUSim(d5000.0-t99)
1768232489.223676,2026-01-12 16:41:29,0.0,0.0,0.0,0.0,0.0,0.0,0.0,1.0,0.0,0.0,1.0,1.0,0.0,0.0,0.0,1.0,0.0,0.0,0.0,1.0,1.0,0.0,0.0,0.0,0.0,0.0,0.0,1.0,0.0,0.0,0.0,1.0,0.0,0.0,0.0,1.0,0.0,0.0,0.0,0.0,0.0,0.0,0.0,1.0,0.0,0.0,0.0,0.0,0.0,0.0,0.0,0.0,0.0,0.0,0.0,1.0,20.0,0.0,0.0,0.0,0.0,100.0,0.0,0.0,0.0,0.0,0.0,0.0,0.0,0.0,4,1,4,25769803776,6215630848,75.9,8385265664,866205696,5290229760,5322539008,3095035904,1073741824,121634816,952107008,11.3,250110574592,4906074112,494384795648,17738448896,25102749696,41.4,1.9938866181589308,65.79825839924472,32667.83835191592,351179.26228309615,1.9938866181589308,1.9938866181589308,28584.358557926433,6249765.824700915,392.79566377730936,4432.409952167303,0.0,0.0,0.0,0.0,0,[CPU_SingleCore0]CPUSim(d5000.0-t99)
1768232489.725748,2026-01-12 16:41:29,0.0,0.0,0.0,1.0,0.0,0.0,0.0,1.0,0.0,0.0,0.0,1.0,0.0,0.0,0.0,0.0,0.0,0.0,0.0,1.0,0.0,0.0,0.0,0.0,0.0,0.0,0.0,1.0,0.0,0.0,0.0,1.0,0.0,0.0,0.0,1.0,0.0,0.0,0.0,1.0,0.0,0.0,0.0,1.0,0.0,0.0,0.0,0.0,0.0,0.0,0.0,0.0,0.0,0.0,0.0,1.0,20.0,16.7,0.0,0.0,0.0,100.0,0.0,0.0,0.0,0.0,0.0,0.0,0.0,0.0,4,1,4,25769803776,6210519040,75.9,8389935104,860602368,5332385792,5322637312,3057549312,1073741824,121634816,952107008,11.3,250110574592,4906074112,494384795648,17738448896,25102528512,41.4,3.9834916468131767,1011.8068782905468,65265.52714138709,11592789.25848888,0.0,21.909204057472472,36711.859017030234,4772541.672213931,410.2996396217572,3403.8936122018595,0.0,0.0,0.0,0.0,0,[CPU_SingleCore0]CPUSim(d5000.0-t99)
1768232490.227338,2026-01-12 16:41:30,0.0,0.0,0.0,0.0,0.0,0.0,0.0,0.0,0.0,0.0,0.0,1.0,0.0,0.0,0.0,1.0,0.0,0.0,0.0,0.0,1.0,0.0,0.0,0.0,0.0,0.0,0.0,1.0,0.0,0.0,0.0,1.0,0.0,0.0,0.0,0.0,0.0,0.0,0.0,1.0,0.0,0.0,0.0,1.0,0.0,0.0,0.0,1.0,0.0,0.0,0.0,1.0,0.0,0.0,0.0,1.0,16.7,0.0,16.7,0.0,66.7,20.0,16.7,16.7,0.0,0.0,0.0,0.0,0.0,0.0,4,1,4,25769803776,6131777536,76.2,8480407552,814809088,5274238976,5289230336,3206168576,1073741824,121634816,952107008,11.3,250111262720,4906074112,494384795648,17738448896,25102462976,41.4,29.90490160522212,29.90490160522212,849267.3070265959,555290.1622866204,5.980980321044424,1.993660107014808,30622.61924374745,5650894.004446195,416.67496236609486,4031.1807363839416,0.0,0.0,0.0,0.0,0,[CPU_SingleCore0]CPUSim(d5000.0-t99)
1768232490.7307599,2026-01-12 16:41:30,0.0,0.0,0.0,0.0,0.0,0.0,0.0,0.0,0.0,0.0,0.0,1.0,0.0,0.0,0.0,0.0,1.0,0.0,0.0,0.0,0.0,0.0,0.0,1.0,0.0,0.0,0.0,1.0,0.0,0.0,0.0,1.0,0.0,0.0,0.0,0.0,0.0,0.0,0.0,0.0,0.0,0.0,0.0,0.0,0.0,0.0,0.0,1.0,0.0,0.0,0.0,0.0,0.0,0.0,0.0,1.0,16.7,0.0,0.0,0.0,100.0,0.0,0.0,0.0,0.0,0.0,0.0,0.0,0.0,0.0,4,1,4,25769803776,6130188288,76.2,8482553856,813400064,5276368896,5289099264,3206184960,1073741824,121634816,952107008,11.3,250111262720,4906074112,494384795648,17738448896,25102393344,41.4,1.9864058983549167,305.9065083466572,32545.274238646954,3718297.5817654147,1.9864058983549167,5.95921769506475,20340.796399154347,2357498.302661989,258.23276678613917,1724.2003197720676,0.0,0.0,0.0,0.0,0,rest
1768232491.2343209,2026-01-12 16:41:31,1.0,0.0,0.0,1.0,0.0,0.0,1.0,1.0,0.0,0.0,1.0,1.0,0.0,0.0,0.0,0.0,0.0,0.0,0.0,0.0,0.0,0.0,0.0,1.0,0.0,0.0,0.0,1.0,0.0,0.0,0.0,0.0,0.0,0.0,0.0,0.0,0.0,0.0,0.0,0.0,0.0,0.0,0.0,1.0,0.0,0.0,0.0,0.0,0.0,0.0,0.0,0.0,0.0,0.0,0.0,1.0,20.0,20.0,0.0,0.0,0.0,0.0,0.0,0.0,0.0,0.0,0.0,0.0,0.0,0.0,4,1,4,25769803776,6131384320,76.2,8479555584,844529664,5314592768,5259051008,3164962816,1073741824,121634816,952107008,11.3,250111262720,4906074112,494384795648,17738448896,25102704640,41.4,9.929283249561571,214.47251819052994,146413.2390847351,1350255.4271147794,3.9717132998246285,7.943426599649257,26435.723723632727,6442182.519728345,375.3269068334274,4567.470294798322,0.0,0.0,0.0,0.0,0,rest
1768232491.734693,2026-01-12 16:41:31,0.0,0.0,0.0,0.0,0.0,0.0,0.0,1.0,0.0,0.0,0.0,0.0,0.0,0.0,0.0,1.0,0.0,0.0,0.0,0.0,0.0,0.0,0.0,1.0,0.0,0.0,0.0,0.0,0.0,0.0,0.0,0.0,0.0,0.0,0.0,1.0,0.0,0.0,0.0,0.0,0.0,0.0,0.0,1.0,0.0,0.0,0.0,1.0,0.0,0.0,0.0,1.0,0.0,0.0,0.0,1.0,83.3,75.0,80.0,60.0,0.0,0.0,0.0,0.0,0.0,20.0,0.0,33.3,50.0,40.0,4,1,4,25769803776,6257754112,75.7,8535375872,649461760,5273698304,5234671616,3261677568,1073741824,121634816,952107008,11.3,250112180224,4906074112,494384795648,17738448896,24716771328,41.8,187.8601676360703,5645.7975911904105,2423028.436219721,796930778.3099147,29.977686324904834,419.6876085486677,16371.81375824136,1213560.694829641,155.88396888950513,929.3082760720499,0.0,0.0,0.0,0.0,0,rest
1768232492.236489,2026-01-12 16:41:32,1.0,0.0,0.0,0.0,0.0,0.0,0.0,1.0,0.0,0.0,0.0,0.0,0.0,0.0,0.0,0.0,0.0,0.0,0.0,0.0,0.0,0.0,0.0,1.0,0.0,0.0,0.0,1.0,0.0,0.0,0.0,1.0,0.0,0.0,0.0,0.0,0.0,0.0,1.0,0.0,0.0,0.0,0.0,0.0,0.0,0.0,0.0,1.0,1.0,0.0,0.0,1.0,0.0,0.0,0.0,1.0,20.0,25.0,20.0,0.0,0.0,0.0,0.0,0.0,0.0,20.0,0.0,0.0,40.0,28.6,4,1,4,25769803776,6210027520,75.9,8587280384,511918080,5201395712,5250809856,3385884672,1073741824,121634816,952107008,11.3,250115538944,4906074112,494384795648,17738448896,24643391488,41.9,1309.2969864849135,6843.418343362546,13084775.29984392,175260892.36615646,169.39154315253828,135.51323452203061,6122.009653701148,2040.6698845670492,23.91410020977011,17.93557515732758,0.0,0.0,0.0,0.0,0,rest
1768232492.737661,2026-01-12 16:41:32,0.0,0.0,0.0,0.0,0.0,0.0,0.0,0.0,0.0,0.0,0.0,0.0,0.0,0.0,0.0,1.0,0.0,0.0,0.0,1.0,0.0,0.0,0.0,1.0,0.0,0.0,0.0,1.0,0.0,0.0,0.0,1.0,0.0,0.0,0.0,0.0,0.0,0.0,0.0,0.0,0.0,0.0,0.0,0.0,0.0,0.0,0.0,0.0,0.0,0.0,0.0,1.0,0.0,0.0,0.0,1.0,20.0,0.0,0.0,0.0,0.0,0.0,0.0,0.0,0.0,50.0,0.0,0.0,0.0,20.0,4,1,4,25769803776,6042910720,76.6,8883994624,123158528,5560860672,5344231424,3323133952,1073741824,121634816,952107008,11.3,250115768320,4906074112,494384795648,17738448896,24434987008,42.1,385.09746454323295,2986.999504773159,1724470.436871898,423721183.88447183,63.850356815458305,191.55107044637492,75598.82246950264,104203.78232282796,217.49027790265487,211.50430695120565,0.0,0.0,0.0,0.0,0,rest
1768232493.238013,2026-01-12 16:41:33,0.0,0.0,0.0,1.0,0.0,0.0,0.0,1.0,0.0,0.0,0.0,1.0,0.0,0.0,0.0,0.0,0.0,0.0,0.0,1.0,0.0,0.0,0.0,1.0,0.0,0.0,0.0,1.0,0.0,0.0,0.0,1.0,0.0,0.0,0.0,0.0,1.0,0.0,0.0,0.0,0.0,0.0,0.0,0.0,0.0,0.0,0.0,0.0,0.0,0.0,0.0,0.0,0.0,0.0,0.0,1.0,40.0,40.0,20.0,16.7,0.0,0.0,0.0,0.0,0.0,0.0,0.0,100.0,0.0,0.0,4,1,4,25769803776,6196543488,76.0,8767979520,60686336,5545000960,5423939584,3222978560,1073741824,121634816,952107008,11.3,250115768320,4906074112,494384795648,17738448896,24204619776,42.3,1466.9668321556596,2386.3193427709234,6008696.144509582,470061772.9071999,207.8536110956248,175.87613246552868,12279.351793956912,12279.351793956912,41.97044070200116,37.97325587323915,0.0,0.0,0.0,0.0,0,rest
1768232493.7390919,2026-01-12 16:41:33,0.0,0.0,0.0,0.0,0.0,0.0,0.0,0.0,0.0,0.0,0.0,0.0,0.0,0.0,0.0,0.0,0.0,0.0,0.0,0.0,0.0,0.0,0.0,1.0,0.0,0.0,0.0,1.0,0.0,0.0,0.0,0.0,0.0,0.0,0.0,1.0,0.0,0.0,0.0,1.0,0.0,0.0,0.0,0.0,0.0,0.0,0.0,1.0,0.0,0.0,0.0,1.0,0.0,0.0,0.0,0.0,0.0,16.7,0.0,0.0,0.0,0.0,0.0,0.0,0.0,0.0,0.0,0.0,0.0,100.0,4,1,4,25769803776,6251347968,75.7,8719990784,64094208,5481103360,5689573376,3238887424,1073741824,121634816,952107008,11.3,250116849664,4906074112,494384795648,17738448896,24148156416,42.3,71.84498093665202,2257.1298177598173,1152585.0808397294,123220336.94027008,7.982775659628002,73.84067485155902,71525.6699102669,30653.858532971528,119.74163489442003,81.82345051118702,0.0,0.0,0.0,0.0,0,rest
1768232494.244034,2026-01-12 16:41:34,0.0,0.0,1.0,0.0,0.0,0.0,0.0,1.0,0.0,0.0,0.0,0.0,0.0,0.0,0.0,0.0,0.0,0.0,0.0,1.0,0.0,0.0,0.0,1.0,0.0,0.0,0.0,1.0,0.0,0.0,0.0,0.0,0.0,0.0,0.0,1.0,0.0,0.0,0.0,0.0,0.0,0.0,0.0,1.0,0.0,0.0,0.0,0.0,0.0,0.0,0.0,0.0,0.0,0.0,0.0,0.0,20.0,33.3,16.7,25.0,0.0,0.0,0.0,0.0,0.0,33.3,0.0,20.0,16.7,0.0,4,1,4,25769803776,6224510976,75.8,8745910272,308002816,5507530752,5527404544,3238379520,1073741824,121634816,952107008,11.3,250117111808,4906074112,494384795648,17738448896,24414769152,42.1,295.08329127085045,33.66722115170777,2011731.3284514097,356920.07440266944,29.70637160444803,1.9804247736298688,188599.81204231965,8111.819872787943,176.2578048530583,110.90378732327265,0.0,0.0,0.0,0.0,0,rest
1768232494.745172,2026-01-12 16:41:34,0.0,0.0,0.0,1.0,0.0,0.0,0.0,0.0,0.0,0.0,0.0,0.0,0.0,0.0,0.0,1.0,0.0,0.0,0.0,1.0,0.0,0.0,0.0,1.0,0.0,0.0,0.0,1.0,0.0,0.0,0.0,0.0,0.0,0.0,0.0,1.0,0.0,0.0,0.0,0.0,0.0,0.0,0.0,0.0,0.0,0.0,0.0,0.0,0.0,0.0,0.0,1.0,0.0,0.0,0.0,0.0,33.3,16.7,0.0,0.0,0.0,0.0,0.0,0.0,0.0,0.0,0.0,0.0,16.7,0.0,4,1,4,25769803776,6234406912,75.8,8743567360,337330176,5494898688,5507776512,3248668672,1073741824,121634816,952107008,11.3,250117111808,4906074112,494384795648,17738448896,24414769152,42.1,5.986375346408649,0.0,49040.38683777965,0.0,5.986375346408649,0.0,16346.795612593218,18390.14506416737,83.80925484972109,87.80017174732686,0.0,0.0,0.0,0.0,0,rest
1768232495.245405,2026-01-12 16:41:35,0.0,0.0,0.0,0.0,1.0,0.0,1.0,0.0,0.0,0.0,0.0,1.0,0.0,0.0,0.0,0.0,0.0,0.0,0.0,1.0,0.0,0.0,0.0,1.0,0.0,0.0,0.0,1.0,0.0,0.0,0.0,0.0,0.0,0.0,0.0,1.0,0.0,0.0,0.0,0.0,0.0,0.0,0.0,1.0,0.0,0.0,0.0,1.0,0.0,0.0,0.0,1.0,0.0,0.0,0.0,1.0,83.3,80.0,60.0,60.0,0.0,0.0,0.0,0.0,0.0,14.3,0.0,16.7,20.0,0.0,4,1,4,25769803776,6218039296,75.9,8761589760,320700416,5508104192,5507301376,3253485568,1073741824,121634816,952107008,11.3,250117111808,4906074112,494384795648,17738448896,24419028992,42.1,125.9413277257976,2256.9485555940555,1703142.5571411483,14845180.07738895,19.990686940602796,35.98323649308503,4094.092685435452,4094.092685435452,13.993480858421956,3.9981373881205586,0.0,0.0,0.0,0.0,0,rest
1768232495.747114,2026-01-12 16:41:35,0.0,0.0,0.0,1.0,0.0,0.0,0.0,1.0,0.0,0.0,0.0,1.0,0.0,0.0,0.0,0.0,0.0,0.0,0.0,1.0,0.0,0.0,0.0,1.0,0.0,0.0,0.0,1.0,0.0,0.0,0.0,1.0,0.0,0.0,0.0,1.0,0.0,0.0,0.0,0.0,0.0,0.0,0.0,0.0,0.0,0.0,0.0,1.0,0.0,0.0,0.0,1.0,0.0,0.0,0.0,1.0,33.3,20.0,0.0,0.0,0.0,0.0,0.0,0.0,0.0,16.7,0.0,0.0,16.7,0.0,4,1,4,25769803776,6213812224,75.9,8766062592,315293696,5523390464,5508907008,3242672128,1073741824,121634816,952107008,11.3,250117111808,4906074112,494384795648,17738448896,24419028992,42.1,7.972749391727494,143.5094890510949,32656.381508515817,873558.2053527981,5.97956204379562,3.986374695863747,18369.214598540148,61230.71532846715,87.70024330900243,89.69343065693431,0.0,0.0,0.0,0.0,0,rest
1768232496.251043,2026-01-12 16:41:36,1.0,0.0,1.0,0.0,0.0,0.0,0.0,0.0,0.0,0.0,1.0,0.0,0.0,0.0,0.0,0.0,0.0,0.0,0.0,1.0,0.0,0.0,0.0,0.0,0.0,0.0,0.0,1.0,0.0,0.0,0.0,0.0,0.0,0.0,0.0,1.0,0.0,0.0,0.0,0.0,0.0,0.0,0.0,1.0,0.0,0.0,0.0,0.0,0.0,0.0,0.0,1.0,0.0,0.0,0.0,1.0,25.0,33.3,0.0,16.7,0.0,0.0,0.0,0.0,0.0,0.0,0.0,0.0,0.0,0.0,4,1,4,25769803776,6161055744,76.1,8824176640,255115264,5540364288,5517508608,3283812352,1073741824,121634816,952107008,11.3,250117210112,4906074112,494384795648,17738448896,24418820096,42.1,47.625743743470956,428.6316936912386,512071.9967297997,6120479.5799609395,7.937623957245159,11.906435935867739,335285.23595403554,2137697.383173608,456.4133775415966,1537.9146417162497,0.0,0.0,0.0,0.0,0,rest
1768232496.752655,2026-01-12 16:41:36,0.0,0.0,1.0,0.0,1.0,0.0,0.0,1.0,0.0,0.0,0.0,1.0,0.0,0.0,0.0,0.0,0.0,0.0,0.0,1.0,0.0,0.0,0.0,0.0,0.0,0.0,0.0,1.0,0.0,0.0,0.0,0.0,0.0,0.0,0.0,1.0,0.0,0.0,0.0,0.0,0.0,0.0,0.0,1.0,0.0,0.0,0.0,1.0,0.0,0.0,0.0,0.0,0.0,0.0,0.0,1.0,20.0,0.0,20.0,0.0,0.0,0.0,0.0,0.0,0.0,16.7,66.7,20.0,0.0,40.0,4,1,4,25769803776,6163103744,76.1,8825798656,255426560,5578653696,5517000704,3247144960,1073741824,121634816,952107008,11.3,250117439488,4906074112,494384795648,17738448896,24418746368,42.1,109.6465110486983,358.8431270684672,1404496.0507625553,2229229.1968498696,15.948583425265209,11.961437568948906,347041.1753337709,3068252.273686222,689.7762331427202,2557.7540668269075,0.0,0.0,0.0,0.0,0,[Disk_HighStress]DiskSim(d5000.0-s1000MB)
1768232497.256935,2026-01-12 16:41:37,0.0,0.0,0.0,0.0,0.0,0.0,0.0,1.0,1.0,0.0,0.0,0.0,0.0,0.0,1.0,0.0,0.0,0.0,0.0,0.0,0.0,0.0,0.0,1.0,0.0,0.0,0.0,0.0,0.0,0.0,0.0,1.0,0.0,0.0,0.0,1.0,0.0,0.0,0.0,0.0,0.0,0.0,0.0,0.0,0.0,0.0,1.0,0.0,0.0,0.0,0.0,0.0,0.0,0.0,0.0,1.0,33.3,20.0,0.0,0.0,0.0,0.0,0.0,0.0,0.0,20.0,0.0,0.0,0.0,0.0,4,1,4,25769803776,6340001792,75.4,8653848576,66469888,5434720256,5511315456,3219128320,1073741824,121634816,952107008,11.3,250117439488,4916527104,494384795648,17738448896,23441186816,43.1,2326.0893639695087,7501.786925743097,9787581.203714428,1960927679.834637,973.6657098968702,1663.7587181333486,42642.98864688859,3035774.667957069,428.33359131919343,2296.3439756834537,0.0,0.0,0.0,0.0,0,[Disk_HighStress]DiskSim(d5000.0-s1000MB)
1768232497.759735,2026-01-12 16:41:37,0.0,0.0,0.0,1.0,0.0,0.0,0.0,1.0,0.0,0.0,0.0,0.0,0.0,0.0,0.0,1.0,0.0,0.0,0.0,0.0,0.0,0.0,0.0,1.0,0.0,0.0,0.0,1.0,0.0,0.0,0.0,1.0,0.0,0.0,0.0,0.0,0.0,0.0,0.0,0.0,1.0,0.0,0.0,0.0,0.0,0.0,0.0,1.0,0.0,0.0,0.0,1.0,0.0,0.0,0.0,0.0,40.0,66.7,33.3,33.3,0.0,0.0,0.0,0.0,0.0,57.1,50.0,20.0,20.0,33.3,4,1,4,25769803776,6397722624,75.2,8512061440,1090895872,5311086592,5279039488,3200974848,1073741824,121634816,952107008,11.3,250887569408,4917624832,494384795648,17738448896,23343800320,43.2,8498.405086640078,5352.02623172208,1549147560.789444,223275890.00082603,16424.01806821291,240.65223858728046,28512.318118902916,3364453.538030544,338.10645090774943,2442.3218924395073,0.0,0.0,0.0,0.0,0,[Disk_HighStress]DiskSim(d5000.0-s1000MB)
1768232498.265182,2026-01-12 16:41:38,0.0,0.0,0.0,0.0,0.0,0.0,0.0,0.0,1.0,0.0,0.0,0.0,0.0,0.0,0.0,0.0,0.0,0.0,0.0,1.0,0.0,0.0,0.0,0.0,0.0,0.0,0.0,0.0,0.0,0.0,0.0,0.0,0.0,0.0,0.0,1.0,0.0,0.0,0.0,1.0,0.0,0.0,0.0,0.0,0.0,0.0,0.0,0.0,0.0,0.0,0.0,1.0,0.0,0.0,0.0,1.0,100.0,100.0,100.0,100.0,0.0,0.0,0.0,0.0,0.0,50.0,66.7,40.0,50.0,0.0,4,1,4,25769803776,6384697344,75.2,8531689472,91373568,5453086720,6180093952,3078602752,1073741824,121634816,952107008,11.3,250888749056,4917624832,494384795648,17738448896,23360827392,43.2,1669.8093941598058,14634.573564692042,11199340.382532436,2106578097.7713978,1175.197606790195,4663.19993132069,32414.878097054807,2676253.3728880878,425.3661371378652,1917.1152878446112,0.0,0.0,0.0,0.0,0,[Disk_HighStress]DiskSim(d5000.0-s1000MB)
1768232498.765346,2026-01-12 16:41:38,0.0,0.0,0.0,0.0,0.0,0.0,0.0,1.0,1.0,0.0,0.0,0.0,0.0,0.0,0.0,0.0,0.0,0.0,0.0,1.0,0.0,0.0,0.0,0.0,0.0,0.0,0.0,1.0,0.0,0.0,0.0,0.0,0.0,0.0,0.0,1.0,0.0,0.0,0.0,0.0,0.0,0.0,0.0,1.0,0.0,0.0,0.0,1.0,0.0,0.0,0.0,1.0,0.0,0.0,1.0,0.0,33.3,20.0,0.0,0.0,0.0,0.0,0.0,0.0,0.0,16.7,75.0,0.0,0.0,20.0,4,1,4,25769803776,6436503552,75.0,8483323904,58621952,5403557888,5577342976,3079766016,1073741824,121634816,952107008,11.3,250897203200,4922130432,494384795648,17738448896,22306562048,44.3,3522.844281737406,12587.870373336384,49053987.15448271,2151365382.5427756,4236.610120886245,10684.494802272813,85987.79050451894,3787557.4388895244,575.811097128475,2779.0882812797927,0.0,0.0,0.0,0.0,0,[Disk_HighStress]DiskSim(d5000.0-s1000MB)
1768232499.2701828,2026-01-12 16:41:39,0.0,0.0,0.0,0.0,0.0,0.0,0.0,0.0,0.0,0.0,0.0,0.0,0.0,0.0,0.0,0.0,0.0,0.0,0.0,0.0,0.0,0.0,0.0,1.0,0.0,0.0,0.0,0.0,0.0,0.0,0.0,1.0,0.0,0.0,0.0,0.0,0.0,0.0,0.0,1.0,0.0,0.0,0.0,0.0,0.0,0.0,0.0,1.0,0.0,0.0,0.0,0.0,0.0,0.0,0.0,1.0,20.0,16.7,16.7,16.7,0.0,0.0,0.0,0.0,0.0,20.0,0.0,20.0,0.0,0.0,4,1,4,25769803776,6458392576,74.9,8452980736,426147840,5383471104,5323309056,3069509632,1073741824,121634816,952107008,11.3,250905149440,4922261504,494384795648,17738448896,22670389248,43.9,5477.01754808521,8979.139437783095,66019656.55218781,1381739404.0179594,2864.291998022139,5296.761274350761,32454.052624892618,1661241.8187366908,223.8347135383829,1198.4070946081563,0.0,0.0,0.0,0.0,0,[Disk_HighStress]DiskSim(d5000.0-s1000MB)
1768232499.77519,2026-01-12 16:41:39,0.0,0.0,0.0,0.0,0.0,0.0,0.0,1.0,0.0,0.0,0.0,0.0,0.0,0.0,0.0,0.0,0.0,0.0,0.0,1.0,0.0,0.0,0.0,0.0,0.0,0.0,0.0,1.0,0.0,0.0,0.0,0.0,0.0,0.0,0.0,1.0,0.0,0.0,0.0,1.0,0.0,0.0,0.0,1.0,0.0,0.0,1.0,1.0,0.0,0.0,0.0,1.0,0.0,0.0,0.0,1.0,60.0,40.0,20.0,33.3,0.0,0.0,0.0,0.0,0.0,0.0,0.0,25.0,20.0,0.0,4,1,4,25769803776,6384582656,75.2,8543928320,1108852736,5299159040,5258543104,3244769280,1073741824,121634816,952107008,11.3,251610300416,4923654144,494384795648,17738448896,23099781120,43.4,8797.893199455753,5601.899586149071,1434852762.2325327,750749497.6330371,17104.70435671816,1130.6767987596747,54747.72702645794,3376109.83329824,425.73644786922955,2449.4697023917997,0.0,0.0,0.0,0.0,0,[Disk_HighStress]DiskSim(d5000.0-s1000MB)
1768232500.276257,2026-01-12 16:41:40,0.0,0.0,0.0,0.0,0.0,0.0,0.0,0.0,0.0,0.0,0.0,0.0,0.0,0.0,0.0,0.0,0.0,0.0,0.0,1.0,0.0,0.0,0.0,0.0,0.0,0.0,0.0,1.0,0.0,0.0,0.0,0.0,0.0,0.0,0.0,1.0,0.0,0.0,0.0,1.0,0.0,0.0,0.0,0.0,0.0,0.0,0.0,1.0,0.0,0.0,0.0,0.0,0.0,0.0,0.0,0.0,40.0,28.6,0.0,16.7,0.0,0.0,0.0,0.0,0.0,16.7,0.0,0.0,0.0,0.0,4,1,4,25769803776,6341902336,75.4,8580677632,62259200,5243666432,5249056768,3337011200,1073741824,121634816,952107008,11.3,251610349568,4923654144,494384795648,17738448896,22358986752,44.2,3189.194748639982,9539.643866394941,31790851.210312773,2010409614.9159865,1955.8265667504272,6611.89124045323,22480.03106926205,3461924.784666356,327.3015887215001,2478.71081214697,0.0,0.0,0.0,0.0,0,[Disk_HighStress]DiskSim(d5000.0-s1000MB)
1768232500.779466,2026-01-12 16:41:40,0.0,0.0,0.0,0.0,0.0,0.0,0.0,0.0,0.0,0.0,0.0,0.0,0.0,0.0,0.0,0.0,0.0,0.0,0.0,1.0,0.0,0.0,0.0,0.0,0.0,0.0,0.0,1.0,0.0,0.0,0.0,1.0,0.0,0.0,0.0,1.0,0.0,0.0,0.0,0.0,0.0,0.0,0.0,1.0,0.0,0.0,0.0,0.0,0.0,0.0,0.0,0.0,0.0,0.0,0.0,0.0,50.0,20.0,20.0,16.7,0.0,0.0,0.0,0.0,0.0,20.0,20.0,16.7,0.0,0.0,4,1,4,25769803776,6341902336,75.4,8580677632,62259200,5243666432,5249056768,3337011200,1073741824,121634816,952107008,11.3,251610349568,4923654144,494384795648,17738448896,22743646208,43.8,4924.396448232289,9815.009708563066,56685295.86805716,1356352801.0312994,1377.1617185734367,4000.3268968085545,36628.924670628556,2336111.4178823098,463.0283988854412,1699.095626811383,0.0,0.0,0.0,0.0,0,[Disk_HighStress]DiskSim(d5000.0-s1000MB)
1768232501.281281,2026-01-12 16:41:41,0.0,0.0,0.0,0.0,0.0,0.0,1.0,0.0,0.0,0.0,0.0,0.0,0.0,0.0,0.0,1.0,0.0,0.0,0.0,0.0,0.0,0.0,0.0,1.0,0.0,0.0,0.0,0.0,0.0,0.0,0.0,1.0,0.0,0.0,0.0,0.0,0.0,0.0,0.0,0.0,0.0,0.0,0.0,0.0,0.0,0.0,0.0,1.0,0.0,0.0,0.0,1.0,0.0,0.0,0.0,0.0,50.0,0.0,33.3,0.0,0.0,0.0,0.0,0.0,0.0,0.0,33.3,0.0,0.0,0.0,4,1,4,25769803776,6437011456,75.0,8491286528,70221824,5289836544,6281920512,3201449984,1073741824,121634816,952107008,11.3,251611168768,4923654144,494384795648,17738448896,22304546816,44.3,3254.186777146142,4944.0522927737775,52059591.28717553,897387203.7150599,854.8965875050184,1452.726368977059,30608.88481136849,1826330.12707832,408.5170173392279,1315.2255192384898,0.0,0.0,0.0,0.0,0,[Disk_HighStress]DiskSim(d5000.0-s1000MB)
1768232501.7813199,2026-01-12 16:41:41,0.0,0.0,1.0,0.0,0.0,0.0,0.0,0.0,0.0,0.0,0.0,1.0,1.0,0.0,0.0,0.0,0.0,0.0,0.0,0.0,0.0,0.0,0.0,0.0,0.0,0.0,0.0,0.0,0.0,0.0,0.0,0.0,0.0,0.0,0.0,1.0,0.0,0.0,0.0,1.0,0.0,0.0,1.0,0.0,0.0,0.0,1.0,0.0,0.0,0.0,0.0,0.0,0.0,0.0,0.0,0.0,83.3,66.7,20.0,0.0,0.0,16.7,16.7,0.0,16.7,60.0,25.0,80.0,50.0,20.0,4,1,4,25769803776,6441156608,75.0,8487813120,65683456,5267505152,5520080896,3220307968,1073741824,121634816,952107008,11.3,251611791360,4923654144,494384795648,17738448896,23347871744,43.2,3329.741197674169,16560.71282759147,37917820.857971266,2173275179.3672347,1213.9056498427751,3021.765134946348,34813.29415562278,1255326.4304351038,361.9718659333481,935.9272555624692,0.0,0.0,0.0,0.0,0,rest
1768232502.2852108,2026-01-12 16:41:42,1.0,0.0,0.0,0.0,0.0,0.0,0.0,0.0,1.0,0.0,0.0,0.0,1.0,0.0,0.0,0.0,0.0,0.0,0.0,0.0,0.0,0.0,0.0,0.0,0.0,0.0,0.0,0.0,0.0,0.0,0.0,0.0,0.0,0.0,0.0,1.0,1.0,0.0,0.0,0.0,0.0,0.0,0.0,0.0,0.0,0.0,0.0,0.0,0.0,0.0,0.0,0.0,0.0,0.0,1.0,0.0,60.0,50.0,75.0,33.3,0.0,0.0,0.0,0.0,0.0,40.0,25.0,50.0,50.0,40.0,4,1,4,25769803776,6365216768,75.3,8565342208,991461376,5345296384,5245190144,3220045824,1073741824,121634816,952107008,11.3,251644985344,4923654144,494384795648,17738448896,24361193472,42.1,1605.505980680132,6130.294158616722,63119683.73073313,120118424.5317506,496.1390545983103,140.90349150592013,18289.67010871211,30482.783514520183,31.752899494291857,21.830118402325652,0.0,0.0,0.0,0.0,0,rest
1768232502.7853289,2026-01-12 16:41:42,0.0,0.0,0.0,0.0,0.0,0.0,0.0,1.0,0.0,0.0,0.0,0.0,0.0,0.0,0.0,1.0,0.0,0.0,0.0,1.0,0.0,0.0,0.0,1.0,0.0,0.0,0.0,1.0,0.0,0.0,0.0,1.0,0.0,0.0,0.0,0.0,0.0,0.0,0.0,0.0,0.0,0.0,1.0,1.0,0.0,0.0,0.0,0.0,0.0,0.0,0.0,0.0,0.0,0.0,0.0,0.0,33.3,40.0,16.7,0.0,0.0,0.0,0.0,0.0,0.0,50.0,0.0,33.3,0.0,20.0,4,1,4,25769803776,6320963584,75.5,8720187392,930037760,5358534656,5227921408,3361652736,1073741824,121634816,952107008,11.3,251648475136,4923654144,494384795648,17738448896,24331726848,42.2,531.8744593346736,1913.5483367792579,14848591.22177945,81261843.4100914,77.98159366185064,57.98631323573509,12285.100293805392,8190.066862536928,67.98395344879286,67.98395344879286,0.0,0.0,0.0,0.0,0,rest
1768232503.287018,2026-01-12 16:41:43,0.0,0.0,1.0,0.0,0.0,0.0,0.0,0.0,0.0,0.0,0.0,1.0,0.0,0.0,1.0,0.0,0.0,0.0,0.0,1.0,0.0,0.0,0.0,1.0,0.0,0.0,0.0,1.0,0.0,0.0,0.0,1.0,0.0,0.0,0.0,1.0,0.0,0.0,0.0,1.0,0.0,0.0,0.0,1.0,0.0,0.0,0.0,0.0,0.0,0.0,0.0,1.0,0.0,0.0,0.0,1.0,80.0,80.0,80.0,80.0,0.0,0.0,0.0,0.0,0.0,0.0,0.0,0.0,0.0,0.0,4,1,4,25769803776,6304432128,75.5,8733327360,921993216,5357502464,5219401728,3375824896,1073741824,121634816,952107008,11.3,251648475136,4923654144,494384795648,17738448896,24331874304,42.2,19.93265967664289,841.1582383543299,326576.6961421171,9870780.640895488,3.9865319353285775,17.9393937089786,16328.834807105854,8164.417403552927,37.872053385621484,21.925925644307178,0.0,0.0,0.0,0.0,0,rest
1768232503.79103,2026-01-12 16:41:43,0.0,0.0,0.0,1.0,0.0,0.0,0.0,1.0,0.0,0.0,0.0,1.0,0.0,0.0,0.0,1.0,0.0,0.0,0.0,0.0,0.0,0.0,0.0,1.0,0.0,0.0,0.0,1.0,0.0,0.0,0.0,0.0,0.0,0.0,0.0,1.0,0.0,0.0,0.0,1.0,0.0,0.0,0.0,0.0,0.0,0.0,0.0,0.0,0.0,0.0,0.0,1.0,0.0,0.0,0.0,1.0,40.0,60.0,33.3,40.0,0.0,0.0,0.0,0.0,0.0,0.0,0.0,0.0,0.0,0.0,4,1,4,25769803776,6364332032,75.3,8678899712,906919936,5468422144,5294129152,3210477568,1073741824,121634816,952107008,11.3,251649720320,4923654144,494384795648,17738448896,24331927552,42.2,29.761203871940072,190.47170478041645,446973.6005513773,1796021.1949428068,11.904481548776028,3.9681605162586764,4063.3963686488846,6095.094552973326,39.68160516258676,47.61792619510411,0.0,0.0,0.0,0.0,0,rest
1768232504.292711,2026-01-12 16:41:44,0.0,0.0,0.0,1.0,0.0,0.0,0.0,1.0,0.0,0.0,0.0,0.0,0.0,0.0,0.0,0.0,0.0,0.0,0.0,0.0,0.0,0.0,0.0,1.0,0.0,0.0,0.0,0.0,0.0,0.0,0.0,0.0,0.0,0.0,0.0,0.0,0.0,0.0,0.0,1.0,0.0,0.0,0.0,1.0,0.0,0.0,0.0,0.0,0.0,0.0,0.0,0.0,0.0,0.0,0.0,1.0,40.0,0.0,0.0,16.7,0.0,0.0,0.0,0.0,0.0,0.0,0.0,0.0,0.0,0.0,4,1,4,25769803776,6398984192,75.2,8641380352,939032576,5469929472,5296242688,3171450880,1073741824,121634816,952107008,11.3,251649753088,4923654144,494384795648,17738448896,24331935744,42.2,29.899472626928105,5.979894525385621,285759.22638642753,24493.647975979504,7.973192700514161,0.0,38781.609295300885,24493.647975979504,55.81234890359913,23.919578101542484,0.0,0.0,0.0,0.0,0,rest
1768232504.7945979,2026-01-12 16:41:44,0.0,0.0,0.0,0.0,0.0,0.0,0.0,0.0,0.0,0.0,0.0,0.0,0.0,0.0,0.0,1.0,0.0,0.0,0.0,1.0,0.0,0.0,0.0,0.0,0.0,0.0,0.0,0.0,0.0,0.0,0.0,1.0,0.0,0.0,0.0,0.0,0.0,0.0,0.0,1.0,0.0,0.0,0.0,1.0,0.0,0.0,0.0,1.0,0.0,0.0,0.0,0.0,0.0,0.0,0.0,1.0,50.0,33.3,50.0,40.0,0.0,0.0,0.0,0.0,0.0,0.0,0.0,0.0,0.0,0.0,4,1,4,25769803776,6369329152,75.3,8669626368,924057600,5464047616,5281251328,3205578752,1073741824,121634816,952107008,11.3,251649949696,4923654144,494384795648,17738448896,24331935744,42.2,19.92480995845261,0.0,130579.23454371502,0.0,3.984961991690522,0.0,48967.21295389313,12241.803238473283,103.60901178395356,103.60901178395356,0.0,0.0,0.0,0.0,0,rest
1768232505.298125,2026-01-12 16:41:45,0.0,0.0,1.0,0.0,1.0,0.0,0.0,0.0,0.0,0.0,0.0,0.0,0.0,0.0,0.0,0.0,0.0,0.0,0.0,1.0,0.0,0.0,0.0,1.0,0.0,0.0,0.0,1.0,0.0,0.0,0.0,1.0,0.0,0.0,0.0,1.0,0.0,0.0,0.0,0.0,0.0,0.0,0.0,1.0,0.0,0.0,0.0,1.0,0.0,0.0,0.0,1.0,0.0,0.0,0.0,1.0,83.3,60.0,66.7,57.1,0.0,0.0,0.0,0.0,0.0,0.0,0.0,0.0,0.0,0.0,4,1,4,25769803776,6358056960,75.3,8681078784,908820480,5466390528,5284036608,3214688256,1073741824,121634816,952107008,11.3,251649966080,4923654144,494384795648,17738448896,24331960320,42.2,125.11738084212381,428.9738771729959,1903500.0843089737,3920884.78904669,23.83188206516644,9.929950860486016,10168.26968113768,12201.923617365217,37.73381326984686,33.761832925652456,0.0,0.0,0.0,0.0,0,rest
1768232505.8028271,2026-01-12 16:41:45,0.0,0.0,0.0,0.0,0.0,0.0,0.0,0.0,0.0,0.0,0.0,1.0,0.0,0.0,0.0,0.0,0.0,0.0,0.0,1.0,0.0,0.0,0.0,1.0,0.0,0.0,0.0,0.0,0.0,0.0,0.0,0.0,0.0,0.0,0.0,0.0,0.0,0.0,0.0,1.0,0.0,0.0,0.0,0.0,0.0,0.0,0.0,1.0,0.0,0.0,0.0,0.0,0.0,0.0,0.0,0.0,20.0,16.7,0.0,16.7,0.0,0.0,0.0,0.0,0.0,0.0,0.0,0.0,0.0,0.0,4,1,4,25769803776,6359040000,75.3,8681439232,909295616,5471141888,5284167680,3210297344,1073741824,121634816,952107008,11.3,251649966080,4923654144,494384795648,17738448896,24331960320,42.2,17.832301780833436,9.906834322685242,219123.32428288128,64925.42941715001,3.962733729074097,0.0,14202.437685001563,6086.759007857813,49.53417161342621,41.60870415527802,0.0,0.0,0.0,0.0,0,rest
1768232506.3075762,2026-01-12 16:41:46,0.0,0.0,1.0,0.0,0.0,0.0,0.0,1.0,0.0,0.0,0.0,1.0,0.0,0.0,0.0,1.0,0.0,0.0,0.0,1.0,0.0,0.0,0.0,0.0,0.0,0.0,0.0,1.0,0.0,0.0,0.0,1.0,0.0,0.0,0.0,1.0,0.0,0.0,0.0,0.0,0.0,0.0,0.0,1.0,0.0,0.0,0.0,1.0,0.0,0.0,0.0,1.0,0.0,0.0,0.0,1.0,33.3,40.0,0.0,20.0,0.0,0.0,0.0,0.0,0.0,0.0,0.0,0.0,0.0,0.0,4,1,4,25769803776,6360350720,75.3,8680161280,909213696,5487493120,5285560320,3192668160,1073741824,121634816,952107008,11.3,251649966080,4923654144,494384795648,17738448896,24332009472,42.2,0.0,251.61017651273858,0.0,1833972.708323906,0.0,5.943547476678864,8114.923488158876,10143.654360198596,29.717737383394322,25.755372398941745,0.0,0.0,0.0,0.0,0,rest
1768232506.8112059,2026-01-12 16:41:46,0.0,0.0,0.0,0.0,0.0,0.0,0.0,0.0,0.0,0.0,0.0,1.0,0.0,0.0,0.0,1.0,0.0,0.0,0.0,1.0,0.0,0.0,0.0,1.0,0.0,0.0,0.0,1.0,0.0,0.0,0.0,0.0,0.0,0.0,0.0,1.0,0.0,0.0,0.0,1.0,0.0,0.0,0.0,0.0,0.0,0.0,0.0,1.0,0.0,0.0,0.0,1.0,0.0,0.0,0.0,1.0,33.3,33.3,20.0,20.0,0.0,0.0,0.0,0.0,0.0,0.0,0.0,0.0,0.0,0.0,4,1,4,25769803776,6383632384,75.2,8702541824,874823680,5509791744,5343199232,3192750080,1073741824,121634816,952107008,11.3,251649966080,4923654144,494384795648,17738448896,24332009472,42.2,0.0,0.0,0.0,0.0,0.0,0.0,4066.4799221350745,4066.4799221350745,33.75496029116029,33.75496029116029,0.0,0.0,0.0,0.0,0,rest
1768232507.313399,2026-01-12 16:41:47,0.0,0.0,0.0,0.0,0.0,0.0,1.0,1.0,0.0,0.0,1.0,1.0,0.0,0.0,0.0,0.0,0.0,0.0,0.0,1.0,0.0,0.0,0.0,1.0,0.0,0.0,0.0,0.0,0.0,0.0,0.0,0.0,0.0,0.0,0.0,0.0,0.0,0.0,0.0,1.0,0.0,0.0,0.0,0.0,0.0,0.0,0.0,1.0,0.0,0.0,0.0,1.0,0.0,0.0,0.0,1.0,20.0,25.0,20.0,0.0,0.0,0.0,0.0,0.0,0.0,0.0,0.0,0.0,0.0,0.0,4,1,4,25769803776,6390349824,75.2,8694431744,879853568,5522374656,5344854016,3172057088,1073741824,121634816,952107008,11.3,251649966080,4923654144,494384795648,17738448896,24332009472,42.2,0.0,0.0,0.0,0.0,0.0,0.0,6117.167503421794,6117.167503421794,47.79037112048277,45.79910565712932,0.0,0.0,0.0,0.0,0,rest
1768232507.818736,2026-01-12 16:41:47,0.0,0.0,1.0,0.0,0.0,0.0,1.0,1.0,0.0,0.0,0.0,0.0,0.0,0.0,0.0,0.0,0.0,0.0,0.0,1.0,0.0,0.0,0.0,1.0,0.0,0.0,0.0,1.0,0.0,0.0,0.0,1.0,0.0,0.0,0.0,1.0,0.0,0.0,0.0,1.0,0.0,0.0,0.0,1.0,0.0,0.0,0.0,0.0,0.0,0.0,0.0,0.0,0.0,0.0,0.0,1.0,80.0,80.0,66.7,66.7,100.0,100.0,83.3,80.0,80.0,100.0,100.0,85.7,85.7,100.0,4,1,4,25769803776,6259884032,75.7,8819048448,662683648,5638324224,5414584320,3180724224,1073741824,121634816,952107008,11.3,251666366464,4923654144,494384795648,17738448896,24332296192,42.2,1818.588387935667,178.09897161502724,35647910.213991076,956446.8861416432,193.92999131414078,5.936632387167575,22290.075736351853,12158.223128919193,98.94387311945958,98.94387311945958,0.0,0.0,0.0,0.0,0,[CPU_AllCores]CPUSim(d5000.0-t104)
1768232508.3237708,2026-01-12 16:41:48,0.0,0.0,1.0,0.0,0.0,0.0,1.0,0.0,0.0,0.0,0.0,0.0,0.0,0.0,1.0,0.0,0.0,0.0,0.0,0.0,0.0,0.0,0.0,0.0,0.0,0.0,0.0,0.0,0.0,0.0,0.0,0.0,0.0,0.0,1.0,0.0,0.0,0.0,0.0,0.0,1.0,0.0,1.0,0.0,0.0,0.0,1.0,0.0,0.0,0.0,1.0,0.0,0.0,0.0,0.0,0.0,100.0,100.0,100.0,100.0,100.0,100.0,100.0,100.0,100.0,100.0,100.0,100.0,100.0,100.0,4,1,4,25769803776,6116147200,76.3,8961114112,383205376,5767544832,5548261376,3193569280,1073741824,121634816,952107008,11.3,251666972672,4923654144,494384795648,17738448896,24331235328,42.2,625.6995990594207,683.1213977072789,13373940.83773874,9651297.511770224,233.6473186361128,13.860434156379572,10137.917554380487,12165.501065256585,21.780682245739328,21.780682245739328,0.0,0.0,0.0,0.0,0,[CPU_AllCores]CPUSim(d5000.0-t104)
1768232508.830553,2026-01-12 16:41:48,0.0,0.0,1.0,0.0,0.0,0.0,1.0,0.0,1.0,0.0,1.0,0.0,0.0,0.0,0.0,0.0,0.0,0.0,1.0,0.0,0.0,0.0,1.0,0.0,0.0,0.0,1.0,0.0,0.0,0.0,1.0,0.0,0.0,0.0,0.0,0.0,0.0,0.0,1.0,0.0,0.0,0.0,0.0,0.0,0.0,0.0,0.0,0.0,0.0,0.0,0.0,0.0,0.0,0.0,1.0,0.0,100.0,100.0,100.0,100.0,100.0,100.0,100.0,100.0,100.0,100.0,100.0,100.0,100.0,100.0,4,1,4,25769803776,6127353856,76.2,8951644160,378093568,5773033472,5564825600,3178610688,1073741824,121634816,952107008,11.3,251667152896,4923654144,494384795648,17738448896,24331202560,42.2,17.75910508049731,1154.341830232325,202059.15113810272,14184552.409894811,5.919701693499103,21.705572876163377,6061.774534143082,6061.774534143082,31.57174236532855,31.57174236532855,0.0,0.0,0.0,0.0,0,[CPU_AllCores]CPUSim(d5000.0-t104)
1768232509.335575,2026-01-12 16:41:49,0.0,0.0,1.0,0.0,0.0,0.0,1.0,0.0,1.0,0.0,0.0,0.0,0.0,0.0,1.0,0.0,0.0,0.0,1.0,0.0,0.0,0.0,0.0,0.0,0.0,0.0,1.0,0.0,0.0,0.0,1.0,0.0,0.0,0.0,1.0,0.0,1.0,0.0,1.0,0.0,0.0,0.0,0.0,0.0,0.0,0.0,0.0,0.0,0.0,0.0,0.0,0.0,0.0,0.0,1.0,0.0,100.0,100.0,100.0,100.0,100.0,100.0,100.0,100.0,100.0,100.0,100.0,100.0,100.0,100.0,4,1,4,25769803776,5958483968,76.9,9136488448,246300672,5614993408,5527093248,3521495040,1073741824,121634816,952107008,11.3,251674624000,4923654144,494384795648,17738448896,24331325440,42.2,89.10502045117212,508.88867235447185,7258930.590496909,10243608.196421895,37.62211974605045,11.880669393489615,0.0,0.0,7.9204462623264105,7.9204462623264105,0.0,0.0,0.0,0.0,0,[CPU_AllCores]CPUSim(d5000.0-t104)
1768232509.8379362,2026-01-12 16:41:49,0.0,0.0,0.0,0.0,0.0,0.0,0.0,0.0,0.0,0.0,0.0,0.0,0.0,0.0,1.0,0.0,0.0,0.0,1.0,0.0,0.0,0.0,1.0,0.0,0.0,0.0,1.0,0.0,0.0,0.0,1.0,0.0,1.0,0.0,1.0,0.0,1.0,0.0,0.0,0.0,0.0,0.0,1.0,0.0,0.0,0.0,1.0,0.0,0.0,0.0,1.0,0.0,0.0,0.0,1.0,0.0,100.0,100.0,100.0,100.0,100.0,100.0,100.0,100.0,100.0,100.0,100.0,100.0,100.0,100.0,4,1,4,25769803776,5952094208,76.9,9144401920,240386048,5635670016,5527339008,3508731904,1073741824,121634816,952107008,11.3,251675164672,4923654144,494384795648,17738448896,24335441920,42.2,9.953000752234754,408.0730308416249,97841.97859476853,3522311.229411667,21.89660165491646,7.962400601787803,22422.120094634454,6115.123662173033,61.708604663855475,49.76500376117377,0.0,0.0,0.0,0.0,0,[CPU_AllCores]CPUSim(d5000.0-t104)
1768232510.340214,2026-01-12 16:41:50,0.0,0.0,1.0,0.0,0.0,0.0,1.0,0.0,0.0,0.0,1.0,0.0,0.0,0.0,1.0,0.0,0.0,0.0,1.0,0.0,0.0,0.0,1.0,0.0,0.0,0.0,1.0,0.0,0.0,0.0,1.0,0.0,0.0,0.0,1.0,0.0,1.0,0.0,1.0,0.0,0.0,0.0,1.0,0.0,0.0,0.0,1.0,0.0,0.0,0.0,1.0,0.0,0.0,0.0,1.0,0.0,100.0,100.0,100.0,100.0,100.0,100.0,100.0,100.0,100.0,100.0,100.0,100.0,100.0,100.0,4,1,4,25769803776,6038011904,76.6,9056141312,235962368,5829853184,5617713152,3226288128,1073741824,121634816,952107008,11.3,251675721728,4923654144,494384795648,17738448896,24335642624,42.2,13.936509413273614,314.56692675674725,171251.82767030614,2650325.904421405,3.9818598323638894,3.9818598323638894,0.0,0.0,11.945579497091668,13.936509413273614,0.0,0.0,0.0,0.0,0,[CPU_AllCores]CPUSim(d5000.0-t104)
1768232510.845613,2026-01-12 16:41:50,0.0,0.0,0.0,0.0,1.0,0.0,0.0,0.0,1.0,0.0,0.0,0.0,0.0,0.0,1.0,0.0,0.0,0.0,0.0,0.0,0.0,0.0,1.0,0.0,0.0,0.0,0.0,0.0,0.0,0.0,0.0,0.0,0.0,0.0,0.0,0.0,1.0,0.0,0.0,0.0,0.0,0.0,0.0,0.0,0.0,0.0,1.0,0.0,0.0,0.0,0.0,0.0,0.0,0.0,1.0,0.0,100.0,100.0,100.0,100.0,100.0,100.0,100.0,100.0,100.0,100.0,100.0,100.0,100.0,100.0,4,1,4,25769803776,6040698880,76.6,9056813056,230064128,5864243200,5625315328,3192569856,1073741824,121634816,952107008,11.3,251675951104,4923654144,494384795648,17738448896,24335634432,42.2,59.35904239887121,136.5257975174038,850971.2318302178,786135.3284526773,11.871808479774243,3.9572694932580808,12156.731883288825,10130.609902740687,57.38040765224217,53.42313815898409,0.0,0.0,0.0,0.0,0,[CPU_AllCores]CPUSim(d5000.0-t104)
1768232511.347836,2026-01-12 16:41:51,0.0,0.0,0.0,0.0,0.0,0.0,1.0,0.0,0.0,0.0,1.0,0.0,0.0,0.0,1.0,0.0,0.0,0.0,1.0,0.0,0.0,0.0,0.0,0.0,0.0,0.0,1.0,0.0,0.0,0.0,1.0,0.0,0.0,0.0,1.0,0.0,0.0,0.0,0.0,0.0,0.0,0.0,1.0,0.0,0.0,0.0,0.0,0.0,0.0,0.0,1.0,0.0,0.0,0.0,1.0,0.0,100.0,100.0,100.0,100.0,100.0,100.0,100.0,100.0,100.0,100.0,100.0,100.0,100.0,100.0,4,1,4,25769803776,6141083648,76.2,8953233408,310542336,5861703680,5645303808,3091529728,1073741824,121634816,952107008,11.3,251675951104,4923654144,494384795648,17738448896,24335634432,42.2,0.0,0.0,0.0,0.0,0.0,0.0,6116.8045057242525,0.0,3.9822946000808934,0.0,0.0,0.0,0.0,0.0,0,[CPU_AllCores]CPUSim(d5000.0-t104)
1768232511.852801,2026-01-12 16:41:51,0.0,0.0,0.0,0.0,0.0,0.0,1.0,0.0,0.0,0.0,0.0,0.0,0.0,0.0,1.0,0.0,0.0,0.0,0.0,0.0,0.0,0.0,1.0,0.0,0.0,0.0,0.0,0.0,0.0,0.0,0.0,0.0,1.0,0.0,0.0,0.0,0.0,0.0,1.0,0.0,0.0,0.0,0.0,0.0,0.0,0.0,1.0,0.0,0.0,0.0,1.0,0.0,0.0,0.0,0.0,0.0,100.0,100.0,100.0,100.0,100.0,100.0,100.0,100.0,100.0,100.0,100.0,100.0,100.0,100.0,4,1,4,25769803776,6154764288,76.1,8938733568,320454656,5877334016,5648908288,3061399552,1073741824,121634816,952107008,11.3,251676033024,4923654144,494384795648,17738448896,24335634432,42.2,13.862345058515745,0.0,219009.20924448187,0.0,3.960670016718784,0.0,12167.178291360104,16222.90438848014,63.370720267500545,59.41005025078176,0.0,0.0,0.0,0.0,0,[CPU_AllCores]CPUSim(d5000.0-t104)
1768232512.361161,2026-01-12 16:41:52,0.0,0.0,0.0,0.0,0.0,0.0,0.0,0.0,0.0,0.0,0.0,0.0,0.0,0.0,1.0,0.0,0.0,0.0,0.0,0.0,0.0,0.0,1.0,0.0,1.0,0.0,0.0,0.0,0.0,0.0,1.0,0.0,0.0,0.0,1.0,0.0,0.0,0.0,1.0,0.0,0.0,0.0,1.0,0.0,0.0,0.0,1.0,0.0,0.0,0.0,1.0,0.0,0.0,0.0,0.0,0.0,100.0,100.0,100.0,100.0,100.0,100.0,100.0,100.0,100.0,100.0,100.0,100.0,100.0,100.0,4,1,4,25769803776,6169673728,76.1,8920743936,341704704,5753094144,5642567680,3167649792,1073741824,121634816,952107008,11.3,251676033024,4923654144,494384795648,17738448896,24335634432,42.2,0.0,0.0,0.0,0.0,0.0,0.0,0.0,8057.28368232862,0.0,7.868441096024043,0.0,0.0,0.0,0.0,0,[CPU_AllCores]CPUSim(d5000.0-t104)
1768232512.867305,2026-01-12 16:41:52,1.0,0.0,1.0,0.0,0.0,0.0,1.0,0.0,0.0,0.0,0.0,0.0,1.0,0.0,1.0,0.0,0.0,0.0,1.0,0.0,0.0,0.0,1.0,0.0,0.0,0.0,1.0,0.0,0.0,0.0,1.0,0.0,1.0,0.0,2.0,0.0,0.0,0.0,1.0,0.0,0.0,0.0,1.0,0.0,0.0,0.0,1.0,0.0,0.0,0.0,1.0,0.0,0.0,0.0,2.0,0.0,100.0,100.0,100.0,100.0,100.0,100.0,100.0,100.0,100.0,100.0,100.0,100.0,100.0,100.0,4,1,4,25769803776,6109315072,76.3,8981397504,292421632,5604278272,5631197184,3377119232,1073741824,121634816,952107008,11.3,251676065792,4923654144,494384795648,17738448896,24335646720,42.2,7.902888565854044,21.732943556098622,113295.81048008359,137573.4841543872,9.878610707317556,1.975722141463511,14161.976310010448,24277.673674303624,86.93177422439449,73.10171923414991,0.0,0.0,0.0,0.0,0,rest
1768232513.372322,2026-01-12 16:41:53,0.0,0.0,1.0,1.0,0.0,0.0,0.0,0.0,0.0,0.0,1.0,1.0,0.0,0.0,0.0,0.0,0.0,0.0,0.0,1.0,0.0,0.0,0.0,1.0,0.0,0.0,0.0,0.0,0.0,0.0,0.0,1.0,0.0,0.0,0.0,0.0,0.0,0.0,0.0,1.0,0.0,0.0,0.0,1.0,0.0,0.0,0.0,0.0,0.0,0.0,0.0,0.0,0.0,0.0,0.0,1.0,40.0,33.3,0.0,16.7,0.0,0.0,0.0,0.0,0.0,0.0,0.0,0.0,0.0,0.0,4,1,4,25769803776,6273794048,75.7,8823111680,766787584,5485658112,5323276288,3337453568,1073741824,121634816,952107008,11.3,251676082176,4923654144,494384795648,17738448896,24335642624,42.2,13.860918376259033,300.97994188448183,56774.321669157,3114477.0744223264,1.9801311966084332,7.920524786433733,143963.45851821953,24331.852143924425,142.56944615580719,71.28472307790359,0.0,0.0,0.0,0.0,0,rest
1768232513.875943,2026-01-12 16:41:53,0.0,0.0,0.0,0.0,0.0,0.0,0.0,0.0,0.0,0.0,0.0,1.0,0.0,0.0,0.0,0.0,0.0,0.0,0.0,0.0,0.0,0.0,0.0,0.0,0.0,0.0,0.0,1.0,0.0,0.0,0.0,0.0,0.0,0.0,0.0,0.0,0.0,0.0,0.0,0.0,0.0,0.0,0.0,1.0,0.0,0.0,0.0,0.0,0.0,0.0,1.0,0.0,1.0,0.0,0.0,1.0,25.0,20.0,20.0,0.0,0.0,0.0,0.0,0.0,0.0,20.0,0.0,0.0,0.0,75.0,4,1,4,25769803776,6307954688,75.5,8784592896,741638144,5584650240,5381963776,3199942656,1073741824,121634816,952107008,11.3,251676426240,4923654144,494384795648,17738448896,24335597568,42.2,9.92810339628251,0.0,390388.91050726234,0.0,5.956862037769506,0.0,20332.75575558658,687247.1445388264,206.5045506426762,542.074445437025,0.0,0.0,0.0,0.0,0,rest
1768232514.376786,2026-01-12 16:41:54,1.0,0.0,0.0,0.0,0.0,0.0,0.0,0.0,0.0,0.0,0.0,0.0,0.0,0.0,0.0,0.0,0.0,0.0,0.0,0.0,0.0,0.0,0.0,0.0,0.0,0.0,0.0,1.0,0.0,0.0,0.0,0.0,0.0,0.0,0.0,1.0,0.0,0.0,0.0,0.0,0.0,0.0,1.0,1.0,0.0,0.0,0.0,1.0,0.0,0.0,0.0,0.0,0.0,0.0,0.0,0.0,40.0,33.3,20.0,28.6,28.6,16.7,0.0,16.7,0.0,50.0,80.0,50.0,25.0,20.0,4,1,4,25769803776,6359449600,75.3,8742797312,784400384,5590908928,5390090240,3151888384,1073741824,121634816,952107008,11.3,251676950528,4923654144,494384795648,17738448896,24334172160,42.2,21.96296832275902,363.3872940674674,1602929.3070003733,4825144.342501123,5.989900451661551,7.986533935548734,14311.868812503331,34757.39568750809,35.93940270996931,43.92593664551804,0.0,0.0,0.0,0.0,0,rest
1768232514.877472,2026-01-12 16:41:54,0.0,0.0,0.0,0.0,0.0,0.0,0.0,1.0,0.0,0.0,0.0,0.0,0.0,0.0,0.0,1.0,0.0,0.0,0.0,0.0,0.0,0.0,0.0,1.0,0.0,0.0,0.0,1.0,0.0,0.0,0.0,1.0,0.0,0.0,0.0,1.0,0.0,0.0,0.0,0.0,0.0,0.0,0.0,0.0,0.0,0.0,0.0,1.0,0.0,0.0,0.0,0.0,0.0,0.0,0.0,0.0,40.0,40.0,33.3,20.0,0.0,0.0,0.0,0.0,0.0,0.0,0.0,0.0,0.0,0.0,4,1,4,25769803776,6313590784,75.5,8790769664,773898240,5563727872,5354094592,3227041792,1073741824,121634816,952107008,11.3,251677048832,4923654144,494384795648,17738448896,24334229504,42.2,39.945200756751454,842.8437359674557,605377.5065087196,10823168.12312211,7.989040151350291,21.9698604162133,77717.38259233563,12271.165672474046,121.83286230809193,73.89862139999019,0.0,0.0,0.0,0.0,0,rest
1768232515.38164,2026-01-12 16:41:55,0.0,0.0,0.0,0.0,0.0,0.0,0.0,0.0,0.0,0.0,0.0,1.0,0.0,0.0,0.0,0.0,0.0,0.0,0.0,1.0,0.0,0.0,0.0,0.0,0.0,0.0,0.0,0.0,0.0,0.0,0.0,1.0,0.0,0.0,0.0,0.0,0.0,0.0,0.0,1.0,0.0,0.0,0.0,1.0,0.0,0.0,0.0,1.0,0.0,0.0,0.0,0.0,0.0,0.0,0.0,0.0,33.3,20.0,20.0,16.7,0.0,0.0,0.0,0.0,0.0,0.0,0.0,0.0,0.0,0.0,4,1,4,25769803776,6315851776,75.5,8789999616,774373376,5561352192,5355864064,3228647424,1073741824,121634816,952107008,11.3,251677065216,4923654144,494384795648,17738448896,24334299136,42.2,3.9669313933285855,329.2553056462726,40621.37746768472,2152933.0057872897,0.0,7.933862786657171,14217.48211368965,12186.413240305415,39.669313933285856,39.669313933285856,0.0,0.0,0.0,0.0,0,rest
1768232515.885807,2026-01-12 16:41:55,0.0,0.0,0.0,0.0,0.0,0.0,0.0,1.0,0.0,0.0,0.0,0.0,0.0,0.0,0.0,1.0,0.0,0.0,0.0,0.0,0.0,0.0,0.0,1.0,0.0,0.0,0.0,1.0,0.0,0.0,0.0,0.0,0.0,0.0,0.0,1.0,0.0,0.0,0.0,1.0,0.0,0.0,0.0,1.0,0.0,0.0,0.0,0.0,0.0,0.0,0.0,0.0,0.0,0.0,0.0,1.0,33.3,20.0,0.0,0.0,0.0,0.0,0.0,0.0,0.0,0.0,0.0,0.0,75.0,40.0,4,1,4,25769803776,6372491264,75.3,8736849920,777617408,5614010368,5409046528,3122839552,1073741824,121634816,952107008,11.3,251677294592,4923654144,494384795648,17738448896,24334299136,42.2,9.91734724278006,17.85122503700411,519954.6151222673,162485.8172257085,5.950408345668037,1.9834694485560123,6093.21814596407,4062.145430642713,37.685919522564234,37.685919522564234,0.0,0.0,0.0,0.0,0,[Disk_HighStress]DiskSim(d5000.0-s1000MB)
1768232516.386253,2026-01-12 16:41:56,0.0,0.0,0.0,1.0,0.0,0.0,0.0,1.0,0.0,0.0,0.0,1.0,0.0,0.0,0.0,1.0,0.0,0.0,0.0,0.0,0.0,0.0,0.0,1.0,0.0,0.0,0.0,1.0,0.0,0.0,0.0,0.0,0.0,0.0,0.0,1.0,0.0,0.0,0.0,1.0,0.0,0.0,0.0,1.0,0.0,0.0,0.0,0.0,0.0,0.0,0.0,1.0,0.0,0.0,0.0,1.0,0.0,0.0,28.6,0.0,0.0,0.0,0.0,0.0,0.0,60.0,33.3,0.0,0.0,40.0,4,1,4,25769803776,6375276544,75.3,8735162368,66093056,5508481024,5507219456,3226681344,1073741824,121634816,952107008,11.3,251864465408,4927471616,494384795648,17738448896,23282827264,43.2,1758.4311939411812,8706.232627274689,354790285.4747337,2119738545.1354234,3480.894477097202,3486.889128894729,0.0,2046.1744802224655,19.982172658422513,23.978607190107017,0.0,0.0,0.0,0.0,0,[Disk_HighStress]DiskSim(d5000.0-s1000MB)
1768232516.8905559,2026-01-12 16:41:56,0.0,0.0,0.0,1.0,0.0,0.0,0.0,1.0,0.0,0.0,0.0,1.0,0.0,0.0,0.0,1.0,0.0,0.0,0.0,1.0,0.0,0.0,0.0,1.0,0.0,0.0,0.0,1.0,0.0,0.0,0.0,1.0,0.0,0.0,0.0,1.0,0.0,0.0,0.0,1.0,0.0,0.0,0.0,1.0,0.0,0.0,0.0,0.0,0.0,0.0,0.0,0.0,0.0,0.0,0.0,1.0,40.0,33.3,33.3,0.0,0.0,0.0,0.0,0.0,0.0,0.0,20.0,0.0,0.0,20.0,4,1,4,25769803776,6490357760,74.8,8630648832,303300608,5408800768,5373607936,3221848064,1073741824,121634816,952107008,11.3,252405530624,4927471616,494384795648,17738448896,22485172224,44.1,7283.323503840537,9583.529129883287,1123214075.5193927,1618898044.938032,15639.415321206185,3622.823861017332,12183.1580744885,60915.7903724425,107.07853776405908,111.0444095330983,0.0,0.0,0.0,0.0,0,[Disk_HighStress]DiskSim(d5000.0-s1000MB)
1768232517.39078,2026-01-12 16:41:57,0.0,0.0,0.0,0.0,0.0,0.0,0.0,0.0,0.0,0.0,0.0,0.0,0.0,0.0,0.0,1.0,0.0,0.0,0.0,0.0,0.0,0.0,0.0,1.0,0.0,0.0,0.0,0.0,0.0,0.0,0.0,0.0,0.0,0.0,0.0,1.0,0.0,0.0,0.0,0.0,0.0,0.0,0.0,1.0,0.0,0.0,0.0,0.0,0.0,0.0,0.0,1.0,0.0,0.0,0.0,1.0,40.0,20.0,20.0,0.0,0.0,0.0,0.0,0.0,0.0,16.7,33.3,16.7,0.0,20.0,4,1,4,25769803776,6483116032,74.8,8642854912,847822848,5413355520,5355864064,3229499392,1073741824,121634816,952107008,11.3,252405645312,4927471616,494384795648,17738448896,23038582784,43.5,4593.940871992268,9881.570813863262,51365392.64781144,1030566808.2047269,2592.837820267176,3306.517929623677,88024.54502853069,345956.93278655084,369.8342303388031,435.8046606154544,0.0,0.0,0.0,0.0,0,[Disk_HighStress]DiskSim(d5000.0-s1000MB)
1768232517.8923142,2026-01-12 16:41:57,0.0,0.0,0.0,1.0,0.0,0.0,0.0,1.0,0.0,0.0,0.0,1.0,0.0,0.0,0.0,1.0,0.0,0.0,0.0,1.0,0.0,0.0,0.0,1.0,0.0,0.0,0.0,1.0,0.0,0.0,0.0,0.0,0.0,0.0,0.0,1.0,0.0,0.0,0.0,1.0,0.0,0.0,0.0,1.0,0.0,0.0,0.0,1.0,0.0,0.0,0.0,0.0,0.0,0.0,0.0,0.0,20.0,33.3,28.6,16.7,0.0,0.0,0.0,0.0,0.0,40.0,0.0,40.0,20.0,0.0,4,1,4,25769803776,6468878336,74.9,8669478912,870645760,5347557376,5326258176,3321921536,1073741824,121634816,952107008,11.3,252408397824,4929175552,494384795648,17738448896,23026913280,43.5,2893.1226062910637,11564.514897648636,39438154.10987803,2150935201.09188,3259.996872009572,5806.184031371177,6125.205131995966,6125.205131995966,47.85316509371849,53.834810730433304,0.0,0.0,0.0,0.0,0,[Disk_HighStress]DiskSim(d5000.0-s1000MB)
1768232518.397333,2026-01-12 16:41:58,0.0,0.0,0.0,0.0,0.0,0.0,0.0,0.0,0.0,0.0,0.0,1.0,0.0,0.0,0.0,0.0,0.0,0.0,0.0,0.0,0.0,0.0,0.0,0.0,0.0,0.0,0.0,0.0,0.0,0.0,0.0,0.0,0.0,0.0,0.0,1.0,0.0,0.0,0.0,1.0,0.0,0.0,0.0,1.0,0.0,0.0,0.0,0.0,0.0,0.0,0.0,1.0,0.0,0.0,0.0,0.0,50.0,40.0,20.0,20.0,0.0,0.0,0.0,0.0,0.0,40.0,25.0,33.3,25.0,0.0,4,1,4,25769803776,6454427648,75.0,8674197504,71680000,5444517888,5320392704,3229679616,1073741824,121634816,952107008,11.3,252408528896,4929175552,494384795648,17738448896,22248980480,44.4,2285.0638494345676,6659.159207667635,30787801.83498269,1557249612.2024095,2665.247782789366,6649.258584403187,6082.942933676769,56774.134047649844,55.44349028090805,65.34411354535592,0.0,0.0,0.0,0.0,0,[Disk_HighStress]DiskSim(d5000.0-s1000MB)
1768232518.899814,2026-01-12 16:41:58,0.0,0.0,0.0,0.0,1.0,0.0,1.0,0.0,0.0,0.0,0.0,1.0,0.0,0.0,0.0,1.0,0.0,0.0,0.0,0.0,0.0,0.0,0.0,1.0,0.0,0.0,0.0,1.0,0.0,0.0,0.0,1.0,0.0,0.0,0.0,0.0,0.0,0.0,0.0,1.0,0.0,0.0,0.0,0.0,0.0,0.0,0.0,1.0,0.0,0.0,0.0,0.0,0.0,0.0,0.0,1.0,20.0,40.0,33.3,66.7,0.0,0.0,0.0,0.0,0.0,0.0,25.0,20.0,20.0,0.0,4,1,4,25769803776,6530596864,74.7,8658632704,338214912,5538594816,5459574784,3120037888,1073741824,121634816,952107008,11.3,252578004992,4929814528,494384795648,17738448896,22576828416,44.0,6215.1605754147695,9070.990042504169,430687263.8079901,1469366204.6933484,7630.1394960423395,3231.963104218247,4075.776131427937,4075.776131427937,39.80250128347595,39.80250128347595,0.0,0.0,0.0,0.0,0,[Disk_HighStress]DiskSim(d5000.0-s1000MB)
1768232519.400183,2026-01-12 16:41:59,0.0,0.0,0.0,1.0,0.0,0.0,0.0,0.0,0.0,0.0,1.0,0.0,0.0,0.0,0.0,0.0,0.0,0.0,0.0,0.0,0.0,0.0,0.0,1.0,0.0,0.0,0.0,1.0,0.0,0.0,0.0,1.0,0.0,0.0,0.0,0.0,0.0,0.0,0.0,0.0,0.0,0.0,0.0,0.0,0.0,0.0,0.0,0.0,0.0,0.0,0.0,1.0,0.0,0.0,0.0,1.0,80.0,60.0,40.0,50.0,0.0,0.0,0.0,0.0,0.0,50.0,16.7,0.0,20.0,60.0,4,1,4,25769803776,6594281472,74.4,8608350208,68435968,5287247872,6270369792,3321102336,1073741824,121634816,952107008,11.3,252578267136,4929814528,494384795648,17738448896,22233055232,44.4,5142.204313146233,5018.295775480059,55558094.13056082,711253296.7028198,4604.601141659123,5659.822236622671,6139.46818887883,4092.9787925858864,19.985248010673274,11.991148806403965,0.0,0.0,0.0,0.0,0,[Disk_HighStress]DiskSim(d5000.0-s1000MB)
1768232519.901897,2026-01-12 16:41:59,0.0,0.0,0.0,1.0,0.0,0.0,0.0,0.0,0.0,0.0,0.0,0.0,0.0,0.0,0.0,0.0,0.0,0.0,0.0,0.0,0.0,0.0,0.0,1.0,0.0,0.0,0.0,1.0,0.0,0.0,0.0,0.0,0.0,0.0,0.0,0.0,0.0,0.0,0.0,0.0,0.0,0.0,0.0,0.0,0.0,0.0,0.0,0.0,0.0,0.0,0.0,1.0,0.0,0.0,0.0,0.0,20.0,16.7,16.7,0.0,0.0,0.0,0.0,0.0,0.0,0.0,16.7,33.3,20.0,0.0,4,1,4,25769803776,6590185472,74.4,8610578432,120799232,5286723584,5422809088,3323854848,1073741824,121634816,952107008,11.3,252578463744,4929814528,494384795648,17738448896,22308782080,44.3,3599.6604276588255,12158.321488770118,47653349.16109509,1976189369.7590952,2916.003989847653,1730.0693528282727,38779.06604680515,32656.055618362232,103.64470777312232,93.67887048724518,0.0,0.0,0.0,0.0,0,[Disk_HighStress]DiskSim(d5000.0-s1000MB)
1768232520.40515,2026-01-12 16:42:00,0.0,0.0,1.0,0.0,0.0,0.0,0.0,1.0,0.0,0.0,0.0,0.0,0.0,0.0,0.0,1.0,0.0,0.0,0.0,1.0,0.0,0.0,0.0,0.0,0.0,0.0,0.0,1.0,0.0,0.0,0.0,1.0,0.0,0.0,0.0,1.0,0.0,0.0,0.0,1.0,0.0,0.0,0.0,1.0,0.0,0.0,0.0,0.0,0.0,0.0,0.0,0.0,0.0,0.0,0.0,1.0,80.0,83.3,66.7,80.0,16.7,0.0,0.0,0.0,0.0,16.7,33.3,28.6,33.3,0.0,4,1,4,25769803776,6524600320,74.7,8687239168,293470208,5462949888,5401477120,3224289280,1073741824,121634816,952107008,11.3,252586999808,4929880064,494384795648,17738448896,22520885248,44.1,2396.4090437920104,10605.004201258673,37057083.86540054,1698537850.1801975,2014.8911860738792,3982.092639932992,4069.523815660064,6104.285723490096,29.806082634228982,37.75437133669004,0.0,0.0,0.0,0.0,0,[Disk_HighStress]DiskSim(d5000.0-s1000MB)
1768232520.9096901,2026-01-12 16:42:00,0.0,0.0,0.0,1.0,0.0,0.0,0.0,0.0,0.0,0.0,0.0,0.0,0.0,0.0,0.0,1.0,0.0,0.0,0.0,1.0,0.0,0.0,0.0,1.0,0.0,0.0,0.0,0.0,0.0,0.0,0.0,1.0,0.0,0.0,0.0,1.0,0.0,0.0,0.0,1.0,0.0,0.0,0.0,1.0,0.0,0.0,0.0,1.0,0.0,0.0,0.0,1.0,0.0,0.0,0.0,1.0,33.3,20.0,16.7,0.0,0.0,0.0,0.0,0.0,0.0,0.0,0.0,0.0,40.0,0.0,4,1,4,25769803776,6553026560,74.6,8692334592,487079936,5468962816,5429526528,3223371776,1073741824,121634816,952107008,11.3,252587589632,4931158016,494384795648,17738448896,22669475840,43.9,3234.628249287046,11111.1065965093,35079099.39493477,1830209998.8179312,1902.7224995806152,6619.888696457557,6088.711998657968,8118.282664877292,39.64005207459615,41.62205467832596,0.0,0.0,0.0,0.0,0,rest
1768232521.411934,2026-01-12 16:42:01,0.0,0.0,1.0,1.0,0.0,0.0,0.0,0.0,0.0,0.0,0.0,1.0,0.0,0.0,0.0,0.0,0.0,0.0,0.0,1.0,0.0,0.0,0.0,1.0,0.0,0.0,0.0,1.0,0.0,0.0,0.0,0.0,0.0,0.0,0.0,1.0,0.0,0.0,0.0,1.0,0.0,0.0,1.0,0.0,0.0,0.0,1.0,1.0,0.0,0.0,1.0,0.0,0.0,0.0,0.0,1.0,80.0,50.0,40.0,42.9,0.0,0.0,0.0,0.0,0.0,0.0,16.7,0.0,0.0,16.7,4,1,4,25769803776,6556401664,74.6,8687271936,95666176,5613813760,6438420480,3073458176,1073741824,121634816,952107008,11.3,252587900928,4931158016,494384795648,17738448896,23285465088,43.2,3327.0697263741936,10419.243493785849,26129909.651662923,925091773.2575157,1405.6919370557634,6825.371048480392,0.0,0.0,15.928520533209783,15.928520533209783,0.0,0.0,0.0,0.0,0,rest
1768232521.916554,2026-01-12 16:42:01,0.0,0.0,0.0,1.0,0.0,0.0,0.0,0.0,0.0,0.0,0.0,1.0,0.0,0.0,0.0,1.0,0.0,0.0,0.0,1.0,0.0,0.0,0.0,1.0,0.0,0.0,0.0,0.0,0.0,0.0,0.0,1.0,0.0,0.0,0.0,0.0,0.0,0.0,0.0,0.0,1.0,0.0,0.0,0.0,0.0,0.0,0.0,0.0,0.0,0.0,0.0,1.0,0.0,0.0,0.0,0.0,25.0,16.7,0.0,0.0,0.0,0.0,0.0,0.0,0.0,16.7,0.0,0.0,33.3,0.0,4,1,4,25769803776,6564872192,74.5,8675115008,1069432832,5435129856,5430427648,3239985152,1073741824,121634816,952107008,11.3,252588769280,4931158016,494384795648,17738448896,23285334016,43.2,5085.013708286677,225.91253419512125,82460579.83598436,2849066.199668325,703.4995582391934,5.945066689345296,22321.74372959514,20292.494299631944,77.28586696148885,67.37742247924669,0.0,0.0,0.0,0.0,0,rest
1768232522.421571,2026-01-12 16:42:02,0.0,0.0,0.0,0.0,0.0,0.0,1.0,0.0,0.0,0.0,1.0,0.0,0.0,0.0,1.0,0.0,0.0,0.0,0.0,0.0,0.0,0.0,0.0,0.0,0.0,0.0,0.0,1.0,0.0,0.0,0.0,1.0,0.0,0.0,0.0,1.0,0.0,0.0,0.0,1.0,1.0,0.0,0.0,0.0,0.0,0.0,0.0,0.0,0.0,0.0,0.0,1.0,0.0,0.0,0.0,1.0,83.3,50.0,50.0,40.0,0.0,0.0,0.0,0.0,0.0,0.0,100.0,16.7,0.0,0.0,4,1,4,25769803776,6561136640,74.5,8678785024,1068023808,5464195072,5410684928,3214589952,1073741824,121634816,952107008,11.3,252590211072,4931158016,494384795648,17738448896,24334168064,42.2,2019.7338205406018,4342.427714162294,32710119.898815736,30982558.396597102,396.0262393216866,67.32446068468673,4055.308690654071,32442.46952523257,21.781443162692764,47.52314871860239,0.0,0.0,0.0,0.0,0,rest
1768232522.9238348,2026-01-12 16:42:02,0.0,0.0,0.0,0.0,1.0,0.0,0.0,0.0,0.0,0.0,0.0,1.0,0.0,0.0,0.0,1.0,0.0,0.0,0.0,0.0,0.0,0.0,0.0,0.0,0.0,0.0,0.0,1.0,0.0,0.0,0.0,1.0,0.0,0.0,0.0,1.0,0.0,0.0,0.0,1.0,0.0,0.0,0.0,0.0,0.0,0.0,0.0,1.0,0.0,0.0,0.0,1.0,0.0,0.0,0.0,1.0,50.0,20.0,33.3,0.0,16.7,33.3,20.0,20.0,0.0,50.0,83.3,80.0,80.0,80.0,4,1,4,25769803776,6462259200,74.9,8787312640,941981696,5466750976,5440421888,3320561664,1073741824,121634816,952107008,11.3,252593455104,4931158016,494384795648,17738448896,24333717504,42.2,613.2235880050146,1596.7705116234472,16350930.039024098,22972852.827895705,171.22476807932225,31.855770805455304,22426.462647040535,16310.154652393116,91.585341065684,83.62139836432017,0.0,0.0,0.0,0.0,0,rest
1768232523.426083,2026-01-12 16:42:03,0.0,0.0,0.0,0.0,0.0,0.0,0.0,1.0,0.0,0.0,0.0,1.0,0.0,0.0,0.0,0.0,0.0,0.0,0.0,1.0,0.0,0.0,0.0,0.0,0.0,0.0,0.0,1.0,0.0,0.0,0.0,1.0,0.0,0.0,0.0,1.0,0.0,0.0,0.0,0.0,0.0,0.0,0.0,1.0,0.0,0.0,0.0,0.0,0.0,0.0,0.0,1.0,0.0,0.0,0.0,0.0,33.3,33.3,0.0,16.7,0.0,0.0,0.0,0.0,0.0,0.0,0.0,0.0,0.0,0.0,4,1,4,25769803776,6460588032,74.9,8796340224,950272000,5473075200,5429280768,3323265024,1073741824,121634816,952107008,11.3,252595142656,4931158016,494384795648,17738448896,24333717504,42.2,121.45387362087021,67.6956016903211,1557667.8307058543,2030676.9101872132,175.21214555141933,1.991047108538856,14271.825674006519,10194.161195718942,35.83884795369941,27.874659519543982,0.0,0.0,0.0,0.0,0,rest
1768232523.92684,2026-01-12 16:42:03,0.0,0.0,0.0,1.0,0.0,0.0,0.0,0.0,0.0,0.0,0.0,1.0,0.0,0.0,0.0,1.0,0.0,0.0,0.0,1.0,0.0,0.0,0.0,0.0,0.0,0.0,0.0,1.0,0.0,0.0,0.0,1.0,0.0,0.0,0.0,1.0,0.0,0.0,0.0,1.0,0.0,0.0,0.0,1.0,0.0,0.0,0.0,0.0,0.0,0.0,0.0,1.0,0.0,0.0,0.0,0.0,28.6,16.7,0.0,0.0,0.0,0.0,0.0,0.0,0.0,20.0,16.7,16.7,0.0,0.0,4,1,4,25769803776,6501171200,74.8,8760262656,946438144,5564940288,5472780288,3195322368,1073741824,121634816,952107008,11.3,252595437568,4931158016,494384795648,17738448896,24333742080,42.2,61.90627649884994,347.473939058061,842500.4896628001,3770803.1624713675,65.90022982135639,11.981859967519343,38853.17792134272,28628.65741572622,89.86394975639507,63.90325316010316,0.0,0.0,0.0,0.0,0,rest
1768232524.4311948,2026-01-12 16:42:04,0.0,0.0,0.0,0.0,0.0,0.0,0.0,1.0,0.0,0.0,0.0,1.0,0.0,0.0,0.0,0.0,0.0,0.0,0.0,0.0,0.0,0.0,0.0,1.0,0.0,0.0,0.0,0.0,0.0,0.0,0.0,0.0,0.0,0.0,0.0,0.0,0.0,0.0,0.0,1.0,0.0,0.0,0.0,1.0,0.0,0.0,0.0,0.0,0.0,0.0,0.0,1.0,0.0,0.0,0.0,1.0,20.0,20.0,0.0,0.0,0.0,0.0,0.0,0.0,0.0,0.0,0.0,0.0,0.0,0.0,4,1,4,25769803776,6581174272,74.5,8683061248,1003864064,5628526592,5495341056,3054534656,1073741824,121634816,952107008,11.3,252595437568,4931158016,494384795648,17738448896,24333873152,42.2,5.948194611275223,103.10203992877055,129940.29401484436,966430.9367354049,1.9827315370917413,1.9827315370917413,50757.927349548576,10151.585469909714,69.39560379821094,51.551019964385276,0.0,0.0,0.0,0.0,0,rest
1768232524.93445,2026-01-12 16:42:04,1.0,0.0,0.0,0.0,0.0,0.0,0.0,0.0,0.0,0.0,1.0,1.0,0.0,0.0,0.0,0.0,0.0,0.0,0.0,0.0,0.0,0.0,0.0,1.0,0.0,0.0,0.0,1.0,0.0,0.0,0.0,1.0,0.0,0.0,0.0,1.0,0.0,0.0,0.0,0.0,0.0,0.0,0.0,0.0,0.0,0.0,0.0,1.0,0.0,0.0,0.0,1.0,0.0,0.0,0.0,1.0,60.0,66.7,33.3,40.0,0.0,0.0,0.0,0.0,0.0,0.0,0.0,0.0,0.0,0.0,4,1,4,25769803776,6549864448,74.6,8711536640,977354752,5544574976,5488934912,3166961664,1073741824,121634816,952107008,11.3,252595748864,4931158016,494384795648,17738448896,24334020608,42.2,170.88747847385238,419.27044137189364,3060268.8610193743,3882309.166771919,37.75421036050227,9.93531851592165,20347.53232060754,22382.285552668294,85.44373923692619,85.44373923692619,0.0,0.0,0.0,0.0,0,rest
1768232525.4372768,2026-01-12 16:42:05,0.0,0.0,0.0,1.0,0.0,0.0,0.0,0.0,0.0,0.0,0.0,1.0,0.0,0.0,0.0,0.0,0.0,0.0,0.0,1.0,0.0,0.0,0.0,0.0,0.0,0.0,0.0,1.0,0.0,0.0,0.0,1.0,0.0,0.0,0.0,1.0,0.0,0.0,0.0,0.0,0.0,0.0,0.0,1.0,0.0,0.0,0.0,0.0,0.0,0.0,0.0,0.0,0.0,0.0,0.0,1.0,0.0,16.7,16.7,16.7,0.0,0.0,0.0,0.0,0.0,0.0,0.0,0.0,0.0,0.0,4,1,4,25769803776,6553567232,74.6,8719515648,988299264,5545754624,5481136128,3173761024,1073741824,121634816,952107008,11.3,252595748864,4931158016,494384795648,17738448896,24333877248,42.2,21.87631442065918,413.6612181361009,301399.92755270365,4578020.521205931,5.966267569270686,9.94377928211781,8145.9439879109095,4072.9719939554548,23.865070277082744,15.910046851388495,0.0,0.0,0.0,0.0,0,rest
1768232525.939977,2026-01-12 16:42:05,0.0,0.0,0.0,1.0,0.0,0.0,0.0,0.0,0.0,0.0,0.0,0.0,0.0,0.0,0.0,0.0,1.0,0.0,1.0,1.0,0.0,0.0,0.0,0.0,0.0,0.0,0.0,0.0,0.0,0.0,0.0,1.0,0.0,0.0,0.0,1.0,0.0,0.0,0.0,0.0,0.0,0.0,0.0,1.0,0.0,0.0,0.0,0.0,0.0,0.0,0.0,0.0,0.0,0.0,0.0,1.0,20.0,16.7,16.7,0.0,0.0,0.0,0.0,0.0,0.0,42.9,20.0,28.6,0.0,16.7,4,1,4,25769803776,6512918528,74.7,8752201728,928874496,5540855808,5493571584,3211345920,1073741824,121634816,952107008,11.3,252605120512,4931158016,494384795648,17738448896,24334155776,42.2,181.02244605940686,397.8515298008942,12230146.994813792,2623655.784363785,29.838864735067066,9.946288245022355,16295.998660644627,22406.998158386363,73.60253301316543,65.64550241714754,0.0,0.0,0.0,0.0,0,rest
1768232526.444986,2026-01-12 16:42:06,0.0,0.0,0.0,0.0,0.0,0.0,0.0,1.0,0.0,0.0,0.0,0.0,0.0,0.0,0.0,1.0,0.0,0.0,0.0,0.0,0.0,0.0,0.0,1.0,0.0,0.0,0.0,1.0,0.0,0.0,0.0,0.0,0.0,0.0,0.0,1.0,0.0,0.0,0.0,0.0,0.0,0.0,0.0,1.0,0.0,0.0,0.0,1.0,0.0,0.0,0.0,1.0,0.0,0.0,0.0,1.0,40.0,40.0,40.0,25.0,0.0,0.0,0.0,0.0,0.0,0.0,20.0,0.0,0.0,0.0,4,1,4,25769803776,6442598400,75.0,8823947264,865681408,5556125696,5486067712,3267821568,1073741824,121634816,952107008,11.3,252605317120,4931158016,494384795648,17738448896,24333918208,42.2,23.761944553815997,687.1162300145126,316319.00590039854,3795828.0708047827,1.9801620461513332,11.880972276907999,127744.2139213148,521115.285361554,295.0441448765486,399.9927333225693,0.0,0.0,0.0,0.0,0,rest
1768232526.947087,2026-01-12 16:42:06,0.0,0.0,0.0,0.0,0.0,0.0,0.0,0.0,1.0,0.0,0.0,0.0,0.0,0.0,0.0,1.0,0.0,0.0,0.0,0.0,0.0,0.0,0.0,1.0,0.0,0.0,0.0,1.0,0.0,0.0,0.0,0.0,0.0,0.0,0.0,1.0,0.0,0.0,0.0,1.0,0.0,0.0,0.0,0.0,0.0,0.0,0.0,0.0,0.0,0.0,0.0,1.0,0.0,0.0,0.0,0.0,60.0,66.7,40.0,60.0,0.0,0.0,0.0,0.0,0.0,50.0,20.0,33.3,0.0,0.0,4,1,4,25769803776,6423871488,75.1,8868773888,825753600,5623676928,5505646592,3245096960,1073741824,121634816,952107008,11.3,252606742528,4931158016,494384795648,17738448896,24333701120,42.2,57.75731019143727,416.25095965553066,1859960.6517262403,3279404.3069910025,9.95815692955815,11.94978831546978,32630.888626776145,681169.800083952,242.97902908121887,525.7906858806704,0.0,0.0,0.0,0.0,0,[CPU_SingleCore0]CPUSim(d5000.0-t99)
1768232527.451277,2026-01-12 16:42:07,1.0,0.0,0.0,0.0,0.0,0.0,1.0,0.0,0.0,0.0,0.0,0.0,1.0,0.0,0.0,0.0,0.0,0.0,0.0,1.0,0.0,0.0,0.0,1.0,0.0,0.0,0.0,0.0,0.0,0.0,0.0,1.0,0.0,0.0,0.0,1.0,0.0,0.0,0.0,0.0,0.0,0.0,0.0,1.0,0.0,0.0,0.0,1.0,0.0,0.0,0.0,0.0,0.0,0.0,0.0,0.0,100.0,100.0,100.0,100.0,0.0,0.0,0.0,0.0,0.0,66.7,0.0,0.0,20.0,0.0,4,1,4,25769803776,6430081024,75.0,8917499904,763854848,5683855360,5569675264,3233644544,1073741824,121634816,952107008,11.3,252608249856,4931158016,494384795648,17738448896,24332476416,42.2,289.57339343252977,1733.4736017810344,5670497.591854453,19952352.55815836,49.58448517680305,33.71744992022607,24371.766154102235,893631.4256504152,259.82270232644794,656.4985837408724,0.0,0.0,0.0,0.0,0,[CPU_SingleCore0]CPUSim(d5000.0-t99)
1768232527.9559228,2026-01-12 16:42:07,1.0,0.0,0.0,0.0,1.0,0.0,0.0,0.0,0.0,0.0,0.0,0.0,0.0,0.0,0.0,0.0,0.0,0.0,0.0,1.0,0.0,0.0,0.0,1.0,0.0,0.0,0.0,0.0,0.0,0.0,0.0,0.0,0.0,0.0,0.0,0.0,0.0,0.0,0.0,1.0,1.0,0.0,0.0,0.0,0.0,0.0,0.0,1.0,0.0,0.0,0.0,1.0,0.0,0.0,0.0,0.0,40.0,40.0,25.0,20.0,0.0,0.0,0.0,0.0,0.0,20.0,100.0,25.0,0.0,0.0,4,1,4,25769803776,6354042880,75.3,8988049408,686637056,5610618880,5570134016,3377430528,1073741824,121634816,952107008,11.3,252611772416,4931158016,494384795648,17738448896,24331665408,42.2,170.41654926350185,1943.9376142732012,8002951.385841131,22880649.04329224,29.723816732006135,37.6501678605411,85224.127334008,1243866.4298987356,376.50167860541103,974.9411888098012,0.0,0.0,0.0,0.0,0,[CPU_SingleCore0]CPUSim(d5000.0-t99)
1768232528.4609332,2026-01-12 16:42:08,0.0,0.0,0.0,1.0,0.0,0.0,0.0,0.0,0.0,0.0,0.0,0.0,0.0,0.0,0.0,0.0,0.0,0.0,0.0,1.0,0.0,0.0,0.0,1.0,0.0,0.0,0.0,1.0,0.0,0.0,0.0,1.0,0.0,0.0,0.0,1.0,1.0,0.0,0.0,0.0,0.0,0.0,0.0,1.0,0.0,0.0,0.0,0.0,0.0,0.0,0.0,1.0,0.0,0.0,0.0,0.0,60.0,50.0,50.0,50.0,0.0,0.0,0.0,0.0,0.0,66.7,28.6,40.0,0.0,0.0,4,1,4,25769803776,6296436736,75.6,9050570752,688570368,5628444672,5511790592,3422126080,1073741824,121634816,952107008,11.3,252615606272,4931158016,494384795648,17738448896,24332132352,42.2,39.603147438327575,956.4160106356109,656968.6922249284,7559195.322884362,7.920629487665515,23.761888462996545,46636.66642337455,1463985.7894641925,300.9839205312895,1106.9079709012556,0.0,0.0,0.0,0.0,0,[CPU_SingleCore0]CPUSim(d5000.0-t99)
1768232528.962997,2026-01-12 16:42:08,0.0,0.0,1.0,0.0,0.0,0.0,0.0,0.0,0.0,0.0,0.0,0.0,0.0,0.0,0.0,0.0,0.0,0.0,0.0,1.0,0.0,0.0,0.0,0.0,0.0,0.0,0.0,1.0,0.0,0.0,0.0,1.0,0.0,0.0,0.0,1.0,0.0,0.0,0.0,0.0,0.0,0.0,0.0,0.0,0.0,0.0,0.0,0.0,1.0,0.0,0.0,0.0,0.0,0.0,0.0,1.0,50.0,40.0,33.3,20.0,0.0,0.0,0.0,0.0,0.0,80.0,0.0,0.0,0.0,0.0,4,1,4,25769803776,6310821888,75.5,9038331904,629637120,5715099648,5584257024,3323232256,1073741824,121634816,952107008,11.3,252615852032,4931158016,494384795648,17738448896,24331350016,42.2,1.9917789276135336,1037.716821286651,32633.305950020134,10491607.862931473,0.0,21.90956820374887,30593.724328143875,1403232.1558508659,233.03813453078342,1065.6017262732405,0.0,0.0,0.0,0.0,0,[CPU_SingleCore0]CPUSim(d5000.0-t99)
1768232529.468004,2026-01-12 16:42:09,0.0,0.0,0.0,0.0,0.0,0.0,0.0,1.0,0.0,0.0,0.0,1.0,0.0,0.0,0.0,1.0,0.0,0.0,0.0,1.0,0.0,0.0,0.0,1.0,0.0,0.0,0.0,1.0,0.0,0.0,0.0,0.0,0.0,0.0,0.0,0.0,0.0,0.0,0.0,1.0,0.0,0.0,0.0,1.0,0.0,0.0,0.0,1.0,0.0,0.0,0.0,0.0,0.0,0.0,0.0,0.0,50.0,50.0,40.0,33.3,0.0,0.0,0.0,0.0,0.0,100.0,0.0,0.0,0.0,0.0,4,1,4,25769803776,6346047488,75.4,9008889856,653901824,5740871680,5594120192,3268018176,1073741824,121634816,952107008,11.3,252617031680,4931158016,494384795648,17738448896,24330670080,42.2,15.84136367863889,1340.575401304816,178437.12047618846,11298314.037424114,1.9801704598298613,33.66289781710764,95301.64389069156,2161522.3912229193,308.90659173345836,1584.136367863889,0.0,0.0,0.0,0.0,0,[CPU_SingleCore0]CPUSim(d5000.0-t99)
1768232529.971742,2026-01-12 16:42:09,0.0,0.0,0.0,0.0,0.0,0.0,0.0,0.0,0.0,0.0,0.0,0.0,0.0,0.0,0.0,1.0,0.0,0.0,0.0,1.0,0.0,0.0,0.0,0.0,0.0,0.0,0.0,1.0,0.0,0.0,0.0,0.0,0.0,0.0,0.0,1.0,0.0,0.0,0.0,0.0,0.0,0.0,0.0,0.0,0.0,0.0,0.0,1.0,0.0,0.0,0.0,0.0,0.0,0.0,0.0,1.0,33.3,28.6,0.0,0.0,20.0,50.0,0.0,0.0,0.0,50.0,40.0,25.0,50.0,40.0,4,1,4,25769803776,6333497344,75.4,9013411840,639844352,5717573632,5593038848,3295838208,1073741824,121634816,952107008,11.3,252618227712,4931158016,494384795648,17738448896,24329183232,42.2,81.39152889726103,1893.8419162923662,3423240.358412177,14684969.32848549,17.866433172569494,37.718025586535596,34557.65207423219,1551028.7372140684,226.30815351921356,1187.125226355173,0.0,0.0,0.0,0.0,0,[CPU_SingleCore0]CPUSim(d5000.0-t99)
1768232530.476753,2026-01-12 16:42:10,0.0,0.0,0.0,0.0,0.0,0.0,0.0,0.0,0.0,0.0,0.0,1.0,0.0,0.0,0.0,1.0,0.0,0.0,0.0,0.0,0.0,0.0,0.0,1.0,0.0,0.0,0.0,0.0,0.0,0.0,0.0,1.0,0.0,0.0,0.0,1.0,0.0,0.0,0.0,1.0,0.0,0.0,0.0,0.0,0.0,0.0,0.0,1.0,0.0,0.0,0.0,1.0,0.0,0.0,0.0,0.0,16.7,0.0,16.7,0.0,0.0,0.0,0.0,0.0,0.0,16.7,0.0,100.0,0.0,16.7,4,1,4,25769803776,6352535552,75.3,8998125568,671252480,5702369280,5575884800,3295756288,1073741824,121634816,952107008,11.3,252618244096,4931158016,494384795648,17738448896,24329191424,42.2,21.781700241245982,659.3914709395374,291985.6718884698,7015766.838431288,3.9603091347719968,17.821391106473985,38525.88726306198,320373.16776651546,158.41236539087987,295.04303054051377,0.0,0.0,0.0,0.0,0,[CPU_SingleCore0]CPUSim(d5000.0-t99)
1768232530.977202,2026-01-12 16:42:10,0.0,0.0,0.0,0.0,0.0,0.0,0.0,0.0,0.0,0.0,0.0,1.0,0.0,0.0,1.0,0.0,0.0,0.0,0.0,0.0,0.0,0.0,0.0,1.0,0.0,0.0,0.0,0.0,0.0,0.0,0.0,1.0,0.0,0.0,0.0,0.0,0.0,0.0,0.0,0.0,0.0,0.0,0.0,1.0,0.0,0.0,0.0,0.0,1.0,0.0,0.0,0.0,0.0,0.0,0.0,1.0,71.4,60.0,50.0,40.0,0.0,0.0,0.0,0.0,0.0,100.0,0.0,0.0,0.0,0.0,4,1,4,25769803776,6352535552,75.3,8998125568,671252480,5702369280,5575884800,3295756288,1073741824,121634816,952107008,11.3,252618244096,4931158016,494384795648,17738448896,24329089024,42.2,275.7524062247652,357.6788457553114,4951713.933459899,2389918.129868249,127.88517390134038,7.992823368833774,20461.62782421446,1366836.738657526,213.80802511630344,1011.0921561574723,0.0,0.0,0.0,0.0,0,[CPU_SingleCore0]CPUSim(d5000.0-t99)
1768232531.482213,2026-01-12 16:42:11,1.0,0.0,0.0,0.0,0.0,0.0,0.0,1.0,0.0,0.0,0.0,1.0,0.0,0.0,0.0,0.0,0.0,0.0,0.0,1.0,0.0,0.0,0.0,0.0,0.0,0.0,0.0,1.0,0.0,0.0,0.0,1.0,0.0,0.0,0.0,1.0,0.0,0.0,0.0,1.0,0.0,0.0,0.0,1.0,0.0,0.0,0.0,0.0,0.0,0.0,0.0,0.0,0.0,0.0,0.0,0.0,50.0,66.7,50.0,50.0,0.0,0.0,0.0,0.0,0.0,40.0,0.0,40.0,33.3,0.0,4,1,4,25769803776,6428540928,75.1,8937209856,621314048,5732794368,5694914560,3204415488,1073741824,121634816,952107008,11.3,252621455360,4931158016,494384795648,17738448896,24329101312,42.2,930.6726466714192,194.05514760382783,15118369.233336324,1086835.5564737485,160.39251995826586,1.9801545673859984,18249.10449302936,1299741.775559091,188.11468390166985,956.4146560474371,0.0,0.0,0.0,0.0,0,[CPU_SingleCore0]CPUSim(d5000.0-t99)
1768232531.985943,2026-01-12 16:42:11,0.0,0.0,0.0,0.0,0.0,0.0,0.0,0.0,1.0,0.0,0.0,0.0,0.0,0.0,1.0,0.0,0.0,0.0,0.0,1.0,0.0,0.0,0.0,1.0,0.0,0.0,0.0,1.0,1.0,0.0,0.0,0.0,0.0,0.0,0.0,1.0,0.0,0.0,0.0,1.0,0.0,0.0,0.0,1.0,0.0,0.0,0.0,1.0,0.0,0.0,0.0,1.0,0.0,0.0,0.0,0.0,66.7,80.0,60.0,60.0,0.0,0.0,100.0,16.7,0.0,0.0,0.0,0.0,0.0,0.0,4,1,4,25769803776,6408159232,75.1,8953348096,605437952,5753880576,5689327616,3199467520,1073741824,121634816,952107008,11.3,252621471744,4931158016,494384795648,17738448896,24318013440,42.2,45.65937569960578,819.8835723450951,650507.1404020358,27345693.914650578,9.925951239044736,25.80747322151631,14229.843696294532,1607972.3376812823,184.6226930462321,1175.2326267028966,0.0,0.0,0.0,0.0,0,rest
1768232532.490495,2026-01-12 16:42:12,1.0,0.0,0.0,0.0,0.0,0.0,0.0,0.0,0.0,0.0,0.0,0.0,0.0,0.0,0.0,0.0,0.0,0.0,0.0,0.0,0.0,0.0,0.0,1.0,0.0,0.0,0.0,1.0,0.0,0.0,0.0,0.0,0.0,0.0,0.0,0.0,0.0,0.0,0.0,1.0,0.0,0.0,0.0,0.0,0.0,0.0,0.0,1.0,0.0,0.0,0.0,1.0,0.0,0.0,0.0,1.0,66.7,80.0,66.7,66.7,0.0,0.0,0.0,0.0,0.0,0.0,0.0,0.0,0.0,0.0,4,1,4,25769803776,6411091968,75.1,8962555904,628981760,5748719616,5668028416,3213836288,1073741824,121634816,952107008,11.3,252621471744,4931158016,494384795648,17738448896,24318091264,42.2,7.92782684794381,63.42261478355048,129889.51507671138,340959.97707636736,3.963913423971905,3.963913423971905,8118.094692294461,1505906.5654206225,118.91740271915715,1066.2927110484425,0.0,0.0,0.0,0.0,0,rest
1768232532.995529,2026-01-12 16:42:12,0.0,0.0,0.0,0.0,0.0,0.0,0.0,0.0,0.0,0.0,0.0,1.0,0.0,0.0,0.0,1.0,0.0,0.0,0.0,1.0,0.0,0.0,0.0,1.0,0.0,0.0,0.0,1.0,0.0,0.0,0.0,1.0,0.0,0.0,0.0,0.0,0.0,0.0,0.0,0.0,0.0,0.0,0.0,1.0,0.0,0.0,0.0,1.0,0.0,0.0,0.0,1.0,1.0,0.0,0.0,0.0,50.0,25.0,25.0,0.0,0.0,0.0,0.0,0.0,0.0,20.0,20.0,50.0,40.0,0.0,4,1,4,25769803776,6377652224,75.3,8992620544,600735744,5774884864,5665390592,3217735680,1073741824,121634816,952107008,11.3,252621783040,4931158016,494384795648,17738448896,24317014016,42.2,1.9800648266081786,150.48492682222158,129765.5284765936,3495558.92333824,7.9202593064327145,3.9601296532163572,14193.104677127423,738041.443210626,99.00324133040893,562.3384107567227,0.0,0.0,0.0,0.0,0,rest
1768232533.498507,2026-01-12 16:42:13,1.0,0.0,0.0,0.0,0.0,0.0,0.0,0.0,0.0,0.0,0.0,0.0,0.0,0.0,0.0,1.0,0.0,0.0,0.0,1.0,0.0,0.0,0.0,1.0,0.0,0.0,0.0,1.0,0.0,0.0,0.0,0.0,0.0,0.0,0.0,1.0,1.0,0.0,0.0,0.0,0.0,0.0,0.0,1.0,1.0,0.0,0.0,1.0,0.0,0.0,0.0,1.0,0.0,0.0,0.0,0.0,40.0,40.0,20.0,0.0,0.0,0.0,0.0,0.0,0.0,0.0,0.0,0.0,20.0,0.0,4,1,4,25769803776,6296535040,75.6,9070526464,542048256,5673648128,5628264448,3396878336,1073741824,121634816,952107008,11.3,252625043456,4931158016,494384795648,17738448896,24310689792,42.2,282.3184624128348,3159.1833575633414,8615818.693813125,51466894.2768421,37.7750055341117,57.65658739417048,138439.43080796135,8143.4959298800795,127.24212390437624,81.51448562624103,0.0,0.0,0.0,0.0,0,rest
1768232534.0013871,2026-01-12 16:42:14,0.0,0.0,0.0,1.0,0.0,0.0,0.0,0.0,0.0,0.0,0.0,0.0,0.0,0.0,0.0,0.0,0.0,0.0,0.0,1.0,0.0,0.0,0.0,1.0,0.0,0.0,0.0,0.0,0.0,0.0,0.0,0.0,0.0,0.0,0.0,1.0,0.0,0.0,0.0,0.0,0.0,0.0,0.0,1.0,0.0,0.0,0.0,0.0,0.0,0.0,0.0,0.0,0.0,0.0,0.0,0.0,20.0,0.0,16.7,16.7,0.0,0.0,0.0,0.0,0.0,0.0,0.0,0.0,14.3,0.0,4,1,4,25769803776,6288949248,75.6,9088745472,537018368,5678301184,5626003456,3410444288,1073741824,121634816,952107008,11.3,252625207296,4931158016,494384795648,17738448896,24311013376,42.2,5.965636781539442,1065.8604383017137,48870.49651437111,9831114.882140988,1.9885455938464807,19.885455938464805,8145.082752395185,16290.16550479037,57.66782222154794,69.59909578462683,0.0,0.0,0.0,0.0,0,rest
1768232534.506416,2026-01-12 16:42:14,1.0,0.0,0.0,0.0,0.0,0.0,0.0,0.0,0.0,0.0,0.0,1.0,0.0,0.0,0.0,1.0,0.0,0.0,0.0,0.0,0.0,0.0,0.0,1.0,0.0,0.0,0.0,1.0,0.0,0.0,0.0,1.0,0.0,0.0,0.0,1.0,0.0,0.0,0.0,1.0,0.0,0.0,0.0,1.0,0.0,0.0,0.0,0.0,0.0,0.0,0.0,0.0,0.0,0.0,0.0,0.0,60.0,83.3,60.0,50.0,0.0,0.0,0.0,0.0,0.0,0.0,0.0,0.0,0.0,0.0,4,1,4,25769803776,6296109056,75.6,9079881728,516390912,5814484992,5656903680,3265396736,1073741824,121634816,952107008,11.3,252630122496,4931158016,494384795648,17738448896,24311119872,42.2,0.0,390.0766379715283,0.0,3649691.670604675,0.0,7.920337826833062,54745.375059070124,4055.212967338528,57.4224492445397,33.66143576404051,0.0,0.0,0.0,0.0,0,rest
1768232535.0095959,2026-01-12 16:42:15,1.0,0.0,1.0,0.0,0.0,0.0,1.0,0.0,0.0,0.0,0.0,0.0,0.0,0.0,0.0,1.0,0.0,0.0,0.0,1.0,0.0,0.0,0.0,1.0,0.0,0.0,0.0,1.0,0.0,0.0,0.0,0.0,0.0,0.0,0.0,1.0,0.0,0.0,0.0,1.0,0.0,0.0,0.0,1.0,0.0,0.0,0.0,1.0,0.0,0.0,0.0,1.0,0.0,0.0,0.0,1.0,50.0,40.0,33.3,33.3,0.0,0.0,0.0,0.0,0.0,0.0,0.0,0.0,0.0,0.0,4,1,4,25769803776,6338789376,75.4,9033793536,545456128,5778800640,5670010880,3254992896,1073741824,121634816,952107008,11.3,252630417408,4931158016,494384795648,17738448896,24311312384,42.2,13.911528560442628,210.6602896295598,626797.830819303,1188473.8090859512,3.974722445840751,7.949444891681502,61051.73676811393,30525.868384056965,153.0268141648689,111.29222848354102,0.0,0.0,0.0,0.0,0,[Network_Spam]NetSim(d5000.0)
1768232535.5146298,2026-01-12 16:42:15,0.0,0.0,0.0,1.0,0.0,0.0,0.0,0.0,1.0,0.0,0.0,0.0,0.0,0.0,0.0,1.0,0.0,0.0,0.0,1.0,0.0,0.0,0.0,1.0,0.0,0.0,0.0,0.0,0.0,0.0,0.0,1.0,0.0,0.0,0.0,0.0,0.0,0.0,0.0,0.0,0.0,0.0,0.0,1.0,0.0,0.0,0.0,0.0,0.0,0.0,0.0,0.0,0.0,0.0,0.0,0.0,60.0,20.0,25.0,0.0,0.0,0.0,0.0,0.0,0.0,0.0,0.0,0.0,0.0,0.0,4,1,4,25769803776,6332071936,75.4,9047457792,537280512,5817696256,5671256064,3229761536,1073741824,121634816,952107008,11.3,252630761472,4931158016,494384795648,17738448896,24311312384,42.2,23.760777919298143,140.58460268918068,875917.3172170067,827255.2440382842,11.880388959649071,3.9601296532163572,24331.036589361298,42579.31403138227,140.58460268918068,138.6045378625725,0.0,0.0,0.0,0.0,0,[Network_Spam]NetSim(d5000.0)
1768232536.019077,2026-01-12 16:42:16,0.0,0.0,0.0,0.0,0.0,0.0,0.0,0.0,0.0,0.0,0.0,0.0,0.0,0.0,0.0,1.0,0.0,0.0,0.0,0.0,0.0,0.0,0.0,1.0,0.0,0.0,0.0,1.0,0.0,0.0,0.0,0.0,0.0,0.0,0.0,1.0,0.0,0.0,0.0,0.0,0.0,0.0,0.0,0.0,1.0,0.0,0.0,1.0,0.0,0.0,0.0,0.0,0.0,0.0,0.0,0.0,40.0,40.0,20.0,20.0,0.0,0.0,0.0,0.0,0.0,16.7,0.0,0.0,0.0,0.0,4,1,4,25769803776,6303416320,75.5,9072230400,513671168,5776769024,5665832960,3295461376,1073741824,121634816,952107008,11.3,252630761472,4931158016,494384795648,17738448896,24311484416,42.2,47.57683056803439,422.2443712913052,194874.69800666886,4132967.553558102,7.929471761339065,9.91183970167383,50748.61927257002,834307.300841051,392.5088521862837,685.8993073558291,0.0,0.0,0.0,0.0,0,[Network_Spam]NetSim(d5000.0)
1768232536.520724,2026-01-12 16:42:16,0.0,0.0,0.0,1.0,0.0,0.0,0.0,0.0,0.0,0.0,0.0,1.0,0.0,0.0,0.0,1.0,0.0,0.0,0.0,1.0,0.0,0.0,0.0,0.0,0.0,0.0,0.0,1.0,0.0,0.0,0.0,0.0,0.0,0.0,0.0,1.0,0.0,0.0,0.0,0.0,0.0,0.0,0.0,1.0,0.0,0.0,0.0,0.0,0.0,0.0,0.0,0.0,0.0,0.0,0.0,0.0,20.0,28.6,0.0,0.0,0.0,0.0,0.0,0.0,0.0,0.0,0.0,0.0,0.0,0.0,4,1,4,25769803776,6315442176,75.5,9062612992,562102272,5774917632,5629444096,3287695360,1073741824,121634816,952107008,11.3,252630761472,4931158016,494384795648,17738448896,24315654144,42.2,1.9934336473294487,279.0807106261228,8165.104219461422,2016780.7422069714,1.9934336473294487,7.973734589317795,24495.312658384268,159219.53227949774,139.5403553130614,185.38932920163873,0.0,0.0,0.0,0.0,0,[Network_Spam]NetSim(d5000.0)
1768232537.021056,2026-01-12 16:42:17,1.0,0.0,0.0,1.0,0.0,0.0,0.0,1.0,0.0,0.0,0.0,1.0,0.0,0.0,0.0,1.0,0.0,0.0,0.0,1.0,0.0,0.0,0.0,1.0,0.0,0.0,0.0,1.0,0.0,0.0,0.0,0.0,0.0,0.0,0.0,0.0,0.0,0.0,0.0,1.0,0.0,0.0,0.0,1.0,0.0,0.0,0.0,0.0,0.0,0.0,0.0,1.0,0.0,0.0,0.0,1.0,50.0,60.0,50.0,33.3,0.0,0.0,0.0,0.0,0.0,0.0,0.0,0.0,0.0,0.0,4,1,4,25769803776,6315442176,75.5,9062612992,562102272,5774917632,5629444096,3287695360,1073741824,121634816,952107008,11.3,252630761472,4931158016,494384795648,17738448896,24315654144,42.2,0.0,15.989386927317225,0.0,114611.92549500987,0.0,1.9986733659146532,18419.773740269444,270156.6815239518,201.86600995738,275.81692449622216,0.0,0.0,0.0,0.0,0,[Network_Spam]NetSim(d5000.0)
1768232537.525099,2026-01-12 16:42:17,1.0,0.0,1.0,1.0,0.0,0.0,0.0,0.0,0.0,0.0,0.0,1.0,0.0,0.0,0.0,1.0,0.0,0.0,0.0,0.0,0.0,0.0,0.0,1.0,0.0,0.0,0.0,0.0,0.0,0.0,0.0,1.0,0.0,0.0,0.0,1.0,0.0,0.0,0.0,0.0,0.0,0.0,0.0,1.0,0.0,0.0,0.0,1.0,0.0,0.0,0.0,0.0,0.0,0.0,0.0,0.0,0.0,33.3,33.3,33.3,0.0,0.0,0.0,0.0,0.0,0.0,0.0,0.0,0.0,0.0,4,1,4,25769803776,6334398464,75.4,9042051072,542081024,5828476928,5667389440,3213574144,1073741824,121634816,952107008,11.3,252630794240,4931158016,494384795648,17738448896,24315817984,42.2,35.711231676686644,202.36364616789098,658229.4222646882,1040165.0129614826,9.919786576857401,3.9679146307429605,20315.722909403958,115799.62058360256,142.84492670674658,154.74867059897545,0.0,0.0,0.0,0.0,0,[Network_Spam]NetSim(d5000.0)
1768232538.030114,2026-01-12 16:42:18,0.0,0.0,0.0,1.0,0.0,0.0,0.0,1.0,0.0,0.0,0.0,1.0,0.0,0.0,0.0,0.0,0.0,0.0,0.0,0.0,0.0,0.0,0.0,1.0,0.0,0.0,0.0,1.0,0.0,0.0,0.0,0.0,0.0,0.0,0.0,1.0,1.0,0.0,0.0,0.0,0.0,0.0,1.0,0.0,0.0,0.0,0.0,1.0,1.0,0.0,0.0,0.0,0.0,0.0,0.0,0.0,66.7,66.7,66.7,33.3,0.0,16.7,0.0,0.0,0.0,40.0,40.0,33.3,40.0,20.0,4,1,4,25769803776,6052380672,76.5,9320972288,187236352,5890572288,5734809600,3430400000,1073741824,121634816,952107008,11.3,252641918976,4931158016,494384795648,17738448896,24310423552,42.2,372.2662466846632,2152.411756096962,14234193.983871104,29839088.12915202,65.34460713081855,41.58293181052089,18248.966645988596,182489.66645988595,132.66935387166188,186.1331233423316,0.0,0.0,0.0,0.0,0,[Network_Spam]NetSim(d5000.0)
1768232538.534073,2026-01-12 16:42:18,0.0,0.0,0.0,0.0,0.0,0.0,1.0,1.0,1.0,0.0,0.0,1.0,1.0,0.0,0.0,0.0,0.0,0.0,0.0,0.0,0.0,0.0,0.0,1.0,0.0,0.0,0.0,0.0,0.0,0.0,0.0,1.0,0.0,0.0,0.0,1.0,0.0,0.0,0.0,0.0,0.0,0.0,0.0,1.0,0.0,0.0,0.0,1.0,0.0,0.0,0.0,1.0,0.0,0.0,0.0,1.0,66.7,80.0,50.0,40.0,0.0,0.0,0.0,0.0,0.0,0.0,16.7,20.0,0.0,0.0,4,1,4,25769803776,6046433280,76.5,9331769344,186990592,5805752320,5728894976,3526017024,1073741824,121634816,952107008,11.3,252645261312,4931158016,494384795648,17738448896,24310657024,42.2,117.07297429507068,898.8823280621529,7046665.977149702,14580990.49943087,19.84287699916452,19.84287699916452,22351.016651858918,296658.9482883093,186.5230437921465,277.8002779883033,0.0,0.0,0.0,0.0,0,[Network_Spam]NetSim(d5000.0)
1768232539.035468,2026-01-12 16:42:19,0.0,0.0,0.0,0.0,0.0,0.0,0.0,0.0,0.0,0.0,0.0,1.0,0.0,0.0,0.0,0.0,0.0,0.0,0.0,0.0,0.0,0.0,0.0,1.0,0.0,0.0,0.0,0.0,0.0,0.0,0.0,1.0,0.0,0.0,0.0,0.0,0.0,0.0,0.0,0.0,0.0,0.0,0.0,1.0,0.0,0.0,0.0,0.0,0.0,0.0,0.0,1.0,0.0,0.0,0.0,1.0,40.0,20.0,50.0,20.0,0.0,0.0,0.0,0.0,0.0,16.7,0.0,16.7,0.0,0.0,4,1,4,25769803776,6045188096,76.5,9334292480,193986560,5847203840,5720440832,3487088640,1073741824,121634816,952107008,11.3,252645474304,4931158016,494384795648,17738448896,24310661120,42.2,9.972177880868454,119.66613457042143,163384.16240014875,1241719.6342411304,3.9888711523473814,3.9888711523473814,51057.55075004648,71480.57105006507,159.55484609389526,145.5937970606794,0.0,0.0,0.0,0.0,0,[Network_Spam]NetSim(d5000.0)
1768232539.536669,2026-01-12 16:42:19,1.0,0.0,0.0,0.0,0.0,0.0,0.0,1.0,0.0,0.0,0.0,0.0,0.0,0.0,0.0,1.0,0.0,0.0,0.0,0.0,0.0,0.0,0.0,0.0,0.0,0.0,0.0,0.0,0.0,0.0,0.0,1.0,0.0,0.0,0.0,0.0,0.0,0.0,0.0,1.0,0.0,0.0,0.0,0.0,0.0,0.0,0.0,1.0,0.0,0.0,0.0,0.0,0.0,0.0,0.0,1.0,20.0,0.0,0.0,20.0,0.0,0.0,0.0,0.0,0.0,0.0,0.0,0.0,0.0,0.0,4,1,4,25769803776,6237700096,75.8,9144844288,246693888,6012977152,5860196352,3131867136,1073741824,121634816,952107008,11.3,252646555648,4931158016,494384795648,17738448896,24310804480,42.2,0.0,281.32430718646134,0.0,3023777.4044484105,0.0,7.980831409545003,26560.20693096577,245171.14090122248,217.47765591010133,265.36264436737133,0.0,0.0,0.0,0.0,0,[Network_Spam]NetSim(d5000.0)
1768232540.040652,2026-01-12 16:42:20,0.0,0.0,0.0,0.0,0.0,0.0,0.0,1.0,0.0,0.0,1.0,0.0,1.0,0.0,0.0,0.0,0.0,0.0,0.0,0.0,0.0,0.0,0.0,1.0,0.0,0.0,0.0,1.0,0.0,0.0,0.0,0.0,0.0,0.0,0.0,1.0,0.0,0.0,0.0,1.0,0.0,0.0,0.0,1.0,0.0,0.0,0.0,1.0,0.0,0.0,0.0,0.0,0.0,0.0,0.0,0.0,40.0,40.0,0.0,20.0,0.0,0.0,0.0,0.0,0.0,16.7,0.0,0.0,0.0,16.7,4,1,4,25769803776,6215237632,75.9,9165930496,316358656,5896765440,5771313152,3269165056,1073741824,121634816,952107008,11.3,252646653952,4931158016,494384795648,17738448896,24314015744,42.2,19.841938294814504,343.26553250029093,260072.25361779268,13450611.866795216,5.952581488444351,13.889356806370154,77208.9502927822,577035.3127144775,333.3445633528837,557.5584660842876,0.0,0.0,0.0,0.0,0,rest
1768232540.5456798,2026-01-12 16:42:20,0.0,0.0,0.0,0.0,0.0,0.0,0.0,1.0,0.0,0.0,0.0,0.0,0.0,0.0,0.0,1.0,0.0,0.0,0.0,1.0,0.0,0.0,0.0,0.0,0.0,0.0,0.0,0.0,0.0,0.0,0.0,1.0,0.0,0.0,0.0,1.0,0.0,0.0,0.0,1.0,0.0,0.0,0.0,0.0,0.0,0.0,0.0,1.0,0.0,0.0,0.0,1.0,0.0,0.0,0.0,1.0,33.3,40.0,20.0,20.0,0.0,0.0,0.0,0.0,0.0,0.0,0.0,0.0,0.0,0.0,4,1,4,25769803776,6208667648,75.9,9174138880,313671680,5911937024,5767364608,3262201856,1073741824,121634816,952107008,11.3,252646653952,4931158016,494384795648,17738448896,24314163200,42.2,9.90044565299494,116.82525870534029,40552.22539466727,673166.9415514767,3.9601782611979757,3.9601782611979757,26358.946506533724,362942.4172822721,132.66597175013217,318.79435002643703,0.0,0.0,0.0,0.0,0,rest
1768232541.0486898,2026-01-12 16:42:21,1.0,0.0,0.0,0.0,0.0,0.0,0.0,0.0,0.0,0.0,0.0,1.0,0.0,0.0,0.0,0.0,0.0,0.0,0.0,0.0,0.0,0.0,0.0,1.0,0.0,0.0,0.0,1.0,0.0,0.0,0.0,1.0,0.0,0.0,0.0,0.0,0.0,0.0,0.0,1.0,0.0,0.0,0.0,1.0,0.0,0.0,0.0,1.0,0.0,0.0,0.0,1.0,0.0,0.0,0.0,1.0,20.0,33.3,40.0,16.7,0.0,0.0,0.0,0.0,0.0,0.0,0.0,0.0,0.0,20.0,4,1,4,25769803776,6273695744,75.7,9111945216,344391680,5954011136,5801345024,3157934080,1073741824,121634816,952107008,11.3,252646719488,4931158016,494384795648,17738448896,24314064896,42.2,7.952127641926137,640.146275175054,154716.59540131493,5659370.200205993,1.9880319104815343,17.892287194333807,32571.914821329457,433613.6160589484,288.26462701982246,375.73803108101,0.0,0.0,0.0,0.0,0,rest
1768232541.550708,2026-01-12 16:42:21,0.0,0.0,0.0,0.0,0.0,0.0,0.0,1.0,0.0,0.0,0.0,0.0,0.0,0.0,0.0,0.0,0.0,0.0,0.0,0.0,0.0,0.0,0.0,1.0,0.0,0.0,0.0,1.0,0.0,0.0,0.0,0.0,0.0,0.0,0.0,1.0,0.0,0.0,0.0,1.0,0.0,0.0,0.0,1.0,0.0,0.0,0.0,0.0,0.0,0.0,0.0,0.0,0.0,0.0,0.0,0.0,50.0,60.0,66.7,20.0,0.0,0.0,0.0,0.0,0.0,0.0,0.0,0.0,0.0,16.7,4,1,4,25769803776,6296551424,75.6,9085222912,348815360,5962383360,5819596800,3122839552,1073741824,121634816,952107008,11.3,252646735872,4931158016,494384795648,17738448896,24314060800,42.2,35.85527282501994,1.9919596013899963,318203.59456444357,8159.066527293425,5.975878804169989,0.0,16318.13305458685,16318.13305458685,61.75074764308989,57.766828440309894,0.0,0.0,0.0,0.0,0,rest
1768232542.054467,2026-01-12 16:42:22,0.0,0.0,0.0,0.0,0.0,0.0,1.0,0.0,0.0,0.0,0.0,0.0,0.0,0.0,0.0,0.0,0.0,0.0,0.0,0.0,0.0,0.0,0.0,1.0,0.0,0.0,0.0,0.0,0.0,0.0,0.0,1.0,0.0,0.0,0.0,1.0,0.0,0.0,0.0,1.0,0.0,0.0,0.0,1.0,0.0,0.0,0.0,0.0,0.0,0.0,0.0,1.0,0.0,0.0,0.0,1.0,40.0,50.0,33.3,33.3,0.0,0.0,0.0,0.0,0.0,0.0,0.0,0.0,0.0,0.0,4,1,4,25769803776,6178816000,76.0,9206300672,278364160,5881937920,5772312576,3324362752,1073741824,121634816,952107008,11.3,252646752256,4931158016,494384795648,17738448896,24314060800,42.2,0.0,0.0,0.0,0.0,0.0,0.0,4065.436799724362,14229.028799035268,41.68660780967364,45.65676093440446,0.0,0.0,0.0,0.0,0,rest
1768232542.554636,2026-01-12 16:42:22,0.0,0.0,0.0,0.0,1.0,0.0,0.0,0.0,0.0,0.0,0.0,0.0,1.0,0.0,0.0,0.0,0.0,0.0,0.0,0.0,0.0,0.0,0.0,1.0,0.0,0.0,0.0,0.0,0.0,0.0,0.0,1.0,0.0,0.0,0.0,1.0,0.0,0.0,0.0,0.0,0.0,0.0,0.0,0.0,0.0,0.0,0.0,1.0,0.0,0.0,0.0,1.0,0.0,0.0,0.0,1.0,100.0,100.0,100.0,100.0,0.0,0.0,0.0,0.0,0.0,0.0,0.0,0.0,0.0,0.0,4,1,4,25769803776,6122586112,76.2,9254354944,229146624,5875122176,5764726784,3379232768,1073741824,121634816,952107008,11.3,252646752256,4931158016,494384795648,17738448896,24314224640,42.2,3.99864814685053,155.94727772717067,65513.851237999086,777976.9834512392,3.99864814685053,3.99864814685053,6141.923553562414,116696.54751768587,55.98107405590742,109.96282403838958,0.0,0.0,0.0,0.0,0,rest
1768232543.05903,2026-01-12 16:42:23,0.0,0.0,0.0,0.0,1.0,0.0,0.0,0.0,1.0,0.0,0.0,0.0,0.0,0.0,0.0,0.0,0.0,0.0,0.0,1.0,0.0,0.0,0.0,0.0,0.0,0.0,0.0,1.0,0.0,0.0,0.0,1.0,0.0,0.0,0.0,0.0,0.0,0.0,0.0,0.0,0.0,0.0,0.0,1.0,0.0,0.0,0.0,1.0,0.0,0.0,0.0,0.0,0.0,0.0,0.0,0.0,80.0,80.0,83.3,83.3,0.0,0.0,0.0,0.0,0.0,20.0,0.0,60.0,0.0,50.0,4,1,4,25769803776,6120308736,76.3,9417965568,62652416,6074466304,5946589184,3343499264,1073741824,121634816,952107008,11.3,252646752256,4931239936,494384795648,17738448896,24313798656,42.2,7.9303075938441525,852.5080663382464,113688.88966534976,10321327.05461854,3.9651537969220763,19.82576898461038,8120.634976096412,233468.25556277184,91.19853732920775,194.29253604918173,0.0,0.0,0.0,0.0,0,rest
1768232543.5618718,2026-01-12 16:42:23,0.0,0.0,0.0,0.0,0.0,0.0,0.0,0.0,0.0,0.0,0.0,0.0,0.0,0.0,0.0,1.0,0.0,0.0,0.0,1.0,0.0,0.0,0.0,1.0,0.0,0.0,0.0,1.0,0.0,0.0,0.0,0.0,0.0,0.0,0.0,1.0,0.0,0.0,0.0,1.0,0.0,0.0,0.0,0.0,0.0,0.0,0.0,1.0,0.0,0.0,0.0,0.0,0.0,0.0,0.0,1.0,40.0,40.0,33.3,40.0,0.0,0.0,0.0,0.0,0.0,0.0,0.0,0.0,0.0,0.0,4,1,4,25769803776,6150635520,76.1,9394896896,116572160,6091685888,5988859904,3303211008,1073741824,121634816,952107008,11.3,252650012672,4931485696,494384795648,17738448896,24313856000,42.2,332.11246468231747,988.3826044737233,10483521.721083833,17602867.474174175,45.740040046067676,29.830460899609353,6109.278392239996,4072.8522614933304,33.80785568622394,25.853066112994775,0.0,0.0,0.0,0.0,0,rest
1768232544.0635352,2026-01-12 16:42:24,0.0,0.0,0.0,0.0,0.0,0.0,0.0,0.0,0.0,0.0,0.0,1.0,0.0,0.0,0.0,0.0,0.0,0.0,0.0,0.0,0.0,0.0,0.0,1.0,0.0,0.0,0.0,1.0,0.0,0.0,0.0,0.0,0.0,0.0,0.0,1.0,0.0,0.0,0.0,0.0,0.0,0.0,0.0,1.0,0.0,0.0,0.0,1.0,0.0,0.0,0.0,0.0,1.0,0.0,0.0,0.0,50.0,40.0,20.0,16.7,0.0,0.0,0.0,0.0,0.0,16.7,0.0,20.0,0.0,0.0,4,1,4,25769803776,6187220992,76.0,9356623872,148537344,6014042112,5992087552,3342581760,1073741824,121634816,952107008,11.3,252650995712,4931485696,494384795648,17738448896,24313806848,42.2,67.77452142905688,494.3553327766501,955285.8662791112,3788484.119260749,11.960209663951213,13.953577941276414,10206.045579905034,12247.254695886042,37.87399726917884,35.880628991853634,0.0,0.0,0.0,0.0,0,rest
1768232544.568429,2026-01-12 16:42:24,0.0,0.0,0.0,0.0,0.0,0.0,0.0,0.0,0.0,0.0,0.0,0.0,0.0,0.0,0.0,0.0,0.0,0.0,0.0,1.0,0.0,0.0,0.0,1.0,0.0,0.0,0.0,1.0,0.0,0.0,0.0,1.0,0.0,0.0,0.0,0.0,0.0,0.0,0.0,0.0,0.0,0.0,0.0,0.0,0.0,0.0,0.0,1.0,0.0,0.0,0.0,1.0,0.0,0.0,0.0,0.0,40.0,40.0,20.0,20.0,0.0,0.0,0.0,0.0,0.0,0.0,0.0,0.0,0.0,0.0,4,1,4,25769803776,6150488064,76.1,9400107008,120438784,6049300480,5982732288,3350806528,1073741824,121634816,952107008,11.3,252652453888,4931485696,494384795648,17738448896,24313671680,42.2,33.67044848178052,344.62694328410646,657120.3950288949,4259113.671483578,7.922458466301298,11.883687699451947,93294.87089916409,93294.87089916409,279.2666609371208,249.55744168849088,0.0,0.0,0.0,0.0,0,rest
1768232545.0720909,2026-01-12 16:42:25,0.0,0.0,0.0,0.0,0.0,0.0,1.0,0.0,0.0,0.0,0.0,1.0,0.0,0.0,0.0,0.0,0.0,0.0,0.0,0.0,0.0,0.0,0.0,0.0,0.0,0.0,0.0,1.0,0.0,0.0,0.0,1.0,0.0,0.0,0.0,0.0,0.0,0.0,0.0,1.0,0.0,0.0,0.0,1.0,0.0,0.0,0.0,0.0,0.0,0.0,0.0,0.0,0.0,0.0,0.0,1.0,83.3,80.0,66.7,60.0,0.0,0.0,0.0,0.0,0.0,0.0,0.0,0.0,0.0,66.7,4,1,4,25769803776,6150488064,76.1,9400107008,120438784,6049300480,5982732288,3350806528,1073741824,121634816,952107008,11.3,252652453888,4931485696,494384795648,17738448896,24313851904,42.2,387.1645070723892,746.5325879959915,12027878.919038055,6969501.172153897,59.56377031882911,19.85459010627637,56927.08075271561,48794.64064518481,142.95304876518986,113.1711636057753,0.0,0.0,0.0,0.0,0,rest
1768232545.573259,2026-01-12 16:42:25,0.0,0.0,0.0,0.0,0.0,0.0,0.0,0.0,0.0,0.0,0.0,0.0,0.0,0.0,0.0,1.0,0.0,0.0,0.0,0.0,0.0,0.0,0.0,0.0,0.0,0.0,0.0,1.0,0.0,0.0,0.0,1.0,0.0,0.0,0.0,1.0,0.0,0.0,0.0,0.0,0.0,0.0,0.0,1.0,0.0,0.0,0.0,1.0,0.0,0.0,0.0,0.0,0.0,0.0,0.0,1.0,75.0,60.0,60.0,50.0,0.0,0.0,0.0,0.0,0.0,0.0,0.0,0.0,0.0,0.0,4,1,4,25769803776,6172688384,76.0,9387196416,91684864,6145327104,6031884288,3241869312,1073741824,121634816,952107008,11.3,252658040832,4931485696,494384795648,17738448896,24314003456,42.2,3.990675777763823,528.7645405537065,65383.23194288248,4928261.1076947665,0.0,11.97202733329147,36778.06796787139,49037.42395716186,135.68297644396998,137.6783143328519,0.0,0.0,0.0,0.0,0,rest
1768232546.0743449,2026-01-12 16:42:26,0.0,0.0,0.0,0.0,0.0,0.0,0.0,1.0,0.0,0.0,1.0,0.0,0.0,0.0,1.0,0.0,0.0,0.0,0.0,0.0,0.0,0.0,0.0,0.0,1.0,0.0,0.0,1.0,0.0,0.0,0.0,1.0,0.0,0.0,0.0,0.0,0.0,0.0,1.0,1.0,0.0,0.0,0.0,0.0,1.0,0.0,0.0,1.0,1.0,0.0,0.0,0.0,0.0,0.0,0.0,0.0,83.3,100.0,80.0,83.3,85.7,100.0,100.0,100.0,83.3,100.0,100.0,100.0,100.0,100.0,4,1,4,25769803776,6290112512,75.6,9284796416,65585152,6248218624,6215417856,3036577792,1073741824,121634816,952107008,11.3,252668411904,4936220672,494384795648,17738448896,24308400128,42.2,63.86132408624232,732.4095606140916,1577630.1502265302,15163232.791037377,11.973998266170435,23.94799653234087,12261.374224558525,26566.310819876806,53.88299219776696,57.8743249531571,0.0,0.0,0.0,0.0,0,[CPU_default]CPUSim(d5000.0-t70)
1768232546.579363,2026-01-12 16:42:26,0.0,0.0,0.0,0.0,0.0,0.0,0.0,1.0,0.0,0.0,0.0,0.0,0.0,0.0,0.0,0.0,0.0,0.0,0.0,1.0,0.0,0.0,0.0,0.0,1.0,0.0,0.0,0.0,0.0,0.0,0.0,0.0,0.0,0.0,0.0,0.0,1.0,0.0,0.0,1.0,1.0,0.0,0.0,0.0,1.0,0.0,0.0,0.0,0.0,0.0,0.0,0.0,0.0,0.0,0.0,0.0,50.0,75.0,25.0,50.0,66.7,85.7,60.0,60.0,66.7,80.0,100.0,80.0,71.4,66.7,4,1,4,25769803776,6288572416,75.6,9259188224,64864256,6221283328,6214402048,3037904896,1073741824,121634816,952107008,11.3,252668723200,4936220672,494384795648,17738448896,24308453376,42.2,168.3107544141252,271.27733358511944,4525713.81582098,1970875.3714059107,23.76151827022944,5.94037956755736,6082.948677178737,6082.948677178737,51.48328958549712,49.503163062978,0.0,0.0,0.0,0.0,0,[CPU_default]CPUSim(d5000.0-t70)
1768232547.083162,2026-01-12 16:42:27,0.0,0.0,1.0,0.0,0.0,0.0,0.0,0.0,0.0,0.0,0.0,0.0,0.0,0.0,0.0,0.0,0.0,0.0,0.0,0.0,0.0,0.0,0.0,0.0,0.0,0.0,0.0,0.0,0.0,0.0,1.0,0.0,0.0,0.0,1.0,0.0,0.0,0.0,1.0,0.0,0.0,0.0,0.0,0.0,0.0,0.0,1.0,0.0,0.0,0.0,1.0,0.0,0.0,0.0,1.0,0.0,20.0,16.7,0.0,0.0,100.0,85.7,80.0,60.0,80.0,40.0,40.0,50.0,40.0,50.0,4,1,4,25769803776,6172999680,76.0,9353134080,61423616,6131548160,6101909504,3221585920,1073741824,121634816,952107008,11.3,252668788736,4936269824,494384795648,17738448896,24308453376,42.2,39.69837479402163,1.9849187397010817,544725.2195736472,97562.72589378757,9.924593698505408,0.0,2032.5567894539076,8130.227157815631,25.80394361611406,29.773781095516227,0.0,0.0,0.0,0.0,0,[CPU_default]CPUSim(d5000.0-t70)
1768232547.588063,2026-01-12 16:42:27,0.0,0.0,1.0,0.0,0.0,0.0,1.0,0.0,0.0,0.0,1.0,0.0,0.0,0.0,1.0,0.0,0.0,0.0,0.0,0.0,0.0,0.0,0.0,0.0,0.0,0.0,1.0,0.0,0.0,0.0,1.0,0.0,0.0,0.0,1.0,0.0,0.0,0.0,1.0,0.0,0.0,0.0,0.0,0.0,0.0,0.0,0.0,0.0,0.0,0.0,1.0,0.0,0.0,0.0,0.0,0.0,40.0,40.0,33.3,33.3,83.3,83.3,60.0,75.0,100.0,60.0,40.0,40.0,40.0,50.0,4,1,4,25769803776,6167429120,76.1,9322217472,82067456,6100664320,6075023360,3221553152,1073741824,121634816,952107008,11.3,252668821504,4936400896,494384795648,17738448896,24308592640,42.2,33.669971497486905,922.9533363428764,551648.8130148255,9223892.652909655,7.922346234702801,15.844692469405603,10140.603180419586,10140.603180419586,59.41759676027101,55.45642364291961,0.0,0.0,0.0,0.0,0,[CPU_default]CPUSim(d5000.0-t70)
1768232548.092148,2026-01-12 16:42:28,0.0,0.0,0.0,1.0,1.0,0.0,0.0,1.0,0.0,0.0,0.0,1.0,0.0,0.0,0.0,1.0,0.0,0.0,0.0,0.0,0.0,0.0,0.0,0.0,1.0,0.0,0.0,0.0,1.0,0.0,0.0,0.0,1.0,0.0,0.0,0.0,1.0,0.0,0.0,0.0,1.0,0.0,0.0,0.0,1.0,0.0,0.0,0.0,1.0,0.0,0.0,0.0,1.0,0.0,0.0,0.0,50.0,50.0,50.0,50.0,100.0,83.3,80.0,83.3,100.0,83.3,60.0,66.7,100.0,50.0,4,1,4,25769803776,6176014336,76.0,9312108544,72974336,6167609344,6092636160,3144499200,1073741824,121634816,952107008,11.3,252668821504,4936400896,494384795648,17738448896,24308523008,42.2,0.0,188.46025561347898,0.0,1730755.5062049315,0.0,5.95137649305723,0.0,0.0,7.9351686574096405,13.88654515046687,0.0,0.0,0.0,0.0,0,[CPU_default]CPUSim(d5000.0-t70)
1768232548.592322,2026-01-12 16:42:28,0.0,0.0,0.0,0.0,0.0,0.0,0.0,0.0,0.0,0.0,0.0,0.0,1.0,0.0,0.0,0.0,1.0,0.0,0.0,0.0,1.0,0.0,0.0,0.0,0.0,0.0,0.0,0.0,1.0,0.0,0.0,0.0,0.0,0.0,0.0,0.0,1.0,0.0,0.0,0.0,1.0,0.0,0.0,0.0,1.0,0.0,0.0,0.0,1.0,0.0,0.0,0.0,1.0,0.0,0.0,0.0,33.3,60.0,42.9,0.0,100.0,100.0,100.0,100.0,100.0,100.0,100.0,100.0,100.0,100.0,4,1,4,25769803776,6192496640,76.0,9292283904,72073216,6149537792,6110052352,3142746112,1073741824,121634816,952107008,11.3,252668821504,4936400896,494384795648,17738448896,24308625408,42.2,1.9993040599995615,119.95824359997368,32756.597719032816,696077.7015294473,0.0,1.9993040599995615,4094.574714879102,4094.574714879102,33.98816901999255,33.98816901999255,0.0,0.0,0.0,0.0,0,[CPU_default]CPUSim(d5000.0-t70)
1768232549.097078,2026-01-12 16:42:29,0.0,0.0,1.0,1.0,0.0,0.0,0.0,1.0,1.0,0.0,0.0,0.0,0.0,0.0,0.0,0.0,1.0,0.0,0.0,0.0,1.0,0.0,0.0,0.0,1.0,0.0,0.0,0.0,0.0,0.0,0.0,0.0,1.0,0.0,0.0,0.0,1.0,0.0,0.0,0.0,1.0,0.0,0.0,0.0,1.0,0.0,0.0,0.0,1.0,0.0,0.0,0.0,1.0,0.0,0.0,0.0,50.0,25.0,20.0,0.0,100.0,100.0,100.0,100.0,100.0,100.0,100.0,100.0,100.0,100.0,4,1,4,25769803776,6167969792,76.1,9314484224,69337088,6112903168,6087966720,3201581056,1073741824,121634816,952107008,11.3,252668985344,4936400896,494384795648,17738448896,24308703232,42.2,1.9811553540220113,124.81278730338671,32459.249320296633,592381.3000954136,1.9811553540220113,3.9623107080440225,4057.406165037079,4057.406165037079,13.868087478154079,15.84924283217609,0.0,0.0,0.0,0.0,0,[CPU_default]CPUSim(d5000.0-t70)
1768232549.599822,2026-01-12 16:42:29,1.0,0.0,1.0,0.0,0.0,0.0,1.0,0.0,0.0,0.0,0.0,0.0,0.0,0.0,1.0,1.0,0.0,0.0,0.0,0.0,0.0,0.0,0.0,1.0,0.0,0.0,0.0,1.0,0.0,0.0,0.0,0.0,0.0,0.0,0.0,1.0,0.0,0.0,0.0,1.0,0.0,0.0,0.0,0.0,0.0,0.0,0.0,0.0,0.0,0.0,0.0,0.0,0.0,0.0,0.0,0.0,60.0,60.0,57.1,80.0,100.0,100.0,100.0,85.7,100.0,100.0,100.0,100.0,85.7,100.0,4,1,4,25769803776,6090440704,76.4,9328607232,103333888,6012534784,5977931776,3316072448,1073741824,121634816,952107008,11.3,252670279680,4936499200,494384795648,17738448896,24307892224,42.2,109.39962374227056,1123.832498443325,1727225.1286517843,14681413.593540166,17.901756612371546,19.89084068041283,4073.644171348548,18331.398771068463,37.79259729278438,43.75984949690823,0.0,0.0,0.0,0.0,0,[CPU_default]CPUSim(d5000.0-t70)
1768232550.103134,2026-01-12 16:42:30,0.0,0.0,0.0,1.0,0.0,0.0,0.0,1.0,0.0,0.0,0.0,1.0,0.0,0.0,0.0,1.0,0.0,0.0,0.0,0.0,0.0,0.0,0.0,1.0,0.0,0.0,0.0,1.0,1.0,0.0,0.0,0.0,1.0,0.0,0.0,0.0,1.0,0.0,1.0,0.0,1.0,0.0,1.0,0.0,0.0,0.0,0.0,0.0,1.0,0.0,0.0,0.0,0.0,0.0,0.0,0.0,20.0,0.0,16.7,0.0,100.0,66.7,66.7,83.3,80.0,100.0,100.0,100.0,100.0,100.0,4,1,4,25769803776,6174982144,76.0,9247113216,182091776,6002851840,5980815360,3244261376,1073741824,121634816,952107008,11.3,252673556480,4936499200,494384795648,17738448896,24312143872,42.2,496.70992016742434,1309.3273495613305,13289509.67719369,18481614.499024417,81.46042690745759,31.789434890715157,6103.57149901731,2034.52383300577,23.842076168036368,17.88155712602728,0.0,0.0,0.0,0.0,0,[CPU_default]CPUSim(d5000.0-t70)
1768232550.608154,2026-01-12 16:42:30,0.0,0.0,1.0,0.0,0.0,0.0,0.0,0.0,0.0,0.0,1.0,0.0,0.0,0.0,0.0,1.0,0.0,0.0,0.0,0.0,0.0,0.0,0.0,0.0,1.0,0.0,0.0,0.0,0.0,0.0,1.0,0.0,0.0,0.0,1.0,0.0,0.0,0.0,1.0,0.0,0.0,0.0,0.0,0.0,0.0,0.0,0.0,0.0,0.0,0.0,0.0,0.0,0.0,0.0,0.0,0.0,20.0,33.3,0.0,16.7,83.3,100.0,66.7,80.0,100.0,80.0,100.0,83.3,83.3,66.7,4,1,4,25769803776,6251823104,75.7,9174597632,189136896,6073974784,6050037760,3100622848,1073741824,121634816,952107008,11.3,252674834432,4936499200,494384795648,17738448896,24312209408,42.2,47.5228570565308,297.0178566033175,908383.5716832342,3195563.6360999485,7.920476176088467,7.920476176088467,22304.060911865123,16221.13520862918,87.12523793697314,79.20476176088468,0.0,0.0,0.0,0.0,0,[CPU_default]CPUSim(d5000.0-t70)
1768232551.113271,2026-01-12 16:42:31,0.0,0.0,0.0,1.0,0.0,0.0,0.0,0.0,0.0,0.0,0.0,1.0,0.0,0.0,0.0,0.0,0.0,0.0,1.0,0.0,0.0,0.0,0.0,0.0,0.0,0.0,0.0,0.0,0.0,0.0,0.0,0.0,0.0,0.0,0.0,0.0,0.0,0.0,1.0,0.0,0.0,0.0,0.0,0.0,0.0,0.0,1.0,0.0,0.0,0.0,1.0,0.0,0.0,0.0,0.0,0.0,33.3,16.7,0.0,16.7,100.0,100.0,100.0,100.0,83.3,40.0,50.0,100.0,100.0,83.3,4,1,4,25769803776,6257377280,75.7,9164865536,177815552,6016319488,6066683904,3148546048,1073741824,121634816,952107008,11.3,252674834432,4936499200,494384795648,17738448896,24312442880,42.2,1.9797395844641827,219.75109387552428,32436.05335186117,1175806.9340049673,1.9797395844641827,3.9594791689283655,54735.840031265725,26354.2933483872,87.10854171642404,57.412447949461296,0.0,0.0,0.0,0.0,0,rest
1768232551.618304,2026-01-12 16:42:31,0.0,0.0,0.0,0.0,0.0,0.0,0.0,0.0,0.0,0.0,0.0,0.0,0.0,0.0,0.0,1.0,0.0,0.0,0.0,1.0,0.0,0.0,0.0,1.0,0.0,0.0,0.0,0.0,0.0,0.0,0.0,1.0,0.0,0.0,0.0,1.0,0.0,0.0,0.0,0.0,0.0,0.0,0.0,0.0,0.0,0.0,0.0,1.0,0.0,0.0,0.0,1.0,0.0,0.0,0.0,1.0,33.3,33.3,16.7,20.0,0.0,0.0,0.0,0.0,0.0,0.0,0.0,0.0,0.0,0.0,4,1,4,25769803776,6257377280,75.7,9164865536,177815552,6016319488,6066683904,3148546048,1073741824,121634816,952107008,11.3,252674834432,4936499200,494384795648,17738448896,24312442880,42.2,0.0,0.0,0.0,0.0,0.0,0.0,28386.26295708463,18248.311900982975,95.043291150953,91.08315401966328,0.0,0.0,0.0,0.0,0,rest
1768232552.1214778,2026-01-12 16:42:32,0.0,0.0,0.0,1.0,0.0,0.0,0.0,0.0,0.0,0.0,0.0,0.0,0.0,0.0,0.0,1.0,0.0,0.0,0.0,0.0,0.0,0.0,0.0,0.0,0.0,0.0,0.0,0.0,0.0,0.0,0.0,0.0,0.0,0.0,0.0,1.0,0.0,0.0,0.0,0.0,0.0,0.0,0.0,0.0,0.0,0.0,0.0,0.0,0.0,0.0,0.0,0.0,0.0,0.0,0.0,1.0,20.0,16.7,0.0,0.0,0.0,0.0,0.0,0.0,0.0,0.0,0.0,0.0,0.0,0.0,4,1,4,25769803776,6450741248,75.0,8979890176,622772224,5846515712,5814484992,3133374464,1073741824,121634816,952107008,11.3,252676816896,4936499200,494384795648,17738448896,24312393728,42.2,254.38524987869965,1035.4274623968947,6154087.965065503,10549865.082969433,51.67200388161087,23.848617176128094,14245.573993207181,16280.655992236778,87.44492964580301,73.53323629306162,0.0,0.0,0.0,0.0,0,rest
1768232552.622303,2026-01-12 16:42:32,0.0,0.0,0.0,0.0,1.0,0.0,1.0,0.0,1.0,0.0,0.0,0.0,0.0,0.0,0.0,0.0,0.0,0.0,0.0,1.0,0.0,0.0,0.0,1.0,0.0,0.0,0.0,0.0,0.0,0.0,0.0,1.0,0.0,0.0,0.0,0.0,0.0,0.0,0.0,0.0,0.0,0.0,0.0,0.0,0.0,0.0,0.0,0.0,0.0,0.0,0.0,0.0,0.0,0.0,0.0,1.0,66.7,75.0,83.3,83.3,0.0,0.0,0.0,0.0,0.0,0.0,0.0,0.0,0.0,0.0,4,1,4,25769803776,6457212928,74.9,8982724608,472219648,5993496576,5970280448,2989228032,1073741824,121634816,952107008,11.3,252677980160,4936499200,494384795648,17738448896,24312262656,42.2,113.8121719707533,367.3936779406773,3034224.517921197,2698905.905428558,29.95057157125087,7.986819085666898,44981.76509047597,51115.64214826815,201.66718191308917,181.70013419892194,0.0,0.0,0.0,0.0,0,rest
1768232553.12446,2026-01-12 16:42:33,0.0,0.0,0.0,0.0,0.0,0.0,1.0,1.0,0.0,0.0,0.0,0.0,0.0,0.0,0.0,0.0,0.0,0.0,0.0,1.0,0.0,0.0,0.0,1.0,0.0,0.0,0.0,0.0,0.0,0.0,0.0,0.0,0.0,0.0,0.0,1.0,0.0,0.0,0.0,0.0,0.0,0.0,0.0,0.0,0.0,0.0,0.0,0.0,0.0,0.0,0.0,0.0,0.0,0.0,0.0,0.0,16.7,20.0,0.0,0.0,0.0,0.0,0.0,0.0,0.0,0.0,0.0,0.0,0.0,0.0,4,1,4,25769803776,6497222656,74.8,8944369664,509427712,5955944448,5972672512,2988425216,1073741824,121634816,952107008,11.3,252678995968,4936499200,494384795648,17738448896,24312242176,42.2,93.59623093544342,571.5344314568566,1362187.5965794306,6819094.794852718,13.939864181874553,13.939864181874553,32627.24782226181,63215.292655632256,57.75086589633743,61.733684234015875,0.0,0.0,0.0,0.0,0,rest
1768232553.62511,2026-01-12 16:42:33,0.0,0.0,0.0,1.0,0.0,0.0,1.0,1.0,0.0,0.0,0.0,0.0,0.0,0.0,0.0,0.0,0.0,0.0,0.0,1.0,0.0,0.0,0.0,1.0,0.0,0.0,0.0,0.0,0.0,0.0,0.0,0.0,0.0,0.0,0.0,1.0,0.0,0.0,0.0,1.0,0.0,0.0,0.0,0.0,0.0,0.0,0.0,0.0,0.0,0.0,0.0,0.0,0.0,0.0,0.0,0.0,40.0,25.0,33.3,20.0,0.0,0.0,0.0,0.0,0.0,0.0,0.0,0.0,0.0,0.0,4,1,4,25769803776,6497075200,74.8,8945025024,510459904,5956272128,5971378176,2988752896,1073741824,121634816,952107008,11.3,252678995968,4936499200,494384795648,17738448896,24312688640,42.2,25.966247562953658,994.707022026994,425431.00007143273,8778605.059166294,3.994807317377486,19.97403658688743,4090.6826929945455,4090.6826929945455,37.95066951508611,35.95326585639737,0.0,0.0,0.0,0.0,0,rest
1768232554.1296399,2026-01-12 16:42:34,0.0,0.0,0.0,0.0,0.0,0.0,0.0,1.0,0.0,0.0,0.0,1.0,0.0,0.0,0.0,0.0,0.0,0.0,0.0,1.0,0.0,0.0,0.0,1.0,0.0,0.0,0.0,1.0,0.0,0.0,0.0,1.0,0.0,0.0,0.0,1.0,0.0,0.0,0.0,1.0,0.0,0.0,0.0,1.0,0.0,0.0,0.0,1.0,0.0,0.0,0.0,0.0,0.0,0.0,0.0,0.0,33.3,33.3,20.0,28.6,0.0,0.0,0.0,0.0,0.0,0.0,0.0,0.0,0.0,0.0,4,1,4,25769803776,6491750400,74.8,8945467392,534183936,5959925760,5941936128,2985541632,1073741824,121634816,952107008,11.3,252679192576,4936499200,494384795648,17738448896,24312762368,42.2,3.964085755654603,114.95848691398349,64947.58102064502,608883.572068547,1.9820428778273016,5.946128633481905,4059.2238137903137,4059.2238137903137,17.838385900445715,15.856343022618413,0.0,0.0,0.0,0.0,0,rest
1768232554.630343,2026-01-12 16:42:34,0.0,0.0,0.0,0.0,0.0,0.0,0.0,0.0,1.0,0.0,0.0,0.0,0.0,0.0,1.0,0.0,0.0,0.0,0.0,1.0,0.0,0.0,0.0,0.0,0.0,0.0,0.0,1.0,0.0,0.0,0.0,1.0,0.0,0.0,0.0,0.0,0.0,0.0,0.0,1.0,0.0,0.0,0.0,1.0,0.0,0.0,0.0,1.0,0.0,0.0,0.0,0.0,0.0,0.0,0.0,0.0,66.7,66.7,60.0,40.0,0.0,0.0,0.0,0.0,0.0,0.0,16.7,0.0,0.0,16.7,4,1,4,25769803776,6465388544,74.9,8974090240,537952256,5948162048,5910855680,3025928192,1073741824,121634816,952107008,11.3,252679225344,4936499200,494384795648,17738448896,24312520704,42.2,37.94663970923303,1244.2503441501146,629898.2416407592,13317848.53754748,7.988766254575375,27.960681891013813,10225.62080585648,16360.993289370368,55.921363782027626,51.926980654739936,0.0,0.0,0.0,0.0,0,rest
1768232555.135349,2026-01-12 16:42:35,0.0,0.0,0.0,1.0,0.0,0.0,0.0,1.0,0.0,0.0,0.0,1.0,1.0,0.0,0.0,1.0,0.0,0.0,0.0,1.0,0.0,0.0,0.0,1.0,0.0,0.0,0.0,0.0,0.0,0.0,0.0,0.0,0.0,0.0,0.0,1.0,0.0,0.0,0.0,0.0,0.0,0.0,0.0,1.0,0.0,0.0,0.0,1.0,0.0,0.0,0.0,1.0,0.0,0.0,0.0,1.0,50.0,33.3,16.7,0.0,0.0,0.0,0.0,0.0,0.0,0.0,20.0,0.0,0.0,0.0,4,1,4,25769803776,6459916288,74.9,8974483456,532545536,5948817408,5910626304,3025666048,1073741824,121634816,952107008,11.3,252679225344,4936499200,494384795648,17738448896,24312520704,42.2,23.76209039118589,0.0,356874.9148884238,0.0,7.9206967970619635,0.0,0.0,0.0,7.9206967970619635,15.841393594123927,0.0,0.0,0.0,0.0,0,rest
1768232555.636286,2026-01-12 16:42:35,0.0,0.0,0.0,0.0,0.0,0.0,0.0,1.0,0.0,0.0,0.0,0.0,0.0,0.0,0.0,0.0,0.0,0.0,0.0,0.0,0.0,0.0,0.0,1.0,0.0,0.0,0.0,0.0,0.0,0.0,0.0,0.0,0.0,0.0,0.0,1.0,0.0,0.0,0.0,0.0,0.0,0.0,0.0,0.0,0.0,0.0,0.0,1.0,0.0,0.0,0.0,0.0,0.0,0.0,0.0,0.0,33.3,20.0,0.0,0.0,0.0,0.0,0.0,0.0,0.0,0.0,16.7,0.0,0.0,0.0,4,1,4,25769803776,6462603264,74.9,8974401536,534593536,5948735488,5911216128,3025666048,1073741824,121634816,952107008,11.3,252680306688,4936499200,494384795648,17738448896,24312446976,42.2,17.9663316329396,349.3453373071589,228946.96025761965,3556854.561145162,3.992518140653244,9.981295351633111,4088.338576028922,4088.338576028922,31.940145125225953,31.940145125225953,0.0,0.0,0.0,0.0,0,rest
1768232556.137735,2026-01-12 16:42:36,0.0,0.0,0.0,0.0,0.0,0.0,1.0,0.0,0.0,0.0,0.0,1.0,0.0,0.0,0.0,0.0,0.0,0.0,0.0,0.0,0.0,0.0,0.0,1.0,0.0,0.0,0.0,1.0,0.0,0.0,0.0,0.0,0.0,0.0,0.0,1.0,0.0,0.0,0.0,1.0,0.0,0.0,0.0,1.0,0.0,0.0,0.0,1.0,0.0,0.0,0.0,0.0,0.0,0.0,0.0,0.0,33.3,0.0,16.7,0.0,0.0,0.0,0.0,0.0,0.0,0.0,0.0,0.0,0.0,0.0,4,1,4,25769803776,6274646016,75.7,9168896000,366772224,5933613056,5890637824,3235282944,1073741824,121634816,952107008,11.3,252680486912,4936499200,494384795648,17738448896,24312524800,42.2,7.976885065772676,129.624382318806,392079.8547528586,710644.7367395562,1.994221266443169,11.965327598659014,4084.1651536756103,4084.1651536756103,13.959548865102184,13.959548865102184,0.0,0.0,0.0,0.0,0,[Memory_High]RAMSim(d5000.0)
1768232556.6401222,2026-01-12 16:42:36,1.0,0.0,0.0,0.0,0.0,0.0,1.0,0.0,1.0,0.0,1.0,0.0,0.0,0.0,0.0,0.0,0.0,0.0,0.0,1.0,0.0,0.0,0.0,0.0,0.0,0.0,0.0,1.0,0.0,0.0,0.0,1.0,0.0,0.0,0.0,1.0,0.0,0.0,0.0,0.0,0.0,0.0,0.0,1.0,0.0,0.0,0.0,0.0,0.0,0.0,0.0,1.0,0.0,0.0,0.0,0.0,50.0,33.3,25.0,20.0,0.0,0.0,0.0,0.0,0.0,0.0,42.9,20.0,16.7,33.3,4,1,4,25769803776,5954682880,76.9,9172942848,50282496,5937266688,5893996544,3235676160,1073741824,121634816,952107008,11.3,252680486912,4939612160,494384795648,17738448896,24310493184,42.2,234.87855578466804,1313.7275154057704,3660729.5886254753,21214294.85435075,31.847939767412612,35.82893223833919,16306.145160915257,24459.217741372886,63.695879534825224,69.66736824121509,0.0,0.0,0.0,0.0,0,[Memory_High]RAMSim(d5000.0)
1768232557.145157,2026-01-12 16:42:37,0.0,0.0,0.0,1.0,1.0,0.0,0.0,0.0,1.0,0.0,0.0,0.0,0.0,0.0,0.0,1.0,0.0,0.0,0.0,1.0,0.0,0.0,0.0,1.0,0.0,0.0,0.0,0.0,0.0,0.0,0.0,0.0,0.0,0.0,0.0,0.0,0.0,0.0,0.0,0.0,0.0,0.0,0.0,0.0,0.0,0.0,0.0,0.0,0.0,0.0,0.0,1.0,1.0,0.0,1.0,0.0,20.0,16.7,16.7,0.0,0.0,0.0,0.0,0.0,0.0,0.0,0.0,0.0,16.7,0.0,4,1,4,25769803776,5683707904,77.9,9021177856,82591744,5631508480,5588353024,3389669376,1073741824,121634816,952107008,11.3,252684812288,4939612160,494384795648,17738448896,24310669312,42.2,300.9692853130149,1059.332681858309,9740506.58791561,15928688.541770406,55.44171045239747,19.80061087585624,6082.747661063037,8110.330214750717,21.780671963441865,21.780671963441865,0.0,0.0,0.0,0.0,0,[Memory_High]RAMSim(d5000.0)
1768232557.6501849,2026-01-12 16:42:37,0.0,0.0,0.0,1.0,0.0,0.0,0.0,0.0,0.0,0.0,0.0,0.0,0.0,0.0,0.0,0.0,0.0,0.0,0.0,0.0,0.0,0.0,0.0,0.0,0.0,0.0,0.0,1.0,0.0,0.0,0.0,1.0,0.0,0.0,0.0,1.0,0.0,0.0,0.0,0.0,0.0,0.0,0.0,0.0,0.0,0.0,0.0,1.0,0.0,0.0,0.0,0.0,0.0,0.0,0.0,1.0,33.3,33.3,0.0,0.0,0.0,0.0,0.0,0.0,0.0,16.7,16.7,33.3,16.7,25.0,4,1,4,25769803776,5646155776,78.1,8747745280,67125248,5596938240,5553127424,3150807040,1073741824,121634816,952107008,11.3,252684828672,4940447744,494384795648,17738448896,24309747712,42.2,45.54205000377672,285.13283480625427,559620.7104464084,4606732.804834202,9.90044565299494,7.920356522395951,26358.946506533724,28386.55777626709,114.84516957474129,102.96463479114736,0.0,0.0,0.0,0.0,0,[Memory_High]RAMSim(d5000.0)
1768232558.1529229,2026-01-12 16:42:38,0.0,0.0,0.0,1.0,0.0,0.0,0.0,0.0,0.0,0.0,0.0,0.0,0.0,0.0,0.0,0.0,0.0,0.0,0.0,1.0,0.0,0.0,0.0,0.0,0.0,0.0,0.0,1.0,0.0,0.0,0.0,1.0,0.0,0.0,0.0,1.0,0.0,0.0,0.0,1.0,0.0,0.0,0.0,1.0,0.0,0.0,0.0,1.0,0.0,0.0,0.0,1.0,0.0,0.0,0.0,1.0,60.0,50.0,40.0,33.3,0.0,0.0,0.0,0.0,0.0,0.0,0.0,20.0,0.0,0.0,4,1,4,25769803776,5634195456,78.1,8541585408,69812224,5588140032,5553258496,2953445376,1073741824,121634816,952107008,11.3,252685533184,4940464128,494384795648,17738448896,24309751808,42.2,103.43359783291189,41.77126066329134,1767982.5313273605,236274.16317278089,19.89107650632921,0.0,0.0,8147.384936992445,11.934645903797525,13.923753554430448,0.0,0.0,0.0,0.0,0,[Memory_High]RAMSim(d5000.0)
1768232558.6544871,2026-01-12 16:42:38,0.0,0.0,0.0,0.0,0.0,0.0,0.0,0.0,0.0,0.0,0.0,1.0,0.0,0.0,0.0,0.0,0.0,0.0,0.0,1.0,0.0,0.0,0.0,0.0,0.0,0.0,0.0,1.0,0.0,0.0,0.0,1.0,0.0,0.0,0.0,0.0,0.0,0.0,0.0,1.0,0.0,0.0,0.0,1.0,0.0,0.0,0.0,1.0,0.0,0.0,0.0,0.0,0.0,0.0,0.0,1.0,50.0,50.0,40.0,20.0,0.0,0.0,0.0,0.0,0.0,20.0,20.0,25.0,0.0,25.0,4,1,4,25769803776,5516754944,78.6,8412413952,80527360,5459607552,5421383680,2952806400,1073741824,121634816,952107008,11.3,252686090240,4940464128,494384795648,17738448896,24309829632,42.2,450.5903153139235,1176.31984971334,6916984.01770964,9987569.602903057,71.77544845708516,27.912674399977565,44915.48063447818,24499.353073351736,107.66317268562774,91.7130730284977,0.0,0.0,0.0,0.0,0,[Memory_High]RAMSim(d5000.0)
1768232559.155055,2026-01-12 16:42:39,0.0,0.0,0.0,1.0,0.0,0.0,0.0,0.0,0.0,0.0,0.0,0.0,0.0,0.0,0.0,1.0,0.0,0.0,0.0,1.0,0.0,0.0,0.0,0.0,0.0,0.0,0.0,1.0,0.0,0.0,0.0,1.0,0.0,0.0,0.0,1.0,0.0,0.0,0.0,0.0,0.0,0.0,0.0,1.0,0.0,0.0,0.0,1.0,0.0,0.0,0.0,0.0,0.0,0.0,0.0,1.0,20.0,16.7,0.0,0.0,0.0,0.0,0.0,0.0,0.0,0.0,0.0,0.0,0.0,33.3,4,1,4,25769803776,5429510144,78.9,8327151616,68042752,5373820928,5344854016,2953330688,1073741824,121634816,952107008,11.3,252686401536,4940464128,494384795648,17738448896,24309874688,42.2,185.788976029919,599.3192775158678,2741206.4661205774,5367855.050074921,33.961425725899176,15.981847400423142,18411.08820528746,18411.08820528746,55.93646590148099,47.945542201269426,0.0,0.0,0.0,0.0,0,[Memory_High]RAMSim(d5000.0)
1768232559.660104,2026-01-12 16:42:39,0.0,0.0,0.0,0.0,0.0,0.0,0.0,0.0,0.0,0.0,0.0,0.0,0.0,0.0,0.0,0.0,0.0,0.0,0.0,0.0,0.0,0.0,0.0,0.0,0.0,0.0,0.0,1.0,0.0,0.0,0.0,1.0,0.0,0.0,0.0,0.0,0.0,0.0,0.0,1.0,0.0,0.0,0.0,0.0,0.0,0.0,0.0,1.0,0.0,0.0,0.0,0.0,0.0,0.0,0.0,1.0,83.3,100.0,83.3,100.0,0.0,0.0,0.0,0.0,0.0,16.7,20.0,33.3,16.7,33.3,4,1,4,25769803776,5183373312,79.9,8469577728,87736320,5118164992,5078007808,3351412736,1073741824,121634816,952107008,11.3,252686581760,4940496896,494384795648,17738448896,24309764096,42.2,61.38018409793757,409.86122929913154,721799.2848967275,3171050.790950792,11.880035631858885,11.880035631858885,10137.630405852915,4055.052162341166,47.52014252743554,41.580124711506095,0.0,0.0,0.0,0.0,0,[Memory_High]RAMSim(d5000.0)
1768232560.164018,2026-01-12 16:42:40,0.0,0.0,0.0,1.0,0.0,0.0,0.0,0.0,0.0,0.0,0.0,1.0,0.0,0.0,0.0,0.0,0.0,0.0,0.0,1.0,0.0,0.0,0.0,1.0,0.0,0.0,0.0,0.0,0.0,0.0,0.0,1.0,0.0,0.0,0.0,1.0,0.0,0.0,0.0,1.0,0.0,0.0,0.0,1.0,0.0,0.0,0.0,1.0,0.0,0.0,0.0,0.0,0.0,0.0,0.0,1.0,16.7,16.7,0.0,0.0,0.0,0.0,0.0,0.0,0.0,16.7,0.0,20.0,0.0,16.7,4,1,4,25769803776,5138202624,80.1,8424833024,79003648,5068914688,5042323456,3355918336,1073741824,121634816,952107008,11.3,252686581760,4941070336,494384795648,17738448896,24308981760,42.2,7.937864312858635,468.3339944586595,130053.96890187588,5860556.973640782,1.9844660782146588,15.87572862571727,8128.3730563672425,10160.466320459052,27.782525095005223,21.829126860361246,0.0,0.0,0.0,0.0,0,[Memory_High]RAMSim(d5000.0)
1768232560.6690428,2026-01-12 16:42:40,0.0,0.0,0.0,0.0,0.0,0.0,0.0,1.0,0.0,0.0,0.0,0.0,0.0,0.0,0.0,0.0,0.0,0.0,0.0,1.0,0.0,0.0,0.0,1.0,0.0,0.0,0.0,0.0,0.0,0.0,0.0,0.0,0.0,0.0,0.0,1.0,0.0,0.0,0.0,1.0,0.0,0.0,0.0,0.0,0.0,0.0,0.0,0.0,0.0,0.0,0.0,0.0,0.0,0.0,0.0,1.0,33.3,33.3,50.0,0.0,0.0,0.0,0.0,0.0,0.0,0.0,16.7,20.0,0.0,20.0,4,1,4,25769803776,5172756480,79.9,8144977920,74383360,5004296192,5083185152,3140681728,1073741824,121634816,952107008,11.3,252687908864,4941070336,494384795648,17738448896,24309014528,42.2,55.442809744748914,160.3881281901665,762386.1563986501,1094916.28844487,11.880602088160481,5.940301044080241,4055.2455127587777,6082.868269138166,45.54230800461518,49.50250870066867,0.0,0.0,0.0,0.0,0,[Memory_High]RAMSim(d5000.0)
1768232561.174248,2026-01-12 16:42:41,5.0,0.0,4.0,12.0,4.0,0.0,3.0,15.0,3.0,0.0,2.0,16.0,3.0,0.0,1.0,17.0,0.0,0.0,0.0,22.0,0.0,0.0,0.0,21.0,0.0,0.0,0.0,22.0,0.0,0.0,0.0,22.0,0.0,0.0,0.0,21.0,0.0,0.0,1.0,22.0,0.0,0.0,21.0,1.0,0.0,0.0,0.0,21.0,0.0,0.0,0.0,22.0,0.0,0.0,1.0,22.0,60.0,40.0,40.0,33.3,0.0,0.0,0.0,0.0,0.0,0.0,0.0,0.0,0.0,0.0,4,1,4,25769803776,6470549504,74.9,7457816576,2291679232,4190846976,4160520192,3266969600,1073741824,121634816,952107008,11.3,252689498112,4941070336,494384795648,17738448896,24309170176,42.2,110.84605829963795,132.61939117992395,5342906.691252034,624285.0003435608,29.690908473117304,3.9587877964156406,2026.899351764808,4053.798703529616,13.855757287454743,13.855757287454743,0.0,0.0,0.0,0.0,0,rest
1768232561.6745348,2026-01-12 16:42:41,0.0,0.0,0.0,0.0,1.0,0.0,0.0,0.0,0.0,0.0,0.0,1.0,0.0,0.0,0.0,1.0,0.0,0.0,0.0,1.0,0.0,0.0,0.0,0.0,0.0,0.0,0.0,1.0,0.0,0.0,0.0,1.0,0.0,0.0,0.0,0.0,0.0,0.0,0.0,0.0,0.0,0.0,0.0,0.0,0.0,0.0,0.0,1.0,0.0,0.0,0.0,1.0,0.0,0.0,0.0,1.0,40.0,40.0,20.0,60.0,0.0,0.0,0.0,0.0,0.0,0.0,0.0,0.0,0.0,0.0,4,1,4,25769803776,6471172096,74.9,7492714496,2257780736,4225744896,4194926592,3266969600,1073741824,121634816,952107008,11.3,252689498112,4941070336,494384795648,17738448896,24309170176,42.2,7.9954135501380845,0.0,98247.64170409678,0.0,1.9988533875345211,0.0,6140.477606506049,12280.955213012097,41.97592113822494,39.97706775069042,0.0,0.0,0.0,0.0,0,rest
1768232562.17931,2026-01-12 16:42:42,0.0,0.0,0.0,1.0,0.0,0.0,0.0,0.0,0.0,0.0,0.0,0.0,0.0,0.0,0.0,1.0,0.0,0.0,0.0,0.0,0.0,0.0,0.0,1.0,0.0,0.0,0.0,0.0,0.0,0.0,0.0,0.0,0.0,0.0,0.0,1.0,0.0,0.0,0.0,1.0,0.0,0.0,0.0,1.0,0.0,0.0,0.0,0.0,0.0,0.0,0.0,0.0,0.0,0.0,0.0,0.0,40.0,33.3,20.0,20.0,0.0,0.0,0.0,0.0,0.0,0.0,0.0,0.0,0.0,0.0,4,1,4,25769803776,6471172096,74.9,7492714496,2257780736,4225744896,4194926592,3266969600,1073741824,121634816,952107008,11.3,252689498112,4941070336,494384795648,17738448896,24306778112,42.2,263.48358123372543,1717.595976914586,9023326.079635138,22761177.74584223,65.37562541889427,43.58375027926285,6085.876402631612,4057.2509350877417,21.791875139631426,17.829716023334804,0.0,0.0,0.0,0.0,0,rest
1768232562.684342,2026-01-12 16:42:42,1.0,0.0,0.0,1.0,0.0,0.0,1.0,1.0,0.0,0.0,0.0,0.0,0.0,0.0,0.0,1.0,0.0,0.0,0.0,1.0,0.0,0.0,0.0,0.0,0.0,0.0,0.0,1.0,0.0,0.0,0.0,1.0,0.0,0.0,0.0,0.0,0.0,0.0,0.0,1.0,0.0,0.0,0.0,1.0,0.0,0.0,0.0,1.0,0.0,0.0,0.0,1.0,0.0,0.0,0.0,1.0,0.0,16.7,0.0,0.0,0.0,0.0,0.0,0.0,0.0,0.0,0.0,0.0,0.0,0.0,4,1,4,25769803776,6620790784,74.3,7409680384,2240659456,4389928960,4356538368,3019751424,1073741824,121634816,952107008,11.3,252691873792,4941070336,494384795648,17738448896,24306708480,42.2,5.94021971838167,364.3334760607424,24331.13996649132,4347163.674013115,3.960146478921113,7.920292957842226,4055.1899944152196,6082.78499162283,51.48190422597447,57.42212394435614,0.0,0.0,0.0,0.0,0,rest
1768232563.1891682,2026-01-12 16:42:43,0.0,0.0,0.0,0.0,0.0,0.0,0.0,1.0,0.0,0.0,0.0,1.0,0.0,0.0,0.0,1.0,0.0,0.0,0.0,1.0,0.0,0.0,0.0,1.0,0.0,0.0,0.0,0.0,0.0,0.0,0.0,0.0,0.0,0.0,0.0,1.0,0.0,0.0,0.0,1.0,0.0,0.0,0.0,0.0,0.0,0.0,0.0,1.0,0.0,0.0,0.0,0.0,0.0,0.0,0.0,0.0,40.0,40.0,40.0,20.0,0.0,0.0,0.0,0.0,0.0,0.0,0.0,0.0,0.0,0.0,4,1,4,25769803776,6660751360,74.2,7371096064,2287714304,4391174144,4349263872,2979921920,1073741824,121634816,952107008,11.3,252691873792,4941070336,494384795648,17738448896,24306941952,42.2,15.847034681766983,136.68067413024022,324547.2702825878,811368.1757064695,3.961758670441746,5.9426380056626185,2028.4204392661738,4056.8408785323477,11.885276011325237,9.904396676104364,0.0,0.0,0.0,0.0,0,rest
1768232563.693526,2026-01-12 16:42:43,0.0,0.0,0.0,0.0,0.0,0.0,0.0,0.0,0.0,0.0,0.0,0.0,0.0,0.0,0.0,0.0,0.0,0.0,0.0,1.0,0.0,0.0,0.0,1.0,0.0,0.0,0.0,1.0,0.0,0.0,0.0,1.0,0.0,0.0,0.0,1.0,0.0,0.0,0.0,1.0,0.0,0.0,0.0,1.0,0.0,0.0,0.0,0.0,0.0,0.0,0.0,0.0,0.0,0.0,0.0,1.0,40.0,50.0,33.3,42.9,0.0,0.0,0.0,0.0,0.0,0.0,0.0,0.0,0.0,0.0,4,1,4,25769803776,6492962816,74.8,7541604352,2213134336,4248666112,4255612928,3292938240,1073741824,121634816,952107008,11.3,252691873792,4941070336,494384795648,17738448896,24307019776,42.2,59.48158057699853,61.46429992956515,576606.5112360135,332969.9571926275,15.86175482053294,3.965438705133235,6090.91385108465,14212.132319197515,45.60254510903221,47.585264461598825,0.0,0.0,0.0,0.0,0,rest
1768232564.196525,2026-01-12 16:42:44,0.0,0.0,0.0,1.0,0.0,0.0,0.0,0.0,1.0,0.0,0.0,0.0,0.0,0.0,0.0,0.0,0.0,0.0,0.0,1.0,0.0,0.0,0.0,0.0,0.0,0.0,0.0,0.0,0.0,0.0,0.0,1.0,0.0,0.0,0.0,0.0,0.0,0.0,0.0,1.0,0.0,0.0,0.0,0.0,0.0,0.0,0.0,1.0,0.0,0.0,0.0,0.0,0.0,0.0,0.0,1.0,100.0,50.0,20.0,50.0,0.0,0.0,0.0,0.0,0.0,0.0,0.0,0.0,0.0,0.0,4,1,4,25769803776,6492962816,74.8,7541604352,2213134336,4248666112,4255612928,3292938240,1073741824,121634816,952107008,11.3,252691873792,4941070336,494384795648,17738448896,24306143232,42.2,212.7240524976881,1161.0359500808397,11978582.847606638,21514218.81942674,63.61840822360765,21.868827826865132,6107.367189466335,2035.7890631554449,15.904602055901913,9.940376284938695,0.0,0.0,0.0,0.0,0,rest
1768232564.700982,2026-01-12 16:42:44,0.0,0.0,0.0,0.0,0.0,0.0,0.0,1.0,0.0,0.0,0.0,0.0,0.0,0.0,0.0,1.0,0.0,0.0,0.0,0.0,0.0,0.0,0.0,1.0,0.0,0.0,0.0,1.0,0.0,0.0,0.0,1.0,0.0,0.0,0.0,1.0,0.0,0.0,0.0,0.0,0.0,0.0,0.0,1.0,0.0,0.0,0.0,0.0,0.0,0.0,0.0,1.0,0.0,0.0,0.0,0.0,33.3,50.0,20.0,33.3,0.0,0.0,0.0,0.0,0.0,0.0,0.0,16.7,0.0,0.0,4,1,4,25769803776,6268764160,75.7,7850377216,1865334784,4452270080,4377051136,3398107136,1073741824,121634816,952107008,11.3,252705144832,4941070336,494384795648,17738448896,24310501376,42.2,578.8402218308894,1139.8394779204157,13113189.113082899,9930297.390278876,67.39920391181589,23.787954321817374,16239.243483693992,16239.243483693992,81.27551059954268,71.36386296545211,0.0,0.0,0.0,0.0,0,rest
1768232565.204418,2026-01-12 16:42:45,0.0,0.0,0.0,0.0,0.0,0.0,0.0,0.0,0.0,0.0,0.0,1.0,0.0,0.0,0.0,1.0,0.0,0.0,0.0,1.0,0.0,0.0,0.0,1.0,0.0,0.0,0.0,1.0,0.0,0.0,0.0,0.0,0.0,0.0,0.0,1.0,0.0,0.0,0.0,1.0,0.0,0.0,0.0,0.0,0.0,0.0,0.0,1.0,0.0,0.0,0.0,0.0,0.0,0.0,0.0,1.0,40.0,0.0,0.0,0.0,0.0,0.0,0.0,0.0,0.0,0.0,0.0,0.0,0.0,0.0,4,1,4,25769803776,6355288064,75.3,7786938368,1847967744,4533993472,4480729088,3252944896,1073741824,121634816,952107008,11.3,252705292288,4941070336,494384795648,17738448896,24310419456,42.2,0.0,309.87066168520664,0.0,3701921.504932602,0.0,7.945401581671965,6102.068414724069,2034.022804908023,17.877153558761922,13.904452767925939,0.0,0.0,0.0,0.0,0,rest
1768232565.709457,2026-01-12 16:42:45,1.0,0.0,0.0,0.0,0.0,0.0,0.0,0.0,0.0,0.0,0.0,1.0,0.0,0.0,0.0,0.0,0.0,0.0,0.0,0.0,0.0,0.0,0.0,1.0,0.0,0.0,0.0,1.0,0.0,0.0,0.0,1.0,0.0,0.0,0.0,0.0,0.0,0.0,0.0,1.0,0.0,0.0,0.0,1.0,0.0,0.0,0.0,0.0,0.0,0.0,0.0,1.0,0.0,0.0,0.0,0.0,20.0,28.6,16.7,0.0,0.0,0.0,0.0,0.0,0.0,0.0,0.0,0.0,0.0,0.0,4,1,4,25769803776,6369378304,75.3,7796703232,1836204032,4549738496,4505239552,3246964736,1073741824,121634816,952107008,11.3,252707274752,4941070336,494384795648,17738448896,24310665216,42.2,73.26167228520026,124.74284740453017,1573391.4345393234,640710.9449928174,23.76054236276765,3.9600903937946086,60826.98844868519,28385.927942719754,120.78275701073557,95.0421694510706,0.0,0.0,0.0,0.0,0,rest
1768232566.2123678,2026-01-12 16:42:46,0.0,0.0,0.0,0.0,0.0,0.0,0.0,1.0,0.0,0.0,0.0,0.0,0.0,0.0,0.0,0.0,0.0,0.0,0.0,1.0,0.0,0.0,0.0,0.0,0.0,0.0,0.0,1.0,0.0,0.0,0.0,1.0,0.0,0.0,0.0,0.0,0.0,0.0,0.0,1.0,0.0,0.0,0.0,1.0,0.0,0.0,0.0,1.0,0.0,0.0,0.0,1.0,0.0,0.0,0.0,0.0,33.3,33.3,16.7,20.0,0.0,0.0,0.0,0.0,0.0,0.0,0.0,16.7,0.0,0.0,4,1,4,25769803776,6448939008,75.0,7721140224,1869725696,4568694784,4551000064,3152445440,1073741824,121634816,952107008,11.3,252707323904,4941070336,494384795648,17738448896,24310665216,42.2,1.988423982428802,113.3401669984417,97735.01558434046,651566.7705622698,1.988423982428802,3.976847964857604,10180.730790035466,12216.876948042558,39.76847964857604,39.76847964857604,0.0,0.0,0.0,0.0,0,[Memory_High]RAMSim(d5000.0)
1768232566.7166588,2026-01-12 16:42:46,1.0,0.0,1.0,0.0,0.0,0.0,0.0,0.0,0.0,0.0,0.0,0.0,1.0,0.0,0.0,0.0,0.0,0.0,0.0,1.0,0.0,0.0,0.0,1.0,0.0,0.0,0.0,0.0,0.0,0.0,0.0,0.0,0.0,0.0,0.0,1.0,0.0,0.0,0.0,1.0,0.0,0.0,0.0,1.0,0.0,0.0,0.0,1.0,0.0,0.0,0.0,1.0,0.0,0.0,0.0,1.0,100.0,100.0,100.0,100.0,0.0,0.0,0.0,0.0,0.0,0.0,0.0,0.0,0.0,0.0,4,1,4,25769803776,6056443904,76.5,8253259776,941195264,5136465920,5086724096,3116793856,1073741824,121634816,952107008,11.3,252707471360,4941070336,494384795648,17738448896,24310718464,42.2,11.897890929721296,590.9285828428244,324891.7416542562,5360713.737295227,3.965963643240432,19.82981821620216,8122.293541356405,6091.720156017303,37.676654610784105,31.727709145923455,0.0,0.0,0.0,0.0,0,[Memory_High]RAMSim(d5000.0)
1768232567.2213602,2026-01-12 16:42:47,1.0,0.0,0.0,1.0,0.0,0.0,1.0,0.0,0.0,0.0,0.0,0.0,0.0,0.0,0.0,1.0,0.0,0.0,0.0,0.0,0.0,0.0,0.0,0.0,0.0,0.0,0.0,1.0,0.0,0.0,0.0,1.0,0.0,0.0,0.0,0.0,0.0,0.0,0.0,1.0,0.0,0.0,0.0,0.0,0.0,0.0,0.0,1.0,0.0,0.0,0.0,0.0,0.0,0.0,0.0,0.0,20.0,20.0,0.0,0.0,0.0,0.0,0.0,0.0,0.0,0.0,16.7,0.0,0.0,20.0,4,1,4,25769803776,5598330880,78.3,8749989888,141328384,5520687104,5428428800,3229302784,1073741824,121634816,952107008,11.3,252707471360,4941070336,494384795648,17738448896,24310718464,42.2,13.869587707517368,0.0,73041.21160713147,0.0,5.944109017507444,0.0,18260.302901782867,14202.457812497785,57.459720502571955,45.57150246755707,0.0,0.0,0.0,0.0,0,[Memory_High]RAMSim(d5000.0)
1768232567.7255979,2026-01-12 16:42:47,0.0,0.0,0.0,0.0,0.0,0.0,0.0,0.0,1.0,0.0,0.0,0.0,1.0,0.0,0.0,0.0,0.0,0.0,0.0,1.0,0.0,0.0,0.0,1.0,0.0,0.0,0.0,0.0,0.0,0.0,0.0,0.0,0.0,0.0,0.0,1.0,0.0,0.0,0.0,0.0,0.0,0.0,0.0,1.0,0.0,0.0,0.0,1.0,0.0,0.0,0.0,1.0,0.0,0.0,0.0,1.0,40.0,50.0,16.7,16.7,0.0,0.0,0.0,0.0,0.0,16.7,40.0,20.0,0.0,40.0,4,1,4,25769803776,5479055360,78.7,8649932800,63258624,5433917440,5409112064,3216015360,1073741824,121634816,952107008,11.3,252707667968,4942315520,494384795648,17738448896,24309653504,42.2,47.59660432563598,420.4366715431178,617359.6891730491,4345887.28562607,13.882342928310495,13.882342928310495,10153.942256135675,8123.15380490854,75.36129018225697,75.36129018225697,0.0,0.0,0.0,0.0,0,[Memory_High]RAMSim(d5000.0)
1768232568.228645,2026-01-12 16:42:48,0.0,0.0,0.0,1.0,0.0,0.0,0.0,1.0,0.0,0.0,0.0,1.0,0.0,0.0,0.0,1.0,0.0,0.0,0.0,0.0,0.0,0.0,0.0,1.0,0.0,0.0,0.0,1.0,0.0,0.0,0.0,1.0,0.0,0.0,0.0,1.0,0.0,0.0,0.0,0.0,0.0,0.0,0.0,0.0,0.0,0.0,0.0,0.0,0.0,0.0,0.0,0.0,0.0,0.0,0.0,1.0,25.0,20.0,20.0,0.0,0.0,0.0,0.0,0.0,0.0,0.0,40.0,50.0,0.0,33.3,4,1,4,25769803776,5136973824,80.1,8859320320,68829184,5154127872,5058887680,3705192448,1073741824,121634816,952107008,11.3,252708978688,4942331904,494384795648,17738448896,24309653504,42.2,453.23776252610867,176.92175817905118,5862511.185179814,1001512.3274682182,115.2973255548873,3.9757698467202514,2035.5941615207687,4071.1883230415374,23.85461908032151,23.85461908032151,0.0,0.0,0.0,0.0,0,[Memory_High]RAMSim(d5000.0)
1768232568.7299762,2026-01-12 16:42:48,0.0,0.0,0.0,0.0,0.0,0.0,0.0,1.0,0.0,0.0,0.0,0.0,0.0,0.0,0.0,0.0,0.0,0.0,0.0,0.0,0.0,0.0,0.0,0.0,0.0,0.0,0.0,0.0,0.0,0.0,0.0,1.0,0.0,0.0,0.0,0.0,0.0,0.0,0.0,1.0,0.0,0.0,0.0,0.0,0.0,0.0,0.0,1.0,0.0,0.0,0.0,0.0,0.0,0.0,0.0,1.0,40.0,40.0,20.0,33.3,0.0,0.0,0.0,0.0,0.0,16.7,16.7,40.0,0.0,20.0,4,1,4,25769803776,5083267072,80.3,8794914816,32538624,5073256448,5038555136,3721658368,1073741824,121634816,952107008,11.3,252709928960,4942364672,494384795648,17738448896,24309780480,42.2,223.40525458509987,235.37339322358739,3554058.450085246,1152005.152786252,31.915036369299983,5.984069319243747,8170.249310540796,8170.249310540796,51.86193410011247,49.86724432703122,0.0,0.0,0.0,0.0,0,[Memory_High]RAMSim(d5000.0)
1768232569.2343569,2026-01-12 16:42:49,0.0,0.0,0.0,0.0,0.0,0.0,0.0,1.0,0.0,0.0,0.0,0.0,0.0,0.0,0.0,1.0,0.0,0.0,0.0,1.0,0.0,0.0,0.0,1.0,0.0,0.0,0.0,1.0,0.0,0.0,0.0,0.0,0.0,0.0,0.0,1.0,0.0,0.0,0.0,0.0,0.0,0.0,0.0,0.0,0.0,0.0,0.0,1.0,0.0,0.0,0.0,0.0,0.0,0.0,0.0,1.0,66.7,80.0,50.0,40.0,0.0,0.0,0.0,0.0,0.0,16.7,28.6,40.0,0.0,40.0,4,1,4,25769803776,5339922432,79.3,8393768960,74399744,5280563200,5254512640,3113205760,1073741824,121634816,952107008,11.3,252710404096,4942462976,494384795648,17738448896,24309747712,42.2,144.73194467947923,9.913146895854743,2322563.082006083,194900.39849002092,19.826293791709485,0.0,0.0,12181.274905626307,3.965258758341897,9.913146895854743,0.0,0.0,0.0,0.0,0,[Memory_High]RAMSim(d5000.0)
1768232569.735903,2026-01-12 16:42:49,0.0,0.0,0.0,0.0,0.0,0.0,0.0,1.0,0.0,0.0,1.0,0.0,1.0,0.0,1.0,1.0,0.0,0.0,0.0,1.0,0.0,0.0,0.0,0.0,0.0,0.0,0.0,1.0,0.0,0.0,0.0,0.0,0.0,0.0,0.0,1.0,0.0,0.0,0.0,0.0,0.0,0.0,0.0,0.0,0.0,0.0,0.0,1.0,0.0,0.0,0.0,1.0,0.0,0.0,0.0,1.0,60.0,60.0,50.0,50.0,0.0,0.0,0.0,0.0,0.0,0.0,16.7,20.0,0.0,0.0,4,1,4,25769803776,5288673280,79.5,8307212288,77299712,5231722496,5196808192,3075489792,1073741824,121634816,952107008,11.3,252711124992,4943429632,494384795648,17738448896,24307187712,42.2,486.49561497539736,1164.3993407607873,7488906.138144556,17027665.537656926,83.74104847937168,59.815034628122625,12250.119091839515,8166.746061226343,73.77187604135123,53.83353116531036,0.0,0.0,0.0,0.0,0,[Memory_High]RAMSim(d5000.0)
1768232570.2368152,2026-01-12 16:42:50,0.0,0.0,0.0,1.0,0.0,0.0,0.0,1.0,0.0,0.0,0.0,0.0,0.0,0.0,0.0,1.0,0.0,0.0,0.0,1.0,0.0,0.0,0.0,1.0,0.0,0.0,0.0,1.0,0.0,0.0,0.0,0.0,0.0,0.0,0.0,1.0,0.0,0.0,0.0,1.0,0.0,0.0,0.0,1.0,0.0,0.0,0.0,0.0,0.0,0.0,0.0,1.0,0.0,0.0,0.0,1.0,40.0,20.0,33.3,0.0,0.0,0.0,0.0,0.0,0.0,0.0,20.0,20.0,0.0,20.0,4,1,4,25769803776,5130813440,80.1,8343191552,83066880,5066915840,5028970496,3276275712,1073741824,121634816,952107008,11.3,252714483712,4943462400,494384795648,17738448896,24307376128,42.2,594.9146502248001,1247.7236791627518,14162705.85731407,17507132.355952322,87.83974701305773,31.941726186566445,6132.811427820758,4088.540951880505,27.94901041324564,27.94901041324564,0.0,0.0,0.0,0.0,0,[Memory_High]RAMSim(d5000.0)
1768232570.7368488,2026-01-12 16:42:50,0.0,0.0,0.0,1.0,0.0,0.0,0.0,1.0,0.0,0.0,0.0,0.0,0.0,0.0,0.0,0.0,0.0,0.0,0.0,1.0,0.0,0.0,0.0,1.0,0.0,0.0,0.0,1.0,0.0,0.0,0.0,0.0,0.0,0.0,0.0,1.0,0.0,0.0,0.0,1.0,0.0,0.0,0.0,1.0,0.0,0.0,0.0,0.0,0.0,0.0,0.0,1.0,0.0,0.0,0.0,0.0,20.0,33.3,0.0,0.0,0.0,0.0,0.0,0.0,0.0,0.0,33.3,16.7,0.0,0.0,4,1,4,25769803776,5107302400,80.2,8319221760,80658432,5043322880,5006786560,3275898880,1073741824,121634816,952107008,11.3,252716793856,4943462400,494384795648,17738448896,24307507200,42.2,145.9901844901976,343.9768730453971,3227431.006776831,3252005.354544167,49.99663852404027,5.999596622884833,18430.760825502206,14335.036197612828,67.99542839269478,59.99596622884833,0.0,0.0,0.0,0.0,0,[Memory_High]RAMSim(d5000.0)
1768232571.459424,2026-01-12 16:42:51,0.0,0.0,0.0,1.0,0.0,0.0,0.0,0.0,0.0,0.0,0.0,0.0,0.0,0.0,0.0,1.0,0.0,0.0,0.0,1.0,0.0,0.0,0.0,1.0,0.0,0.0,0.0,1.0,0.0,0.0,0.0,0.0,0.0,0.0,0.0,1.0,0.0,0.0,0.0,1.0,0.0,0.0,0.0,0.0,0.0,0.0,0.0,0.0,0.0,0.0,0.0,1.0,0.0,0.0,0.0,1.0,25.0,20.0,20.0,20.0,0.0,0.0,0.0,0.0,0.0,0.0,0.0,0.0,0.0,0.0,4,1,4,25769803776,5107302400,80.2,8319221760,80658432,5043322880,5006786560,3275898880,1073741824,121634816,952107008,11.3,252716793856,4943462400,494384795648,17738448896,24311939072,42.2,405.49413402844226,370.89565842874583,8809026.532463128,1887648.5426706702,65.04513412742931,8.303634143927146,2834.307121127132,5668.614242254264,11.07151219190286,9.687573167915003,0.0,0.0,0.0,0.0,0,rest
1768232571.961718,2026-01-12 16:42:51,0.0,0.0,0.0,0.0,0.0,0.0,0.0,0.0,0.0,0.0,0.0,1.0,0.0,0.0,0.0,1.0,0.0,0.0,0.0,1.0,0.0,0.0,0.0,1.0,0.0,0.0,0.0,1.0,0.0,0.0,0.0,0.0,0.0,0.0,0.0,1.0,0.0,0.0,0.0,0.0,0.0,0.0,0.0,1.0,0.0,0.0,0.0,1.0,0.0,0.0,0.0,1.0,0.0,0.0,0.0,0.0,50.0,40.0,20.0,20.0,0.0,0.0,0.0,0.0,0.0,0.0,0.0,0.0,0.0,0.0,4,1,4,25769803776,6399131648,75.2,8579629056,1805205504,4612177920,4564893696,3967451136,1073741824,121634816,952107008,11.3,252722790400,4943462400,494384795648,17738448896,24311934976,42.2,25.88125351841251,197.09569987098757,154937.12875514888,1051941.5583902213,9.954328276312504,7.963462621050003,50966.160774720025,22425.11074087681,115.47020800522505,89.58895448681254,0.0,0.0,0.0,0.0,0,rest
1768232572.465875,2026-01-12 16:42:52,0.0,0.0,0.0,1.0,0.0,0.0,0.0,1.0,0.0,0.0,0.0,0.0,0.0,0.0,0.0,0.0,0.0,0.0,0.0,1.0,0.0,0.0,0.0,1.0,0.0,0.0,0.0,0.0,0.0,0.0,0.0,1.0,0.0,0.0,0.0,1.0,0.0,0.0,0.0,0.0,0.0,0.0,0.0,1.0,0.0,0.0,0.0,1.0,0.0,0.0,0.0,0.0,0.0,0.0,0.0,1.0,40.0,0.0,33.3,16.7,0.0,0.0,0.0,0.0,0.0,0.0,28.6,16.7,0.0,20.0,4,1,4,25769803776,6386597888,75.2,8630206464,1758183424,4646502400,4595056640,3983704064,1073741824,121634816,952107008,11.3,252723118080,4943462400,494384795648,17738448896,24311934976,42.2,234.05415431003786,384.8008977639605,7539495.231339264,2786688.431410956,43.63721521034604,11.901058693730738,8124.4560682535175,10155.570085316896,23.802117387461475,29.752646734326845,0.0,0.0,0.0,0.0,0,rest
1768232572.970929,2026-01-12 16:42:52,0.0,0.0,0.0,0.0,0.0,0.0,1.0,0.0,0.0,0.0,0.0,0.0,0.0,0.0,1.0,0.0,0.0,0.0,0.0,1.0,0.0,0.0,0.0,0.0,0.0,0.0,0.0,1.0,0.0,0.0,0.0,0.0,0.0,0.0,0.0,1.0,0.0,0.0,0.0,1.0,0.0,0.0,0.0,1.0,0.0,0.0,0.0,0.0,0.0,0.0,0.0,0.0,0.0,0.0,0.0,1.0,20.0,0.0,16.7,16.7,0.0,0.0,0.0,0.0,0.0,0.0,0.0,0.0,0.0,0.0,4,1,4,25769803776,6746161152,73.8,8273788928,1736851456,5032394752,4973150208,3241394176,1073741824,121634816,952107008,11.3,252726018048,4943462400,494384795648,17738448896,24311705600,42.2,188.09869945948498,627.6556603016498,3479200.2643264807,6114958.04033139,31.67978096159747,21.77984941109826,8110.023926168952,6082.517944626714,39.59972620199684,35.63975358179715,0.0,0.0,0.0,0.0,0,rest
1768232573.473789,2026-01-12 16:42:53,1.0,0.0,0.0,0.0,1.0,0.0,0.0,0.0,1.0,0.0,0.0,0.0,0.0,0.0,0.0,0.0,0.0,0.0,0.0,1.0,0.0,0.0,0.0,1.0,0.0,0.0,0.0,0.0,0.0,0.0,0.0,0.0,0.0,0.0,0.0,0.0,0.0,0.0,0.0,1.0,0.0,0.0,0.0,0.0,0.0,0.0,0.0,1.0,0.0,0.0,0.0,0.0,0.0,0.0,0.0,0.0,100.0,100.0,100.0,100.0,0.0,0.0,0.0,0.0,0.0,16.7,0.0,16.7,0.0,0.0,4,1,4,25769803776,6943113216,73.1,8131952640,1895694336,5065965568,5006950400,3065987072,1073741824,121634816,952107008,11.3,252728786944,4943462400,494384795648,17738448896,24311873536,42.2,355.9638375306048,210.79422781141957,6695524.671217003,985594.264254571,73.57911725492949,5.965874372021309,14254.462499549581,10181.758928249701,31.817996650780316,23.863497488085237,0.0,0.0,0.0,0.0,0,rest
1768232573.978786,2026-01-12 16:42:53,0.0,0.0,0.0,1.0,0.0,0.0,0.0,1.0,0.0,0.0,0.0,1.0,0.0,0.0,0.0,1.0,0.0,0.0,0.0,0.0,0.0,0.0,0.0,0.0,0.0,0.0,0.0,1.0,0.0,0.0,0.0,1.0,0.0,0.0,0.0,1.0,0.0,0.0,0.0,1.0,0.0,0.0,0.0,0.0,0.0,0.0,0.0,1.0,0.0,0.0,0.0,1.0,0.0,0.0,0.0,1.0,33.3,20.0,20.0,0.0,0.0,0.0,0.0,0.0,0.0,0.0,0.0,0.0,0.0,0.0,4,1,4,25769803776,6941048832,73.1,8146239488,1859190784,5098242048,5032951808,3047997440,1073741824,121634816,952107008,11.3,252737093632,4943462400,494384795648,17738448896,24311902208,42.2,800.0047287417892,5.940629173825168,15062013.782416502,24332.817095987888,251.48663502526543,1.9802097246083892,4055.469515997981,4055.469515997981,31.683355593734227,33.66356531834262,0.0,0.0,0.0,0.0,0,rest
1768232574.4811141,2026-01-12 16:42:54,0.0,0.0,1.0,1.0,0.0,0.0,0.0,1.0,0.0,0.0,0.0,1.0,0.0,0.0,0.0,0.0,0.0,0.0,0.0,1.0,0.0,0.0,0.0,0.0,0.0,0.0,0.0,1.0,0.0,0.0,0.0,0.0,0.0,0.0,0.0,1.0,0.0,0.0,0.0,1.0,0.0,0.0,0.0,1.0,0.0,0.0,0.0,1.0,0.0,0.0,0.0,1.0,0.0,0.0,0.0,1.0,50.0,40.0,40.0,33.3,0.0,0.0,0.0,0.0,0.0,0.0,0.0,20.0,0.0,0.0,4,1,4,25769803776,6955466752,73.0,8155774976,1851179008,5122031616,5054988288,3033743360,1073741824,121634816,952107008,11.3,252737421312,4943462400,494384795648,17738448896,24311902208,42.2,41.805341169111074,0.0,530012.096803054,0.0,13.935113723037025,0.0,4077.016129254261,2038.5080646271306,13.935113723037025,11.944383191174593,0.0,0.0,0.0,0.0,0,rest
1768232574.9857159,2026-01-12 16:42:54,0.0,0.0,0.0,0.0,0.0,0.0,0.0,0.0,0.0,0.0,0.0,0.0,0.0,0.0,0.0,0.0,0.0,0.0,0.0,1.0,0.0,0.0,0.0,1.0,0.0,0.0,0.0,0.0,0.0,0.0,0.0,1.0,0.0,0.0,0.0,0.0,0.0,0.0,0.0,0.0,0.0,0.0,0.0,1.0,0.0,0.0,0.0,1.0,0.0,0.0,0.0,0.0,0.0,0.0,0.0,1.0,20.0,20.0,16.7,0.0,0.0,0.0,0.0,0.0,0.0,0.0,0.0,0.0,0.0,0.0,4,1,4,25769803776,6955188224,73.0,8155971584,1845018624,5127798784,5060509696,3028172800,1073741824,121634816,952107008,11.3,252737470464,4943462400,494384795648,17738448896,24312135680,42.2,53.507546824805466,166.46792345495032,495154.87479476276,844198.4750599234,17.83584894160182,11.890565961067882,12175.939544133511,12175.939544133511,79.27043974045255,73.3251567599186,0.0,0.0,0.0,0.0,0,rest
1768232575.49032,2026-01-12 16:42:55,0.0,0.0,0.0,0.0,0.0,0.0,0.0,0.0,0.0,0.0,0.0,0.0,0.0,0.0,0.0,0.0,0.0,0.0,0.0,0.0,0.0,0.0,0.0,0.0,0.0,0.0,0.0,1.0,0.0,0.0,0.0,1.0,0.0,0.0,0.0,1.0,0.0,0.0,0.0,1.0,0.0,0.0,0.0,1.0,0.0,0.0,0.0,1.0,0.0,0.0,0.0,1.0,0.0,0.0,0.0,0.0,60.0,25.0,50.0,16.7,0.0,0.0,0.0,0.0,0.0,0.0,0.0,0.0,0.0,0.0,4,1,4,25769803776,6943031296,73.1,8175501312,1811660800,5150507008,5077860352,3024994304,1073741824,121634816,952107008,11.3,252737748992,4943462400,494384795648,17738448896,24311336960,42.2,410.2225874017169,1113.7444160375117,3295605.398584336,14708465.473484771,67.3795554186395,29.726274449399778,2029.3136690790247,12175.88201447415,19.817516299599852,19.817516299599852,0.0,0.0,0.0,0.0,0,rest
1768232575.991916,2026-01-12 16:42:55,0.0,0.0,0.0,0.0,0.0,0.0,0.0,1.0,0.0,0.0,0.0,1.0,0.0,0.0,0.0,0.0,0.0,0.0,0.0,1.0,0.0,0.0,0.0,0.0,0.0,0.0,0.0,1.0,0.0,0.0,0.0,0.0,0.0,0.0,0.0,1.0,0.0,0.0,0.0,1.0,0.0,0.0,0.0,0.0,0.0,0.0,0.0,1.0,0.0,0.0,0.0,1.0,0.0,0.0,0.0,1.0,33.3,0.0,28.6,0.0,0.0,0.0,0.0,0.0,0.0,0.0,0.0,0.0,0.0,0.0,4,1,4,25769803776,6905724928,73.2,8218247168,1784152064,5068783616,5063639040,3149463552,1073741824,121634816,952107008,11.3,252743794688,4943462400,494384795648,17738448896,24311508992,42.2,271.1345526240989,1110.4554839089933,15033485.895709097,16266542.044678176,99.68182081768343,35.885455494366035,10207.418451730782,6124.451071038469,59.809092490610055,57.81545607425639,0.0,0.0,0.0,0.0,0,rest
1768232576.4973629,2026-01-12 16:42:56,0.0,0.0,0.0,0.0,0.0,0.0,0.0,0.0,0.0,0.0,0.0,0.0,0.0,0.0,0.0,1.0,0.0,0.0,0.0,1.0,0.0,0.0,0.0,1.0,0.0,0.0,0.0,0.0,0.0,0.0,0.0,1.0,0.0,0.0,0.0,0.0,0.0,0.0,0.0,1.0,0.0,0.0,0.0,0.0,0.0,0.0,0.0,1.0,0.0,0.0,0.0,1.0,0.0,0.0,1.0,0.0,33.3,0.0,28.6,0.0,83.3,83.3,83.3,50.0,85.7,100.0,85.7,100.0,100.0,100.0,4,1,4,25769803776,6829096960,73.5,8408809472,1555005440,5297274880,5213503488,3111534592,1073741824,121634816,952107008,11.3,252746317824,4943462400,494384795648,17738448896,24311640064,42.2,134.53440616453412,294.788625272288,4359801.104053872,3095620.858268734,19.78447149478443,9.892235747392215,14181.50916746148,12155.579286395554,43.52583728852574,33.63360154113353,0.0,0.0,0.0,0.0,0,[CPU_SingleCore0]CPUSim(d5000.0-t99)
1768232577.002387,2026-01-12 16:42:57,1.0,0.0,0.0,0.0,0.0,0.0,0.0,1.0,1.0,0.0,0.0,0.0,0.0,0.0,0.0,0.0,0.0,0.0,0.0,1.0,0.0,0.0,0.0,1.0,0.0,0.0,0.0,1.0,0.0,0.0,0.0,1.0,0.0,0.0,0.0,0.0,0.0,0.0,1.0,1.0,0.0,0.0,0.0,1.0,0.0,0.0,0.0,0.0,1.0,0.0,0.0,0.0,0.0,0.0,0.0,0.0,50.0,66.7,25.0,40.0,0.0,0.0,0.0,0.0,0.0,20.0,16.7,40.0,60.0,0.0,4,1,4,25769803776,6887096320,73.3,8407875584,1506361344,5406195712,5311676416,3001679872,1073741824,121634816,952107008,11.3,252746629120,4943462400,494384795648,17738448896,24311816192,42.2,562.3492952826069,322.7568138417779,12068427.738220444,1759979.045157148,71.28371348652763,19.801031524035455,12165.753768367384,26359.133164795996,63.363300876913456,63.363300876913456,0.0,0.0,0.0,0.0,0,[CPU_SingleCore0]CPUSim(d5000.0-t99)
1768232577.5073988,2026-01-12 16:42:57,0.0,0.0,0.0,1.0,0.0,0.0,0.0,1.0,0.0,0.0,0.0,0.0,1.0,0.0,0.0,0.0,0.0,0.0,0.0,0.0,0.0,0.0,0.0,1.0,0.0,0.0,0.0,1.0,0.0,0.0,0.0,0.0,0.0,0.0,0.0,1.0,0.0,0.0,0.0,1.0,0.0,0.0,0.0,1.0,0.0,0.0,0.0,1.0,0.0,0.0,0.0,1.0,0.0,0.0,0.0,0.0,66.7,60.0,33.3,50.0,0.0,0.0,0.0,0.0,0.0,0.0,0.0,20.0,0.0,100.0,4,1,4,25769803776,6910623744,73.2,8423309312,1508016128,5421907968,5332664320,3001401344,1073741824,121634816,952107008,11.3,252747317248,4943462400,494384795648,17738448896,24311816192,42.2,47.52364230872549,11.880910577181373,1249048.0495861291,72996.31458620235,21.781669391499182,0.0,60830.26215516863,10138.377025861439,95.04728461745098,61.38470464877042,0.0,0.0,0.0,0.0,0,[CPU_SingleCore0]CPUSim(d5000.0-t99)
1768232578.008855,2026-01-12 16:42:58,0.0,0.0,1.0,0.0,1.0,0.0,0.0,1.0,0.0,0.0,0.0,0.0,0.0,0.0,0.0,1.0,0.0,0.0,0.0,0.0,0.0,0.0,0.0,1.0,0.0,0.0,0.0,0.0,0.0,0.0,0.0,1.0,0.0,0.0,0.0,1.0,0.0,0.0,0.0,0.0,0.0,0.0,0.0,1.0,0.0,0.0,0.0,0.0,0.0,0.0,0.0,0.0,0.0,0.0,0.0,1.0,80.0,100.0,83.3,80.0,0.0,0.0,0.0,0.0,0.0,100.0,0.0,0.0,0.0,20.0,4,1,4,25769803776,6906363904,73.2,8429486080,1491648512,5427953664,5343133696,3001532416,1073741824,121634816,952107008,11.3,252748218368,4943462400,494384795648,17738448896,24311980032,42.2,121.64570428762968,514.5015033804665,2336108.035442123,4280141.995005848,19.941918735676996,7.976767494270798,14294.367349733271,10210.262392666622,57.83156433346329,51.84898871276019,0.0,0.0,0.0,0.0,0,[CPU_SingleCore0]CPUSim(d5000.0-t99)
1768232578.509089,2026-01-12 16:42:58,0.0,0.0,0.0,0.0,0.0,0.0,0.0,0.0,0.0,0.0,0.0,0.0,0.0,0.0,0.0,1.0,0.0,0.0,0.0,0.0,0.0,0.0,0.0,1.0,0.0,0.0,0.0,0.0,0.0,0.0,0.0,1.0,0.0,0.0,0.0,1.0,0.0,0.0,0.0,0.0,0.0,0.0,0.0,0.0,0.0,0.0,0.0,0.0,0.0,0.0,0.0,1.0,0.0,0.0,0.0,0.0,50.0,50.0,33.3,20.0,0.0,0.0,0.0,0.0,0.0,0.0,100.0,0.0,0.0,0.0,4,1,4,25769803776,6923403264,73.1,8415887360,1487994880,5456429056,5362614272,2959458304,1073741824,121634816,952107008,11.3,252749119488,4943462400,494384795648,17738448896,24311877632,42.2,67.96820601935148,249.88311036526284,1613069.4428084397,1916031.7239450503,13.993454180454718,7.996259531688411,16376.339520897865,10235.212200561165,45.97849230720836,31.985038126753643,0.0,0.0,0.0,0.0,0,[CPU_SingleCore0]CPUSim(d5000.0-t99)
1768232579.009523,2026-01-12 16:42:59,0.0,0.0,0.0,1.0,0.0,0.0,0.0,1.0,0.0,0.0,0.0,1.0,0.0,0.0,0.0,0.0,0.0,0.0,0.0,0.0,0.0,0.0,0.0,1.0,0.0,0.0,0.0,0.0,0.0,0.0,0.0,1.0,0.0,0.0,0.0,1.0,0.0,0.0,0.0,0.0,0.0,0.0,0.0,0.0,0.0,0.0,0.0,1.0,0.0,0.0,0.0,1.0,0.0,0.0,0.0,1.0,40.0,25.0,25.0,0.0,0.0,0.0,0.0,0.0,0.0,0.0,100.0,0.0,0.0,0.0,4,1,4,25769803776,6928859136,73.1,8416690176,1490337792,5459705856,5365694464,2956984320,1073741824,121634816,952107008,11.3,252749283328,4943462400,494384795648,17738448896,24311877632,42.2,1.9982658177431618,0.0,32739.587157903963,0.0,0.0,0.0,4092.4483947379954,6138.672592106994,33.97051890163375,35.96878471937691,0.0,0.0,0.0,0.0,0,[CPU_SingleCore0]CPUSim(d5000.0-t99)
1768232579.5124512,2026-01-12 16:42:59,0.0,0.0,0.0,1.0,0.0,0.0,0.0,1.0,0.0,0.0,0.0,0.0,0.0,0.0,0.0,0.0,0.0,0.0,0.0,1.0,0.0,0.0,0.0,1.0,0.0,0.0,0.0,1.0,0.0,0.0,0.0,1.0,0.0,0.0,0.0,0.0,0.0,0.0,0.0,0.0,0.0,0.0,0.0,1.0,0.0,0.0,0.0,1.0,1.0,0.0,0.0,0.0,0.0,0.0,0.0,0.0,20.0,0.0,16.7,28.6,0.0,0.0,0.0,0.0,0.0,0.0,0.0,0.0,100.0,0.0,4,1,4,25769803776,6931775488,73.1,8416296960,1490386944,5459623936,5368233984,2956673024,1073741824,121634816,952107008,11.3,252749283328,4943462400,494384795648,17738448896,24311877632,42.2,43.74381374340226,115.32459986896959,439792.34995548567,708554.3415949491,7.953420680618592,3.976710340309296,0.0,0.0,0.0,0.0,0.0,0.0,0.0,0.0,0,[CPU_SingleCore0]CPUSim(d5000.0-t99)
1768232580.017463,2026-01-12 16:43:00,1.0,0.0,1.0,0.0,0.0,0.0,1.0,0.0,0.0,0.0,1.0,0.0,0.0,0.0,0.0,0.0,0.0,0.0,0.0,0.0,0.0,0.0,0.0,0.0,0.0,0.0,0.0,1.0,0.0,0.0,0.0,0.0,0.0,0.0,0.0,1.0,0.0,0.0,0.0,0.0,0.0,0.0,0.0,0.0,0.0,0.0,0.0,0.0,1.0,0.0,0.0,0.0,0.0,0.0,0.0,0.0,40.0,20.0,20.0,20.0,0.0,0.0,0.0,0.0,0.0,0.0,20.0,16.7,100.0,0.0,4,1,4,25769803776,6925123584,73.1,8433565696,1495302144,5444452352,5356355584,2989113344,1073741824,121634816,952107008,11.3,252749283328,4943462400,494384795648,17738448896,24312041472,42.2,5.9404552885906865,104.9480434317688,97328.41944826981,567749.1134482406,3.960303525727124,1.980151762863562,10138.377025861439,6083.026215516863,53.464097597316176,37.62288349440768,0.0,0.0,0.0,0.0,0,[CPU_SingleCore0]CPUSim(d5000.0-t99)
1768232580.5224671,2026-01-12 16:43:00,0.0,0.0,1.0,0.0,0.0,0.0,0.0,0.0,1.0,0.0,0.0,0.0,0.0,0.0,1.0,0.0,0.0,0.0,0.0,1.0,0.0,0.0,0.0,1.0,0.0,0.0,0.0,1.0,0.0,0.0,0.0,1.0,0.0,0.0,0.0,0.0,0.0,0.0,0.0,1.0,0.0,0.0,0.0,0.0,0.0,0.0,0.0,1.0,0.0,0.0,0.0,0.0,0.0,0.0,0.0,1.0,100.0,100.0,100.0,100.0,0.0,0.0,0.0,0.0,0.0,0.0,0.0,0.0,100.0,0.0,4,1,4,25769803776,6909100032,73.2,8435712000,1479868416,5446631424,5355618304,2989080576,1073741824,121634816,952107008,11.3,252749283328,4943462400,494384795648,17738448896,24312041472,42.2,0.0,1.9801816781791204,0.0,32443.29661528671,0.0,0.0,2027.7060384554193,4055.4120769108386,9.900908390895601,15.841453425432963,0.0,0.0,0.0,0.0,0,[CPU_SingleCore0]CPUSim(d5000.0-t99)
1768232581.0253088,2026-01-12 16:43:01,1.0,0.0,0.0,1.0,0.0,0.0,0.0,0.0,0.0,0.0,1.0,0.0,0.0,0.0,0.0,0.0,0.0,0.0,0.0,1.0,0.0,0.0,0.0,0.0,0.0,0.0,0.0,1.0,0.0,0.0,0.0,0.0,0.0,0.0,0.0,1.0,0.0,0.0,0.0,1.0,0.0,0.0,0.0,0.0,0.0,0.0,0.0,0.0,0.0,0.0,0.0,0.0,0.0,0.0,0.0,0.0,75.0,80.0,40.0,50.0,0.0,0.0,0.0,0.0,0.0,0.0,0.0,0.0,100.0,0.0,4,1,4,25769803776,6870401024,73.3,8479866880,1415806976,5393219584,5380145152,3086647296,1073741824,121634816,952107008,11.3,252749365248,4943462400,494384795648,17738448896,24311332864,42.2,17.89827653976561,1171.342764657994,260662.54473557314,14996242.026818443,5.966092179921871,27.841763506302065,10182.130653733326,22400.687438213317,55.68352701260413,53.69482961929684,0.0,0.0,0.0,0.0,0,[CPU_SingleCore0]CPUSim(d5000.0-t99)
1768232581.5300102,2026-01-12 16:43:01,0.0,0.0,0.0,0.0,0.0,0.0,0.0,1.0,0.0,0.0,0.0,1.0,0.0,0.0,0.0,1.0,0.0,0.0,0.0,0.0,0.0,0.0,0.0,1.0,0.0,0.0,0.0,0.0,0.0,0.0,0.0,1.0,0.0,0.0,0.0,1.0,0.0,0.0,0.0,1.0,0.0,0.0,0.0,0.0,0.0,0.0,0.0,1.0,0.0,0.0,0.0,0.0,0.0,0.0,0.0,0.0,33.3,60.0,33.3,33.3,0.0,0.0,0.0,0.0,0.0,20.0,0.0,0.0,16.7,100.0,4,1,4,25769803776,6878330880,73.3,8480817152,1436532736,5379670016,5366956032,3101147136,1073741824,121634816,952107008,11.3,252752674816,4943462400,494384795648,17738448896,24311508992,42.2,118.88218035014887,1044.1818174088075,7117460.286606033,15833711.538390389,25.757805742532256,25.757805742532256,10144.612723212704,0.0,31.7019147600397,19.813696725024812,0.0,0.0,0.0,0.0,0,rest
1768232582.03441,2026-01-12 16:43:02,0.0,0.0,0.0,0.0,0.0,0.0,0.0,0.0,1.0,0.0,0.0,0.0,0.0,0.0,0.0,0.0,0.0,0.0,0.0,1.0,0.0,0.0,0.0,1.0,0.0,0.0,0.0,1.0,0.0,0.0,0.0,1.0,0.0,0.0,0.0,1.0,0.0,0.0,0.0,1.0,0.0,0.0,0.0,1.0,0.0,0.0,0.0,0.0,0.0,0.0,0.0,0.0,0.0,0.0,0.0,0.0,50.0,40.0,40.0,33.3,0.0,0.0,0.0,0.0,0.0,0.0,0.0,0.0,0.0,0.0,4,1,4,25769803776,6890553344,73.3,8466857984,1475264512,5351079936,5340594176,3115778048,1073741824,121634816,952107008,11.3,252753756160,4943462400,494384795648,17738448896,24311640064,42.2,9.912772037893633,287.4703890989154,89325.97138786712,2963998.1415064996,1.982554407578727,11.895326445472362,16241.085706884931,16241.085706884931,59.476632227361804,51.5464145970469,0.0,0.0,0.0,0.0,0,rest
1768232582.535956,2026-01-12 16:43:02,0.0,0.0,0.0,1.0,0.0,0.0,0.0,1.0,0.0,0.0,0.0,0.0,0.0,0.0,0.0,1.0,0.0,0.0,0.0,1.0,0.0,0.0,0.0,1.0,0.0,0.0,0.0,1.0,0.0,0.0,0.0,0.0,0.0,0.0,0.0,1.0,0.0,0.0,0.0,0.0,0.0,0.0,0.0,1.0,0.0,0.0,0.0,0.0,0.0,0.0,0.0,1.0,0.0,0.0,0.0,1.0,40.0,40.0,20.0,0.0,0.0,0.0,0.0,0.0,0.0,16.7,0.0,16.7,0.0,20.0,4,1,4,25769803776,6974406656,72.9,8396226560,1533984768,5441323008,5365448704,2954903552,1073741824,121634816,952107008,11.3,252753969152,4943462400,494384795648,17738448896,24311820288,42.2,19.938354354080268,398.7670870816054,465504.74677558284,2539859.2324071275,5.98150630622408,15.950683483264214,8166.749943431278,2041.6874858578194,19.938354354080268,25.919860660304348,0.0,0.0,0.0,0.0,0,rest
1768232583.040281,2026-01-12 16:43:03,0.0,0.0,0.0,0.0,1.0,0.0,0.0,0.0,0.0,0.0,1.0,1.0,0.0,0.0,0.0,0.0,0.0,0.0,0.0,0.0,0.0,0.0,0.0,1.0,0.0,0.0,0.0,0.0,0.0,0.0,0.0,1.0,0.0,0.0,0.0,0.0,0.0,0.0,0.0,0.0,0.0,0.0,0.0,0.0,0.0,0.0,0.0,1.0,0.0,0.0,0.0,1.0,0.0,0.0,0.0,1.0,33.3,0.0,0.0,16.7,0.0,0.0,0.0,0.0,0.0,16.7,0.0,0.0,0.0,0.0,4,1,4,25769803776,6977044480,72.9,8395653120,1534803968,5457182720,5366988800,2938470400,1073741824,121634816,952107008,11.3,252753969152,4943462400,494384795648,17738448896,24311832576,42.2,3.965695532486516,5.948543298729774,64973.95560425908,24365.233351597155,0.0,0.0,38578.28614002883,28426.10557686335,89.22814948094661,63.451128519784255,0.0,0.0,0.0,0.0,0,rest
1768232583.5445209,2026-01-12 16:43:03,0.0,0.0,0.0,0.0,0.0,0.0,1.0,0.0,0.0,0.0,0.0,1.0,0.0,0.0,0.0,1.0,0.0,0.0,0.0,1.0,0.0,0.0,0.0,1.0,0.0,0.0,0.0,1.0,0.0,0.0,0.0,0.0,0.0,0.0,0.0,1.0,0.0,0.0,0.0,0.0,0.0,0.0,0.0,1.0,0.0,0.0,0.0,1.0,0.0,0.0,0.0,0.0,0.0,0.0,0.0,1.0,33.3,20.0,0.0,0.0,0.0,0.0,0.0,0.0,0.0,0.0,0.0,0.0,0.0,0.0,4,1,4,25769803776,6977044480,72.9,8395653120,1534803968,5457182720,5366988800,2938470400,1073741824,121634816,952107008,11.3,252753969152,4943462400,494384795648,17738448896,24311832576,42.2,0.0,0.0,0.0,0.0,0.0,0.0,10153.899046542801,8123.119237234241,39.66366815055782,39.66366815055782,0.0,0.0,0.0,0.0,0,rest
1768232584.04957,2026-01-12 16:43:04,0.0,0.0,0.0,0.0,0.0,0.0,0.0,1.0,0.0,0.0,0.0,1.0,0.0,0.0,0.0,0.0,0.0,0.0,0.0,0.0,0.0,0.0,0.0,0.0,0.0,0.0,0.0,0.0,0.0,0.0,0.0,1.0,0.0,0.0,0.0,0.0,0.0,0.0,0.0,0.0,0.0,0.0,0.0,0.0,0.0,0.0,0.0,1.0,0.0,0.0,0.0,1.0,0.0,0.0,0.0,0.0,16.7,16.7,0.0,0.0,0.0,0.0,0.0,0.0,0.0,0.0,0.0,0.0,0.0,0.0,4,1,4,25769803776,6965100544,73.0,8403156992,1526136832,5445222400,5363269632,2957934592,1073741824,121634816,952107008,11.3,252754132992,4943462400,494384795648,17738448896,24311832576,42.2,23.760060047301412,0.0,324404.01984582195,0.0,5.940015011825353,0.0,12165.150744218323,8110.100496145548,43.560110086719256,45.54011509066104,0.0,0.0,0.0,0.0,0,rest
1768232584.553937,2026-01-12 16:43:04,0.0,0.0,1.0,0.0,0.0,0.0,0.0,0.0,0.0,0.0,0.0,1.0,0.0,0.0,0.0,1.0,0.0,0.0,0.0,1.0,0.0,0.0,0.0,1.0,0.0,0.0,0.0,1.0,0.0,0.0,0.0,1.0,0.0,0.0,0.0,1.0,0.0,0.0,0.0,1.0,0.0,0.0,0.0,1.0,0.0,0.0,0.0,1.0,0.0,0.0,0.0,0.0,0.0,0.0,0.0,0.0,0.0,16.7,0.0,0.0,0.0,0.0,0.0,0.0,0.0,0.0,0.0,0.0,0.0,0.0,4,1,4,25769803776,6957416448,73.0,8416608256,1526824960,5431050240,5353766912,2985558016,1073741824,121634816,952107008,11.3,252754132992,4943462400,494384795648,17738448896,24310935552,42.2,109.04760554165792,723.6795640491844,1810999.1869562669,9509775.999667212,15.861469896968424,23.792204845452638,4060.5362936239167,4060.5362936239167,11.896102422726319,7.930734948484212,0.0,0.0,0.0,0.0,0,rest
1768232585.056772,2026-01-12 16:43:05,0.0,0.0,1.0,1.0,0.0,0.0,0.0,0.0,0.0,0.0,0.0,1.0,0.0,0.0,0.0,0.0,0.0,0.0,0.0,1.0,0.0,0.0,0.0,0.0,0.0,0.0,0.0,1.0,0.0,0.0,0.0,0.0,0.0,0.0,0.0,1.0,0.0,0.0,0.0,1.0,0.0,0.0,0.0,1.0,0.0,0.0,0.0,1.0,0.0,0.0,0.0,1.0,1.0,0.0,0.0,0.0,25.0,20.0,0.0,0.0,0.0,0.0,0.0,0.0,0.0,0.0,0.0,0.0,0.0,0.0,4,1,4,25769803776,6960300032,73.0,8416362496,1529774080,5430919168,5353488384,2985443328,1073741824,121634816,952107008,11.3,252754132992,4943462400,494384795648,17738448896,24310829056,42.2,3.977447591158644,246.6017506518359,65166.50133354322,1661745.7840053523,1.988723795579322,5.966171386737966,18328.078500059033,16291.625333385806,73.58278043643492,65.62788525411763,0.0,0.0,0.0,0.0,0,rest
1768232585.560825,2026-01-12 16:43:05,0.0,0.0,0.0,0.0,0.0,0.0,0.0,0.0,1.0,0.0,0.0,0.0,0.0,0.0,0.0,1.0,0.0,0.0,0.0,0.0,0.0,0.0,0.0,1.0,0.0,0.0,0.0,0.0,0.0,0.0,0.0,1.0,0.0,0.0,0.0,0.0,0.0,0.0,0.0,0.0,0.0,0.0,0.0,1.0,0.0,0.0,0.0,0.0,0.0,0.0,0.0,1.0,0.0,0.0,0.0,1.0,40.0,40.0,0.0,33.3,0.0,0.0,0.0,0.0,0.0,16.7,0.0,0.0,0.0,0.0,4,1,4,25769803776,6960300032,73.0,8416362496,1529774080,5430919168,5353488384,2985443328,1073741824,121634816,952107008,11.3,252754132992,4943462400,494384795648,17738448896,24310829056,42.2,15.871343214678982,5.951753705504618,89387.40498507203,97513.53271098767,3.9678358036697454,1.9839179018348727,4063.0638629578193,2031.5319314789097,15.871343214678982,9.919589509174363,0.0,0.0,0.0,0.0,0,rest
1768232586.0656588,2026-01-12 16:43:06,0.0,0.0,0.0,1.0,0.0,0.0,0.0,1.0,0.0,0.0,0.0,1.0,0.0,0.0,0.0,1.0,0.0,0.0,0.0,1.0,0.0,0.0,0.0,1.0,0.0,0.0,0.0,1.0,0.0,0.0,0.0,0.0,0.0,0.0,0.0,1.0,0.0,0.0,0.0,0.0,0.0,0.0,0.0,1.0,0.0,0.0,0.0,0.0,0.0,0.0,0.0,0.0,0.0,0.0,0.0,1.0,0.0,20.0,0.0,0.0,0.0,0.0,0.0,0.0,0.0,0.0,0.0,0.0,0.0,0.0,4,1,4,25769803776,6962380800,73.0,8421261312,1520369664,5451595776,5364269056,2969665536,1073741824,121634816,952107008,11.3,252754165760,4943462400,494384795648,17738448896,24311492608,42.2,120.83187039358164,5.9425510029630315,860037.6747541591,81135.62969378859,21.789353677531114,0.0,4056.7814846894294,4056.7814846894294,31.693605349136167,31.693605349136167,0.0,0.0,0.0,0.0,0,rest
1768232586.5685709,2026-01-12 16:43:06,0.0,0.0,0.0,1.0,0.0,0.0,0.0,0.0,0.0,0.0,0.0,0.0,0.0,0.0,0.0,1.0,0.0,0.0,0.0,1.0,0.0,0.0,0.0,0.0,0.0,0.0,0.0,0.0,0.0,0.0,0.0,0.0,0.0,0.0,0.0,1.0,0.0,0.0,0.0,1.0,0.0,0.0,0.0,0.0,0.0,0.0,0.0,0.0,0.0,0.0,0.0,1.0,0.0,0.0,0.0,0.0,33.3,28.6,16.7,0.0,0.0,0.0,0.0,0.0,0.0,0.0,0.0,0.0,0.0,0.0,4,1,4,25769803776,6963494912,73.0,8416772096,1525841920,5447335936,5361483776,2969436160,1073741824,121634816,952107008,11.3,252754198528,4943462400,494384795648,17738448896,24315813888,42.2,7.9536770764296,278.378697675036,162891.30652527823,1262407.625570906,3.9768385382148,11.930515614644401,4072.2826631319554,4072.2826631319554,13.9189348837518,9.942096345537001,0.0,0.0,0.0,0.0,0,rest
1768232587.07089,2026-01-12 16:43:07,0.0,0.0,0.0,1.0,0.0,0.0,0.0,0.0,0.0,0.0,0.0,0.0,0.0,0.0,0.0,0.0,0.0,0.0,0.0,0.0,0.0,0.0,0.0,0.0,0.0,0.0,0.0,0.0,0.0,0.0,0.0,1.0,0.0,0.0,0.0,0.0,0.0,0.0,0.0,1.0,0.0,0.0,0.0,1.0,0.0,0.0,0.0,0.0,0.0,0.0,0.0,1.0,0.0,0.0,0.0,1.0,100.0,87.5,83.3,83.3,0.0,0.0,0.0,0.0,0.0,14.3,0.0,0.0,0.0,0.0,4,1,4,25769803776,6381060096,75.2,9022750720,987774976,5337317376,5316296704,3685433344,1073741824,121634816,952107008,11.3,252754345984,4943462400,494384795648,17738448896,24315101184,42.2,9.953832184952244,1232.284424497088,293550.45573286363,14865068.911139177,5.972299310971347,33.84302942883763,4077.0896629564395,14269.813820347537,37.82456230281853,41.806095176799424,0.0,0.0,0.0,0.0,0,rest
1768232587.575922,2026-01-12 16:43:07,1.0,0.0,1.0,0.0,0.0,0.0,0.0,0.0,1.0,0.0,0.0,0.0,0.0,0.0,0.0,0.0,0.0,0.0,0.0,1.0,0.0,0.0,0.0,1.0,0.0,0.0,0.0,1.0,0.0,0.0,0.0,0.0,0.0,0.0,0.0,1.0,0.0,0.0,0.0,1.0,0.0,0.0,0.0,1.0,0.0,0.0,0.0,1.0,0.0,0.0,0.0,0.0,0.0,0.0,0.0,1.0,66.7,80.0,66.7,66.7,0.0,0.0,0.0,0.0,0.0,0.0,0.0,0.0,0.0,0.0,4,1,4,25769803776,6312083456,75.5,9124626432,921829376,5312479232,5312659456,3812147200,1073741824,121634816,952107008,11.3,252757524480,4943462400,494384795648,17738448896,24315277312,42.2,104.94383214886949,1180.123093598608,6764053.717467844,16634381.504228475,25.740939961043463,41.581518398608665,6082.782120025039,4055.1880800166928,31.681156875130412,27.721012265739112,0.0,0.0,0.0,0.0,0,rest
1768232588.0797591,2026-01-12 16:43:08,0.0,0.0,0.0,1.0,0.0,0.0,0.0,1.0,0.0,0.0,0.0,1.0,0.0,0.0,0.0,1.0,0.0,0.0,0.0,1.0,0.0,0.0,0.0,1.0,0.0,0.0,0.0,0.0,0.0,0.0,0.0,0.0,0.0,0.0,0.0,1.0,0.0,0.0,0.0,0.0,0.0,0.0,0.0,1.0,1.0,0.0,0.0,1.0,0.0,0.0,0.0,1.0,0.0,0.0,0.0,0.0,25.0,0.0,20.0,0.0,0.0,0.0,0.0,0.0,0.0,0.0,0.0,0.0,0.0,0.0,4,1,4,25769803776,5968756736,76.8,9537421312,716259328,5187092480,5174755328,4350328832,1073741824,121634816,952107008,11.3,252757671936,4943462400,494384795648,17738448896,24315408384,42.2,3.9695369114622716,321.532489828444,292666.01740829035,3105511.6291657477,1.9847684557311358,5.954305367193408,20324.02898668683,16259.223189349465,71.45166440632089,63.512590583396346,0.0,0.0,0.0,0.0,0,rest
1768232588.5854661,2026-01-12 16:43:08,1.0,0.0,0.0,1.0,0.0,0.0,1.0,0.0,0.0,0.0,0.0,0.0,1.0,0.0,0.0,0.0,0.0,0.0,0.0,0.0,0.0,0.0,0.0,0.0,0.0,0.0,0.0,1.0,1.0,0.0,0.0,1.0,0.0,0.0,0.0,1.0,0.0,0.0,0.0,0.0,0.0,0.0,0.0,0.0,0.0,0.0,1.0,0.0,1.0,0.0,1.0,0.0,0.0,0.0,0.0,0.0,50.0,50.0,33.3,33.3,0.0,28.6,0.0,0.0,16.7,33.3,16.7,20.0,0.0,20.0,4,1,4,25769803776,6243188736,75.8,9274130432,777469952,5478694912,5387812864,3795435520,1073741824,121634816,952107008,11.3,252758753280,4943462400,494384795648,17738448896,24315740160,42.2,0.0,104.8037644813584,0.0,631765.0020117025,0.0,7.909718074064784,4049.7756539211696,10124.439134802924,23.729154222194353,11.864577111097176,0.0,0.0,0.0,0.0,0,[Network_Spam]NetSim(d5000.0)
1768232589.0898519,2026-01-12 16:43:09,0.0,0.0,0.0,0.0,0.0,0.0,0.0,0.0,0.0,0.0,0.0,1.0,0.0,0.0,1.0,1.0,0.0,0.0,0.0,0.0,0.0,0.0,0.0,1.0,0.0,0.0,0.0,1.0,0.0,0.0,0.0,0.0,0.0,0.0,0.0,1.0,0.0,0.0,0.0,1.0,0.0,0.0,0.0,1.0,0.0,0.0,0.0,0.0,0.0,0.0,0.0,1.0,0.0,0.0,0.0,1.0,33.3,28.6,0.0,0.0,0.0,0.0,0.0,0.0,0.0,0.0,0.0,0.0,0.0,0.0,4,1,4,25769803776,6202490880,75.9,9313468416,770785280,5446828032,5353521152,3866640384,1073741824,121634816,952107008,11.3,252758884352,4943462400,494384795648,17738448896,24315740160,42.2,13.878267890053968,0.0,341072.3116659663,0.0,5.947829095737415,0.0,64966.1546030412,24362.30797614045,144.73050799627708,109.0435334218526,0.0,0.0,0.0,0.0,0,[Network_Spam]NetSim(d5000.0)
1768232589.593626,2026-01-12 16:43:09,0.0,0.0,0.0,1.0,0.0,0.0,1.0,1.0,0.0,0.0,0.0,1.0,0.0,0.0,0.0,0.0,0.0,0.0,0.0,1.0,0.0,0.0,0.0,1.0,0.0,0.0,0.0,1.0,0.0,0.0,0.0,1.0,0.0,0.0,0.0,1.0,0.0,0.0,0.0,0.0,0.0,0.0,0.0,0.0,0.0,0.0,0.0,1.0,0.0,0.0,0.0,0.0,0.0,0.0,0.0,1.0,20.0,20.0,16.7,16.7,0.0,0.0,0.0,0.0,0.0,0.0,40.0,0.0,0.0,16.7,4,1,4,25769803776,6540361728,74.6,8964849664,911327232,5644517376,5550735360,3320332288,1073741824,121634816,952107008,11.3,252759293952,4943462400,494384795648,17738448896,24315740160,42.2,11.910098618918665,152.8462656094562,544752.0306978478,796801.4777371506,1.9850164364864442,5.955049309459333,20326.56830962119,28457.195633469666,89.32573964189,91.31075607837644,0.0,0.0,0.0,0.0,0,[Network_Spam]NetSim(d5000.0)
1768232590.0975628,2026-01-12 16:43:10,0.0,0.0,0.0,0.0,0.0,0.0,0.0,1.0,0.0,0.0,0.0,1.0,0.0,0.0,0.0,0.0,0.0,0.0,0.0,0.0,0.0,0.0,0.0,1.0,0.0,0.0,0.0,1.0,0.0,0.0,0.0,1.0,0.0,0.0,0.0,0.0,0.0,0.0,0.0,1.0,0.0,0.0,0.0,0.0,0.0,0.0,0.0,1.0,0.0,0.0,0.0,0.0,0.0,0.0,0.0,0.0,16.7,0.0,0.0,16.7,0.0,0.0,0.0,0.0,0.0,16.7,0.0,0.0,0.0,16.7,4,1,4,25769803776,5674172416,78.0,9877651456,231718912,5412454400,5358075904,4465197056,1073741824,121634816,952107008,11.3,252765257728,4943462400,494384795648,17738448896,24315756544,42.2,521.8908738569612,555.6252649427723,11769349.612063223,3438145.6394355963,472.2814752013565,11.906255677345122,46736.022285472056,319024.1521225701,222.25010597710894,335.3595349118876,0.0,0.0,0.0,0.0,0,[Network_Spam]NetSim(d5000.0)
1768232590.6026251,2026-01-12 16:43:10,1.0,0.0,0.0,0.0,0.0,0.0,0.0,0.0,0.0,0.0,0.0,1.0,0.0,0.0,0.0,0.0,0.0,0.0,0.0,1.0,0.0,0.0,0.0,0.0,0.0,0.0,0.0,0.0,0.0,0.0,0.0,1.0,0.0,0.0,0.0,1.0,0.0,0.0,0.0,1.0,0.0,0.0,0.0,1.0,0.0,0.0,0.0,1.0,0.0,0.0,0.0,1.0,0.0,0.0,0.0,1.0,20.0,33.3,20.0,28.6,0.0,0.0,0.0,0.0,0.0,0.0,0.0,0.0,0.0,0.0,4,1,4,25769803776,5688082432,77.9,9867001856,240910336,5403246592,5362368512,4463755264,1073741824,121634816,952107008,11.3,252765618176,4943462400,494384795648,17738448896,24320131072,42.2,51.478793514871,443.5096056665809,1694966.9958274818,4030615.2962978873,13.859675177080653,11.879721580354845,48659.339593133445,474428.5610330511,283.1333643317905,431.62988408622607,0.0,0.0,0.0,0.0,0,[Network_Spam]NetSim(d5000.0)
1768232591.103709,2026-01-12 16:43:11,1.0,0.0,0.0,0.0,0.0,0.0,0.0,0.0,0.0,0.0,1.0,0.0,1.0,0.0,0.0,0.0,0.0,0.0,0.0,1.0,0.0,0.0,0.0,1.0,0.0,0.0,0.0,1.0,0.0,0.0,0.0,1.0,0.0,0.0,0.0,1.0,0.0,0.0,0.0,0.0,0.0,0.0,0.0,1.0,0.0,0.0,0.0,1.0,0.0,0.0,0.0,1.0,0.0,0.0,0.0,0.0,33.3,20.0,20.0,16.7,0.0,16.7,0.0,0.0,0.0,28.6,0.0,25.0,0.0,16.7,4,1,4,25769803776,5620105216,78.2,9940369408,273121280,5360123904,5259624448,4580245504,1073741824,121634816,952107008,11.3,252766863360,4943462400,494384795648,17738448896,24320024576,42.2,257.44194265779385,401.13046879237646,4544900.012420434,2305147.128601731,65.85724114501703,11.97404384454855,49045.68358727086,136919.2000144645,245.46789881324528,263.4289645800681,0.0,0.0,0.0,0.0,0,[Network_Spam]NetSim(d5000.0)
1768232591.608577,2026-01-12 16:43:11,0.0,0.0,0.0,0.0,0.0,0.0,0.0,0.0,0.0,0.0,0.0,0.0,0.0,0.0,0.0,1.0,0.0,0.0,0.0,1.0,0.0,0.0,0.0,1.0,0.0,0.0,0.0,1.0,0.0,0.0,0.0,1.0,0.0,0.0,0.0,1.0,0.0,0.0,0.0,1.0,0.0,0.0,0.0,1.0,0.0,0.0,0.0,1.0,0.0,0.0,0.0,1.0,0.0,0.0,0.0,1.0,33.3,20.0,0.0,0.0,0.0,0.0,0.0,0.0,0.0,0.0,0.0,0.0,0.0,16.7,4,1,4,25769803776,5794168832,77.5,9893167104,156106752,5379686400,5550587904,4513480704,1073741824,121634816,952107008,11.3,252766863360,4943462400,494384795648,17738448896,24319959040,42.2,1.9807156315965941,5.942146894789783,32452.0449080786,778849.0777938864,1.9807156315965941,1.9807156315965941,34480.29771483351,62875.83700940228,186.18726937007986,170.3415443173071,0.0,0.0,0.0,0.0,0,[Network_Spam]NetSim(d5000.0)
1768232592.108694,2026-01-12 16:43:12,0.0,0.0,0.0,0.0,0.0,0.0,0.0,0.0,0.0,0.0,0.0,0.0,0.0,0.0,0.0,0.0,0.0,0.0,0.0,1.0,0.0,0.0,0.0,1.0,0.0,0.0,0.0,1.0,0.0,0.0,0.0,1.0,0.0,0.0,0.0,1.0,0.0,0.0,1.0,1.0,0.0,0.0,0.0,1.0,0.0,0.0,0.0,1.0,0.0,0.0,0.0,1.0,0.0,0.0,0.0,0.0,33.3,33.3,28.6,33.3,0.0,0.0,0.0,0.0,0.0,0.0,14.3,0.0,0.0,0.0,4,1,4,25769803776,5825413120,77.4,9867689984,244727808,5423022080,5492031488,4444667904,1073741824,121634816,952107008,11.3,252766912512,4943462400,494384795648,17738448896,24310501376,42.2,129.96957060853538,1439.6629359714689,1597066.083637683,30876610.950328536,23.99438226619115,43.98970082135044,59378.09798140103,178134.2939442031,267.9372686391345,285.9330553387779,0.0,0.0,0.0,0.0,0,[Network_Spam]NetSim(d5000.0)
1768232592.613564,2026-01-12 16:43:12,0.0,0.0,1.0,1.0,0.0,0.0,0.0,0.0,0.0,0.0,0.0,0.0,0.0,0.0,0.0,0.0,0.0,0.0,0.0,1.0,0.0,0.0,0.0,0.0,0.0,0.0,0.0,1.0,0.0,0.0,0.0,1.0,0.0,0.0,0.0,1.0,0.0,0.0,0.0,0.0,0.0,0.0,0.0,1.0,0.0,0.0,0.0,1.0,0.0,0.0,0.0,1.0,0.0,0.0,0.0,0.0,75.0,57.1,40.0,33.3,0.0,0.0,0.0,0.0,0.0,16.7,0.0,16.7,0.0,0.0,4,1,4,25769803776,5722619904,77.8,9972908032,198688768,5544820736,5441339392,4428087296,1073741824,121634816,952107008,11.3,252767715328,4943462400,494384795648,17738448896,24314515456,42.2,45.556287418928605,869.5308772569416,713942.2907642599,8226562.304942722,13.864957040543489,17.826373337841627,24338.94173059977,186598.55326793157,140.63027855408396,196.0901067162579,0.0,0.0,0.0,0.0,0,[Network_Spam]NetSim(d5000.0)
1768232593.1169379,2026-01-12 16:43:13,1.0,0.0,0.0,0.0,0.0,0.0,0.0,0.0,0.0,0.0,0.0,0.0,1.0,0.0,0.0,0.0,0.0,0.0,0.0,0.0,0.0,0.0,0.0,1.0,0.0,0.0,0.0,1.0,0.0,0.0,0.0,0.0,0.0,0.0,0.0,1.0,0.0,0.0,0.0,1.0,0.0,0.0,0.0,1.0,0.0,0.0,0.0,0.0,0.0,0.0,0.0,1.0,0.0,0.0,0.0,0.0,83.3,80.0,66.7,40.0,0.0,0.0,0.0,0.0,0.0,16.7,0.0,0.0,0.0,0.0,4,1,4,25769803776,5958615040,76.9,9749495808,149913600,5825249280,5726371840,3924246528,1073741824,121634816,952107008,11.3,252770975744,4943462400,494384795648,17738448896,24314433536,42.2,59.59785023750736,1305.1929202014112,6346932.658893583,20822821.37706241,11.919570047501471,31.78552012667059,40685.46576213836,809640.7686665533,373.47986148837947,685.3752777313347,0.0,0.0,0.0,0.0,0,[Network_Spam]NetSim(d5000.0)
1768232593.621551,2026-01-12 16:43:13,0.0,0.0,0.0,0.0,0.0,0.0,0.0,0.0,0.0,0.0,0.0,0.0,0.0,0.0,0.0,1.0,0.0,0.0,0.0,1.0,0.0,0.0,0.0,1.0,0.0,0.0,0.0,0.0,0.0,0.0,0.0,1.0,0.0,0.0,0.0,0.0,0.0,0.0,0.0,0.0,0.0,0.0,0.0,1.0,0.0,0.0,0.0,1.0,0.0,0.0,0.0,0.0,0.0,0.0,0.0,1.0,33.3,20.0,0.0,0.0,0.0,0.0,0.0,0.0,0.0,0.0,0.0,0.0,0.0,0.0,4,1,4,25769803776,6000427008,76.7,9708650496,191299584,5785321472,5725880320,3923329024,1073741824,121634816,952107008,11.3,252770975744,4943462400,494384795648,17738448896,24314425344,42.2,59.45148147815664,576.6793703381194,454558.10051778855,5170598.393389845,15.853728394175103,17.835444443446992,24351.326813452957,604724.6158674151,172.40929628665424,505.33759256433143,0.0,0.0,0.0,0.0,0,rest
1768232594.1264331,2026-01-12 16:43:14,0.0,0.0,0.0,0.0,0.0,0.0,0.0,1.0,0.0,0.0,0.0,1.0,0.0,0.0,0.0,0.0,0.0,0.0,0.0,1.0,0.0,0.0,0.0,0.0,0.0,0.0,0.0,1.0,0.0,0.0,0.0,1.0,0.0,0.0,0.0,1.0,0.0,0.0,0.0,0.0,0.0,0.0,0.0,1.0,0.0,0.0,0.0,0.0,0.0,0.0,0.0,1.0,0.0,0.0,0.0,1.0,33.3,33.3,20.0,16.7,0.0,0.0,0.0,0.0,0.0,0.0,0.0,100.0,0.0,0.0,4,1,4,25769803776,6272286720,75.7,9430089728,212353024,6078332928,5976752128,3351756800,1073741824,121634816,952107008,11.3,252771516416,4943462400,494384795648,17738448896,24314712064,42.2,0.0,342.654257190471,0.0,3366805.8528476898,0.0,11.883962677126163,34479.33704723538,135889.1518920453,186.18208194164322,204.00802595733248,0.0,0.0,0.0,0.0,0,rest
1768232594.6266959,2026-01-12 16:43:14,0.0,0.0,0.0,0.0,0.0,0.0,0.0,0.0,1.0,0.0,0.0,0.0,1.0,0.0,0.0,0.0,0.0,0.0,0.0,0.0,0.0,0.0,0.0,1.0,0.0,0.0,0.0,1.0,0.0,0.0,0.0,1.0,0.0,0.0,0.0,1.0,0.0,0.0,0.0,0.0,0.0,0.0,0.0,0.0,0.0,0.0,0.0,1.0,0.0,0.0,0.0,1.0,0.0,0.0,0.0,1.0,100.0,100.0,100.0,100.0,0.0,0.0,0.0,0.0,0.0,50.0,0.0,0.0,0.0,16.7,4,1,4,25769803776,6481002496,74.9,9235267584,393904128,6104580096,6003884032,3130687488,1073741824,121634816,952107008,11.3,252771680256,4943462400,494384795648,17738448896,24314875904,42.2,0.0,191.89916187458715,0.0,1072588.382104359,0.0,5.9968488085808485,55266.9586198811,157613.17828632757,151.9201698173815,173.9086154488446,0.0,0.0,0.0,0.0,0,rest
1768232595.129667,2026-01-12 16:43:15,1.0,0.0,0.0,0.0,1.0,0.0,0.0,0.0,0.0,0.0,0.0,0.0,0.0,0.0,0.0,0.0,0.0,0.0,0.0,0.0,0.0,0.0,0.0,1.0,0.0,0.0,0.0,1.0,0.0,0.0,0.0,0.0,0.0,0.0,0.0,1.0,0.0,0.0,0.0,1.0,0.0,0.0,0.0,1.0,0.0,0.0,0.0,0.0,0.0,0.0,0.0,0.0,0.0,0.0,0.0,1.0,100.0,100.0,100.0,100.0,0.0,0.0,0.0,0.0,0.0,0.0,0.0,0.0,0.0,0.0,4,1,4,25769803776,6561546240,74.5,9156493312,390053888,6150144000,6088196096,3006349312,1073741824,121634816,952107008,11.3,252771680256,4943462400,494384795648,17738448896,24314884096,42.2,0.0,0.0,0.0,0.0,0.0,0.0,18323.117719165686,193410.6870356378,145.13754269738445,218.70040680427795,0.0,0.0,0.0,0.0,0,rest
1768232595.6309068,2026-01-12 16:43:15,0.0,0.0,0.0,1.0,0.0,0.0,0.0,1.0,0.0,0.0,0.0,0.0,0.0,0.0,0.0,0.0,0.0,0.0,0.0,0.0,0.0,0.0,0.0,1.0,0.0,0.0,0.0,1.0,0.0,0.0,0.0,0.0,0.0,0.0,0.0,0.0,0.0,0.0,0.0,1.0,0.0,0.0,0.0,0.0,0.0,0.0,0.0,0.0,0.0,0.0,0.0,1.0,0.0,0.0,0.0,1.0,40.0,50.0,42.9,20.0,0.0,0.0,0.0,0.0,0.0,0.0,0.0,0.0,0.0,0.0,4,1,4,25769803776,6531629056,74.7,9184526336,385138688,6081527808,6066552832,3102998528,1073741824,121634816,952107008,11.3,252771680256,4943462400,494384795648,17738448896,24315039744,42.2,7.980212638035876,1.995053159508969,32686.95096539495,8171.7377413487375,3.990106319017938,1.995053159508969,2042.9344353371844,4085.8688706743687,3.990106319017938,3.990106319017938,0.0,0.0,0.0,0.0,0,rest
1768232596.135963,2026-01-12 16:43:16,0.0,0.0,0.0,0.0,0.0,0.0,1.0,1.0,0.0,0.0,0.0,1.0,0.0,0.0,0.0,1.0,0.0,0.0,0.0,1.0,0.0,0.0,0.0,0.0,0.0,0.0,0.0,1.0,0.0,0.0,0.0,1.0,0.0,0.0,0.0,1.0,0.0,0.0,0.0,1.0,0.0,0.0,0.0,1.0,0.0,0.0,0.0,1.0,0.0,0.0,0.0,0.0,0.0,0.0,0.0,0.0,0.0,0.0,0.0,0.0,0.0,0.0,0.0,0.0,0.0,0.0,0.0,0.0,0.0,0.0,4,1,4,25769803776,6563037184,74.5,9157984256,388972544,6196838400,6093684736,2961145856,1073741824,121634816,952107008,11.3,252771680256,4943462400,494384795648,17738448896,24314822656,42.2,0.0,407.87544698514273,0.0,3965784.8509039306,0.0,15.839823183889038,14192.481572764578,6082.492102613391,61.37931483757002,45.53949165368098,0.0,0.0,0.0,0.0,0,rest
1768232596.6366332,2026-01-12 16:43:16,1.0,0.0,0.0,0.0,0.0,0.0,0.0,0.0,0.0,0.0,0.0,1.0,0.0,0.0,0.0,0.0,0.0,0.0,0.0,1.0,0.0,0.0,0.0,0.0,0.0,0.0,0.0,1.0,0.0,0.0,0.0,1.0,0.0,0.0,0.0,1.0,0.0,0.0,0.0,0.0,0.0,0.0,0.0,1.0,0.0,0.0,0.0,0.0,0.0,0.0,0.0,0.0,0.0,0.0,0.0,1.0,20.0,66.7,50.0,40.0,0.0,0.0,0.0,0.0,0.0,0.0,0.0,0.0,0.0,0.0,4,1,4,25769803776,6589906944,74.4,9135407104,419545088,6174261248,6089916416,2961145856,1073741824,121634816,952107008,11.3,252771680256,4943462400,494384795648,17738448896,24314716160,42.2,1.9973228099733187,259.6519652965314,32724.136918602853,1865275.8043603625,0.0,9.986614049866592,10226.29278706339,10226.29278706339,31.9571649595731,27.96251933962646,0.0,0.0,0.0,0.0,0,rest
1768232597.139692,2026-01-12 16:43:17,0.0,0.0,0.0,1.0,0.0,0.0,0.0,0.0,0.0,0.0,0.0,0.0,0.0,0.0,0.0,1.0,0.0,0.0,0.0,0.0,0.0,0.0,0.0,1.0,0.0,0.0,0.0,1.0,0.0,0.0,0.0,0.0,0.0,0.0,0.0,1.0,0.0,0.0,0.0,0.0,0.0,0.0,0.0,0.0,0.0,0.0,0.0,0.0,0.0,0.0,0.0,1.0,0.0,0.0,0.0,0.0,20.0,0.0,0.0,20.0,0.0,0.0,0.0,0.0,0.0,0.0,0.0,0.0,0.0,0.0,4,1,4,25769803776,6639943680,74.2,9086926848,486801408,6171082752,6072696832,2915844096,1073741824,121634816,952107008,11.3,252771680256,4943462400,494384795648,17738448896,24314716160,42.2,3.9756775176281125,0.0,16284.375112204749,0.0,1.9878387588140563,0.0,6106.640667076781,6106.640667076781,37.76893641746707,37.76893641746707,0.0,0.0,0.0,0.0,0,rest
1768232597.639785,2026-01-12 16:43:17,0.0,0.0,0.0,0.0,0.0,0.0,0.0,1.0,0.0,0.0,0.0,1.0,0.0,0.0,0.0,0.0,0.0,0.0,0.0,0.0,0.0,0.0,0.0,1.0,0.0,0.0,0.0,1.0,0.0,0.0,0.0,0.0,0.0,0.0,0.0,1.0,0.0,0.0,0.0,0.0,0.0,0.0,0.0,0.0,0.0,0.0,0.0,0.0,0.0,0.0,0.0,1.0,0.0,0.0,0.0,1.0,33.3,20.0,20.0,0.0,0.0,0.0,0.0,0.0,0.0,0.0,0.0,0.0,0.0,0.0,4,1,4,25769803776,6695419904,74.0,9031499776,572391424,6141001728,6042550272,2890498048,1073741824,121634816,952107008,11.3,252771680256,4943462400,494384795648,17738448896,24314716160,42.2,0.0,3.9992562723416265,0.0,16380.953691511302,0.0,1.9996281361708133,0.0,0.0,0.0,0.0,0.0,0.0,0.0,0.0,0,rest
1768232598.1399522,2026-01-12 16:43:18,0.0,0.0,0.0,0.0,0.0,0.0,0.0,1.0,0.0,0.0,0.0,0.0,0.0,0.0,0.0,0.0,0.0,0.0,0.0,0.0,0.0,0.0,0.0,1.0,0.0,0.0,0.0,1.0,0.0,0.0,0.0,0.0,0.0,0.0,0.0,1.0,0.0,0.0,0.0,0.0,0.0,0.0,0.0,0.0,0.0,0.0,0.0,0.0,0.0,0.0,0.0,1.0,0.0,0.0,0.0,0.0,16.7,16.7,28.6,0.0,0.0,0.0,0.0,0.0,0.0,0.0,0.0,0.0,0.0,0.0,4,1,4,25769803776,6702170112,74.0,9027207168,576389120,6141165568,6044729344,2886041600,1073741824,121634816,952107008,11.3,252771680256,4943462400,494384795648,17738448896,24315199488,42.2,31.989307163085307,579.8061923309211,556869.859094989,3152866.113993688,13.995321883849822,19.993316976928316,8189.262633749839,10236.578292187298,49.98329244232079,47.98396074462796,0.0,0.0,0.0,0.0,0,rest
1768232598.643051,2026-01-12 16:43:18,1.0,0.0,0.0,1.0,0.0,0.0,0.0,0.0,1.0,0.0,0.0,0.0,0.0,0.0,0.0,0.0,0.0,0.0,0.0,1.0,0.0,0.0,0.0,1.0,0.0,0.0,0.0,0.0,0.0,0.0,0.0,1.0,0.0,0.0,0.0,0.0,0.0,0.0,0.0,1.0,0.0,0.0,0.0,1.0,0.0,0.0,0.0,1.0,0.0,0.0,0.0,1.0,0.0,0.0,0.0,0.0,80.0,66.7,66.7,66.7,0.0,0.0,0.0,0.0,0.0,0.0,0.0,0.0,0.0,0.0,4,1,4,25769803776,6682066944,74.1,9053945856,537296896,6166446080,6062505984,2887499776,1073741824,121634816,952107008,11.3,252771860480,4943462400,494384795648,17738448896,24314482688,42.2,55.65508028106072,1220.4364033061172,863003.5762896364,15232827.275829338,13.91377007026518,31.802903017748985,16283.08634508748,40707.7158627187,45.71667308801416,55.65508028106072,0.0,0.0,0.0,0.0,0,rest
1768232599.146226,2026-01-12 16:43:19,0.0,0.0,1.0,0.0,1.0,0.0,0.0,0.0,0.0,0.0,0.0,0.0,0.0,0.0,0.0,0.0,0.0,0.0,0.0,1.0,0.0,0.0,0.0,0.0,0.0,0.0,0.0,1.0,0.0,0.0,0.0,1.0,0.0,0.0,0.0,1.0,0.0,0.0,0.0,0.0,0.0,0.0,0.0,1.0,0.0,0.0,0.0,0.0,0.0,0.0,0.0,1.0,0.0,0.0,0.0,1.0,16.7,16.7,28.6,0.0,0.0,0.0,0.0,0.0,0.0,0.0,0.0,0.0,0.0,0.0,4,1,4,25769803776,6656114688,74.2,9079701504,509820928,6158237696,6063030272,2921463808,1073741824,121634816,952107008,11.3,252775071744,4943462400,494384795648,17738448896,24314662912,42.2,188.80110534672625,1160.6299528682962,7708872.348870322,16606229.769477779,45.70974129447057,29.810700844219934,14245.540243424566,52912.006618434105,83.46996236381581,105.33114298291044,0.0,0.0,0.0,0.0,0,rest
1768232599.649972,2026-01-12 16:43:19,0.0,0.0,1.0,0.0,0.0,0.0,1.0,0.0,0.0,0.0,0.0,0.0,0.0,0.0,1.0,0.0,0.0,0.0,0.0,1.0,0.0,0.0,0.0,1.0,0.0,0.0,0.0,1.0,0.0,0.0,0.0,1.0,0.0,0.0,0.0,1.0,1.0,0.0,0.0,1.0,1.0,0.0,1.0,0.0,0.0,0.0,1.0,1.0,0.0,0.0,1.0,1.0,0.0,0.0,0.0,1.0,80.0,71.4,60.0,66.7,100.0,100.0,83.3,100.0,100.0,100.0,80.0,100.0,100.0,85.7,4,1,4,25769803776,6313541632,75.5,9433186304,211779584,6125322240,6019301376,3307864064,1073741824,121634816,952107008,11.3,252784574464,4943462400,494384795648,17738448896,24314793984,42.2,0.0,313.6501128326291,0.0,3146728.50415739,0.0,11.91076377845427,8131.081406091447,8131.081406091447,15.881018371272358,9.925636482045224,0.0,0.0,0.0,0.0,0,[CPU_default]CPUSim(d5000.0-t70)
1768232600.1537359,2026-01-12 16:43:20,0.0,0.0,0.0,1.0,0.0,0.0,0.0,1.0,0.0,0.0,0.0,1.0,0.0,0.0,0.0,0.0,0.0,0.0,0.0,1.0,0.0,0.0,0.0,0.0,0.0,0.0,0.0,1.0,0.0,0.0,0.0,0.0,0.0,0.0,0.0,1.0,1.0,0.0,0.0,1.0,1.0,0.0,0.0,0.0,0.0,0.0,0.0,1.0,0.0,0.0,0.0,1.0,1.0,0.0,0.0,0.0,66.7,66.7,50.0,40.0,66.7,66.7,80.0,60.0,80.0,100.0,100.0,83.3,83.3,100.0,4,1,4,25769803776,6316179456,75.5,9427566592,95305728,6229426176,6145064960,3198140416,1073741824,121634816,952107008,11.3,252784787456,4943462400,494384795648,17738448896,24315117568,42.2,0.0,196.52062648282794,0.0,1309057.6389682807,0.0,5.955170499479634,12196.189182934291,6098.094591467146,49.626420828996956,45.6563071626772,0.0,0.0,0.0,0.0,0,[CPU_default]CPUSim(d5000.0-t70)
1768232600.656617,2026-01-12 16:43:20,0.0,0.0,0.0,0.0,0.0,0.0,0.0,1.0,0.0,0.0,0.0,0.0,0.0,0.0,0.0,1.0,0.0,0.0,0.0,0.0,0.0,0.0,0.0,0.0,0.0,0.0,0.0,0.0,1.0,0.0,0.0,1.0,1.0,0.0,0.0,0.0,0.0,0.0,0.0,0.0,0.0,0.0,1.0,0.0,1.0,0.0,1.0,0.0,0.0,0.0,1.0,0.0,0.0,0.0,0.0,0.0,28.6,40.0,16.7,20.0,71.4,75.0,62.5,25.0,66.7,85.7,80.0,80.0,100.0,100.0,4,1,4,25769803776,6326222848,75.5,9434152960,105267200,6239682560,6144933888,3194470400,1073741824,121634816,952107008,11.3,252784951296,4943462400,494384795648,17738448896,24315125760,42.2,0.0,155.106262172654,0.0,830796.8652004802,0.0,5.965625468179,71269.33892651177,36652.80287649177,117.32396754085366,87.49584019995866,0.0,0.0,0.0,0.0,0,[CPU_default]CPUSim(d5000.0-t70)
1768232601.1598809,2026-01-12 16:43:21,0.0,0.0,0.0,0.0,0.0,0.0,0.0,0.0,0.0,0.0,0.0,0.0,0.0,0.0,0.0,0.0,0.0,0.0,0.0,0.0,0.0,0.0,1.0,0.0,0.0,0.0,0.0,0.0,0.0,0.0,0.0,0.0,0.0,0.0,1.0,0.0,0.0,0.0,0.0,0.0,0.0,0.0,1.0,0.0,0.0,0.0,0.0,0.0,0.0,0.0,0.0,0.0,0.0,0.0,0.0,0.0,20.0,16.7,16.7,28.6,66.7,80.0,80.0,100.0,83.3,60.0,0.0,50.0,20.0,40.0,4,1,4,25769803776,6353076224,75.3,9408102400,111083520,6318456832,6165364736,3089645568,1073741824,121634816,952107008,11.3,252785573888,4943462400,494384795648,17738448896,24315125760,42.2,31.79246196541475,0.0,813887.0263146176,0.0,3.9740577456768436,0.0,16277.740526292351,16277.740526292351,73.5200682950216,75.50709716786002,0.0,0.0,0.0,0.0,0,[CPU_default]CPUSim(d5000.0-t70)
1768232601.664893,2026-01-12 16:43:21,0.0,0.0,0.0,0.0,0.0,0.0,1.0,0.0,0.0,0.0,0.0,0.0,0.0,0.0,1.0,0.0,0.0,0.0,1.0,0.0,0.0,0.0,1.0,0.0,0.0,0.0,1.0,0.0,0.0,0.0,0.0,0.0,0.0,0.0,0.0,0.0,0.0,0.0,0.0,0.0,0.0,0.0,1.0,0.0,0.0,0.0,0.0,0.0,0.0,0.0,1.0,0.0,0.0,0.0,1.0,0.0,66.7,60.0,80.0,66.7,66.7,100.0,100.0,71.4,100.0,57.1,40.0,33.3,66.7,60.0,4,1,4,25769803776,6460162048,74.9,9301999616,116506624,6352453632,6266437632,2949545984,1073741824,121634816,952107008,11.3,252785573888,4943462400,494384795648,17738448896,24315064320,42.2,9.900754140122578,370.2882048405844,40553.48895794208,3747142.379713848,3.960301656049031,7.920603312098062,6083.023343691311,4055.3488957942077,27.722111592343218,15.841206624196124,0.0,0.0,0.0,0.0,0,[CPU_default]CPUSim(d5000.0-t70)
1768232602.1699111,2026-01-12 16:43:22,0.0,0.0,1.0,1.0,0.0,0.0,0.0,1.0,1.0,0.0,0.0,0.0,1.0,0.0,1.0,0.0,1.0,0.0,1.0,0.0,0.0,0.0,1.0,0.0,1.0,0.0,0.0,0.0,0.0,0.0,1.0,0.0,0.0,0.0,1.0,0.0,0.0,0.0,1.0,0.0,0.0,0.0,1.0,0.0,0.0,0.0,0.0,0.0,0.0,0.0,1.0,0.0,1.0,0.0,1.0,0.0,50.0,60.0,40.0,40.0,100.0,100.0,100.0,83.3,100.0,75.0,60.0,100.0,80.0,60.0,4,1,4,25769803776,6490226688,74.8,9274408960,154550272,6324273152,6257098752,2950135808,1073741824,121634816,952107008,11.3,252791619584,4943462400,494384795648,17738448896,24315015168,42.2,384.14454536870926,283.15809272023415,13293270.5091946,1970875.3714059107,81.18518742328392,5.94037956755736,22304.145149655367,24331.794708714948,91.08582003587952,73.26468133320743,0.0,0.0,0.0,0.0,0,[CPU_default]CPUSim(d5000.0-t70)
1768232602.673057,2026-01-12 16:43:22,0.0,0.0,0.0,1.0,0.0,0.0,0.0,0.0,0.0,0.0,0.0,1.0,0.0,0.0,0.0,1.0,0.0,0.0,0.0,1.0,1.0,0.0,0.0,0.0,0.0,0.0,0.0,0.0,0.0,0.0,0.0,0.0,0.0,0.0,0.0,0.0,1.0,0.0,0.0,0.0,1.0,0.0,0.0,0.0,0.0,0.0,0.0,0.0,1.0,0.0,0.0,0.0,1.0,0.0,0.0,0.0,66.7,33.3,40.0,0.0,100.0,83.3,85.7,85.7,100.0,100.0,100.0,85.7,100.0,100.0,4,1,4,25769803776,6492766208,74.8,9274425344,150306816,6361661440,6263209984,2912763904,1073741824,121634816,952107008,11.3,252795142144,4943462400,494384795648,17738448896,24315043840,42.2,117.2622019032889,5.962484842540113,8653648.401230698,1896801.5780684408,25.837434317673825,0.0,0.0,4070.3896525073837,3.974989895026742,9.937474737566856,0.0,0.0,0.0,0.0,0,[CPU_default]CPUSim(d5000.0-t70)
1768232603.178078,2026-01-12 16:43:23,0.0,0.0,0.0,1.0,0.0,0.0,0.0,0.0,0.0,0.0,0.0,1.0,0.0,0.0,0.0,1.0,1.0,0.0,0.0,0.0,0.0,0.0,0.0,0.0,1.0,0.0,0.0,0.0,0.0,0.0,0.0,0.0,1.0,0.0,0.0,0.0,0.0,0.0,0.0,0.0,0.0,0.0,0.0,0.0,1.0,0.0,0.0,0.0,0.0,0.0,0.0,0.0,0.0,0.0,0.0,0.0,60.0,20.0,0.0,0.0,100.0,100.0,100.0,100.0,83.3,100.0,100.0,100.0,100.0,100.0,4,1,4,25769803776,6523764736,74.7,9239543808,185860096,6348128256,6258655232,2891415552,1073741824,121634816,952107008,11.3,252795142144,4943462400,494384795648,17738448896,24315043840,42.2,0.0,0.0,0.0,0.0,0.0,0.0,4055.278058701423,4055.278058701423,33.661976073205174,33.661976073205174,0.0,0.0,0.0,0.0,0,[CPU_default]CPUSim(d5000.0-t70)
1768232603.6827269,2026-01-12 16:43:23,0.0,0.0,0.0,1.0,0.0,0.0,0.0,1.0,0.0,0.0,0.0,0.0,0.0,0.0,0.0,1.0,0.0,0.0,0.0,0.0,0.0,0.0,0.0,0.0,0.0,0.0,0.0,0.0,0.0,0.0,0.0,0.0,1.0,0.0,0.0,0.0,1.0,0.0,0.0,0.0,1.0,0.0,0.0,0.0,0.0,0.0,0.0,0.0,1.0,0.0,0.0,0.0,0.0,0.0,0.0,0.0,28.6,20.0,0.0,0.0,100.0,100.0,100.0,100.0,100.0,100.0,100.0,100.0,100.0,100.0,4,1,4,25769803776,6520209408,74.7,9244557312,181846016,6353141760,6258982912,2891415552,1073741824,121634816,952107008,11.3,252795142144,4943462400,494384795648,17738448896,24315277312,42.2,1.9815756116620076,198.15756116620076,64932.269642940664,957750.9772333748,1.9815756116620076,3.963151223324015,4058.2668526837915,6087.400279025687,15.85260489329606,15.85260489329606,0.0,0.0,0.0,0.0,0,[CPU_default]CPUSim(d5000.0-t70)
1768232604.184073,2026-01-12 16:43:24,1.0,0.0,0.0,0.0,0.0,0.0,0.0,0.0,0.0,0.0,0.0,0.0,0.0,0.0,1.0,0.0,0.0,0.0,0.0,0.0,0.0,0.0,1.0,0.0,0.0,0.0,0.0,0.0,0.0,0.0,0.0,0.0,0.0,0.0,0.0,0.0,0.0,0.0,0.0,0.0,0.0,0.0,1.0,0.0,0.0,0.0,0.0,0.0,0.0,0.0,0.0,0.0,0.0,0.0,1.0,0.0,71.4,80.0,66.7,50.0,85.7,83.3,83.3,83.3,100.0,100.0,83.3,100.0,100.0,100.0,4,1,4,25769803776,6514704384,74.7,9255124992,174325760,6363578368,6260572160,2891546624,1073741824,121634816,952107008,11.3,252795338752,4943462400,494384795648,17738448896,24314572800,42.2,67.81742040842725,1402.224898444834,620920.3442194638,16209288.985939685,9.97315006006283,23.935560144150795,4085.0022646017355,14297.507926106075,35.90334021622619,39.89260024025132,0.0,0.0,0.0,0.0,0,[CPU_default]CPUSim(d5000.0-t70)
1768232604.685448,2026-01-12 16:43:24,0.0,0.0,0.0,1.0,0.0,0.0,0.0,1.0,0.0,0.0,0.0,1.0,0.0,0.0,0.0,1.0,0.0,0.0,1.0,0.0,0.0,0.0,0.0,0.0,0.0,0.0,0.0,0.0,0.0,0.0,1.0,0.0,0.0,0.0,1.0,0.0,0.0,0.0,0.0,1.0,0.0,0.0,0.0,0.0,1.0,0.0,1.0,0.0,0.0,0.0,0.0,0.0,0.0,0.0,1.0,0.0,50.0,20.0,20.0,0.0,75.0,100.0,100.0,75.0,100.0,100.0,66.7,80.0,100.0,100.0,4,1,4,25769803776,6364692480,75.3,9453371392,58261504,6131269632,6226378752,3322101760,1073741824,121634816,952107008,11.3,252798566400,4943462400,494384795648,17738448896,24314744832,42.2,123.6599450573227,1192.720115230306,7042138.682758585,17156022.31298495,23.934182914320523,23.934182914320523,65356.27547803791,55144.35743459449,211.41861574316462,197.45700904314432,0.0,0.0,0.0,0.0,0,rest
1768232605.186712,2026-01-12 16:43:25,0.0,0.0,0.0,1.0,0.0,0.0,0.0,0.0,0.0,0.0,0.0,0.0,0.0,0.0,0.0,1.0,0.0,0.0,0.0,1.0,0.0,0.0,0.0,1.0,0.0,0.0,0.0,0.0,0.0,0.0,0.0,1.0,0.0,0.0,0.0,0.0,0.0,0.0,0.0,1.0,0.0,0.0,0.0,1.0,0.0,0.0,0.0,1.0,0.0,0.0,0.0,1.0,0.0,0.0,0.0,1.0,20.0,16.7,16.7,0.0,0.0,0.0,0.0,0.0,0.0,20.0,0.0,20.0,25.0,20.0,4,1,4,25769803776,6606618624,74.4,9220423680,540262400,5904908288,5988466688,3315515392,1073741824,121634816,952107008,11.3,252799107072,4943462400,494384795648,17738448896,24314875904,42.2,3.9899127400647054,279.2938918045294,16342.682583305033,2990710.912744821,1.9949563700323527,7.979825480129411,12257.011937478776,14299.847260391904,63.83860384103529,61.84364747100293,0.0,0.0,0.0,0.0,0,rest
1768232605.688614,2026-01-12 16:43:25,0.0,0.0,0.0,0.0,0.0,0.0,0.0,0.0,0.0,0.0,0.0,0.0,0.0,0.0,0.0,0.0,0.0,0.0,0.0,1.0,0.0,0.0,0.0,1.0,0.0,0.0,0.0,0.0,0.0,0.0,0.0,1.0,0.0,0.0,0.0,1.0,0.0,0.0,0.0,0.0,0.0,0.0,0.0,1.0,0.0,0.0,0.0,0.0,0.0,0.0,0.0,1.0,0.0,0.0,0.0,1.0,0.0,50.0,60.0,50.0,0.0,0.0,0.0,0.0,0.0,0.0,0.0,66.7,20.0,0.0,4,1,4,25769803776,6592643072,74.4,9224749056,528498688,6055395328,5985976320,3169353728,1073741824,121634816,952107008,11.3,252799270912,4943462400,494384795648,17738448896,24314884096,42.2,1.9924213670516153,5.977264101154846,32643.831677773665,24482.87375833025,1.9924213670516153,1.9924213670516153,8160.957919443416,18362.155318747686,27.893899138722617,25.901477771671,0.0,0.0,0.0,0.0,0,rest
1768232606.193089,2026-01-12 16:43:26,0.0,0.0,0.0,1.0,0.0,0.0,0.0,1.0,0.0,0.0,0.0,1.0,0.0,0.0,0.0,1.0,0.0,0.0,0.0,0.0,0.0,0.0,0.0,0.0,0.0,0.0,0.0,1.0,0.0,0.0,0.0,0.0,0.0,0.0,0.0,1.0,0.0,0.0,0.0,1.0,0.0,0.0,0.0,0.0,0.0,0.0,0.0,0.0,0.0,0.0,0.0,1.0,0.0,0.0,0.0,0.0,20.0,16.7,20.0,0.0,0.0,0.0,0.0,0.0,0.0,0.0,0.0,0.0,0.0,0.0,4,1,4,25769803776,6631243776,74.3,9190768640,567001088,6038306816,5986123776,3152461824,1073741824,121634816,952107008,11.3,252799270912,4943462400,494384795648,17738448896,24315052032,42.2,5.946774975637098,124.88227448837907,24357.990300209553,625188.4177053786,1.982258325212366,1.982258325212366,77133.63595066359,18268.492725157164,124.88227448837907,85.23710798413174,0.0,0.0,0.0,0.0,0,rest
1768232606.696859,2026-01-12 16:43:26,0.0,0.0,0.0,0.0,0.0,0.0,0.0,1.0,0.0,0.0,0.0,0.0,0.0,0.0,0.0,0.0,0.0,0.0,0.0,1.0,0.0,0.0,0.0,1.0,0.0,0.0,0.0,0.0,0.0,0.0,0.0,1.0,0.0,0.0,0.0,1.0,0.0,0.0,0.0,1.0,0.0,0.0,0.0,1.0,0.0,0.0,0.0,1.0,0.0,0.0,0.0,0.0,0.0,0.0,0.0,1.0,20.0,20.0,20.0,16.7,0.0,0.0,0.0,0.0,0.0,0.0,0.0,0.0,0.0,0.0,4,1,4,25769803776,6635913216,74.2,9187983360,568999936,6104530944,5988663296,3083452416,1073741824,121634816,952107008,11.3,252799270912,4943462400,494384795648,17738448896,24315052032,42.2,0.0,117.11696744478373,0.0,577279.4577020716,0.0,5.9551000395652745,30490.112202574204,10163.370734191401,57.56596704913098,45.655766970000435,0.0,0.0,0.0,0.0,0,rest
1768232607.1993852,2026-01-12 16:43:27,0.0,0.0,0.0,0.0,1.0,0.0,0.0,0.0,0.0,0.0,0.0,0.0,1.0,0.0,0.0,0.0,0.0,0.0,0.0,1.0,0.0,0.0,0.0,1.0,0.0,0.0,0.0,1.0,0.0,0.0,0.0,1.0,0.0,0.0,0.0,1.0,0.0,0.0,0.0,0.0,0.0,0.0,0.0,0.0,0.0,0.0,0.0,0.0,0.0,0.0,0.0,1.0,0.0,0.0,0.0,1.0,40.0,66.7,33.3,40.0,0.0,0.0,0.0,0.0,0.0,0.0,0.0,0.0,0.0,0.0,4,1,4,25769803776,6769950720,73.7,9055240192,626507776,6114066432,6064832512,2941173760,1073741824,121634816,952107008,11.3,252799467520,4943462400,494384795648,17738448896,24315207680,42.2,23.87934800554905,479.5769057781101,456445.77734340157,4091710.361185493,7.95978266851635,11.939674002774526,12226.226178841114,10188.521815700928,65.6682070152599,61.68831568100171,0.0,0.0,0.0,0.0,0,rest
1768232607.701765,2026-01-12 16:43:27,0.0,0.0,0.0,0.0,0.0,0.0,1.0,0.0,0.0,0.0,0.0,1.0,0.0,0.0,0.0,0.0,0.0,0.0,0.0,0.0,0.0,0.0,0.0,0.0,0.0,0.0,0.0,1.0,0.0,0.0,0.0,0.0,0.0,0.0,0.0,1.0,1.0,0.0,0.0,0.0,0.0,0.0,0.0,0.0,0.0,0.0,0.0,1.0,0.0,0.0,1.0,0.0,0.0,0.0,0.0,1.0,66.7,60.0,60.0,60.0,83.3,66.7,83.3,83.3,80.0,83.3,83.3,100.0,83.3,100.0,4,1,4,25769803776,6524207104,74.7,9306570752,433340416,6097453056,6010372096,3209117696,1073741824,121634816,952107008,11.3,252808445952,4943462400,494384795648,17738448896,24315207680,42.2,0.0,1.990525519497099,0.0,32612.77011144047,0.0,0.0,10191.490659825145,10191.490659825145,43.79156142893618,37.81998487044488,0.0,0.0,0.0,0.0,0,[CPU_default]CPUSim(d5000.0-t70)
1768232608.203798,2026-01-12 16:43:28,0.0,0.0,0.0,1.0,0.0,0.0,0.0,1.0,0.0,0.0,0.0,0.0,0.0,0.0,0.0,0.0,0.0,0.0,0.0,0.0,0.0,0.0,0.0,1.0,0.0,0.0,0.0,1.0,0.0,0.0,0.0,0.0,0.0,0.0,0.0,1.0,0.0,0.0,0.0,0.0,0.0,0.0,0.0,0.0,0.0,0.0,0.0,1.0,0.0,0.0,0.0,0.0,0.0,0.0,0.0,0.0,60.0,60.0,50.0,40.0,83.3,100.0,100.0,100.0,100.0,100.0,100.0,100.0,100.0,100.0,4,1,4,25769803776,6327304192,75.4,9505816576,132677632,6340345856,6113853440,3165470720,1073741824,121634816,952107008,11.3,252808642560,4943462400,494384795648,17738448896,24315105280,42.2,0.0,266.9147272684963,0.0,2031547.7462690182,0.0,7.9676037990595905,12238.239435355532,6119.119717677766,59.75702849294693,55.773226593417135,0.0,0.0,0.0,0.0,0,[CPU_default]CPUSim(d5000.0-t70)
1768232608.707228,2026-01-12 16:43:28,0.0,0.0,0.0,1.0,0.0,0.0,0.0,1.0,0.0,0.0,0.0,0.0,0.0,0.0,0.0,1.0,0.0,0.0,0.0,1.0,0.0,0.0,0.0,0.0,0.0,0.0,0.0,1.0,0.0,0.0,0.0,1.0,0.0,0.0,0.0,1.0,1.0,0.0,0.0,0.0,1.0,0.0,0.0,0.0,1.0,0.0,0.0,0.0,1.0,0.0,0.0,0.0,0.0,0.0,0.0,0.0,50.0,42.9,20.0,20.0,100.0,66.7,66.7,100.0,100.0,100.0,83.3,100.0,80.0,100.0,4,1,4,25769803776,6358368256,75.3,9478668288,131973120,6275825664,6145589248,3202842624,1073741824,121634816,952107008,11.3,252808642560,4943462400,494384795648,17738448896,24315105280,42.2,11.918243479397482,0.0,73225.68793741813,0.0,1.9863739132329137,0.0,0.0,0.0,9.931869566164568,9.931869566164568,0.0,0.0,0.0,0.0,0,[CPU_default]CPUSim(d5000.0-t70)
1768232609.212242,2026-01-12 16:43:29,0.0,0.0,0.0,1.0,0.0,0.0,0.0,1.0,0.0,0.0,0.0,1.0,0.0,0.0,0.0,0.0,1.0,0.0,0.0,0.0,0.0,0.0,0.0,0.0,0.0,0.0,0.0,0.0,0.0,0.0,0.0,0.0,1.0,0.0,0.0,0.0,0.0,0.0,0.0,0.0,0.0,0.0,0.0,1.0,1.0,0.0,0.0,0.0,0.0,0.0,0.0,0.0,0.0,0.0,0.0,1.0,0.0,0.0,0.0,16.7,100.0,100.0,83.3,85.7,100.0,100.0,60.0,83.3,50.0,60.0,4,1,4,25769803776,6529302528,74.7,9305522176,175472640,6357827584,6273024000,2947694592,1073741824,121634816,952107008,11.3,252808642560,4943462400,494384795648,17738448896,24315105280,42.2,0.0,0.0,0.0,0.0,0.0,0.0,4055.333579456345,4055.333579456345,33.66243693884662,33.66243693884662,0.0,0.0,0.0,0.0,0,[CPU_default]CPUSim(d5000.0-t70)
1768232609.712883,2026-01-12 16:43:29,0.0,0.0,1.0,0.0,0.0,0.0,0.0,1.0,0.0,0.0,0.0,1.0,0.0,0.0,0.0,1.0,0.0,0.0,1.0,0.0,0.0,0.0,1.0,0.0,0.0,0.0,0.0,0.0,0.0,0.0,0.0,0.0,1.0,0.0,0.0,0.0,0.0,0.0,1.0,0.0,0.0,0.0,1.0,0.0,0.0,0.0,0.0,0.0,0.0,0.0,1.0,0.0,0.0,0.0,1.0,0.0,0.0,0.0,0.0,0.0,100.0,80.0,100.0,83.3,80.0,60.0,100.0,40.0,60.0,66.7,4,1,4,25769803776,6540230656,74.6,9293053952,194674688,6345932800,6264389632,2947121152,1073741824,121634816,952107008,11.3,252808642560,4943462400,494384795648,17738448896,24315265024,42.2,9.987194268518426,161.7925471499985,163630.1908954059,752698.878118867,3.9948777074073702,3.9948777074073702,4090.754772385147,6136.1321585777205,15.979510829629481,17.976949683333167,0.0,0.0,0.0,0.0,0,[CPU_default]CPUSim(d5000.0-t70)
1768232610.2179048,2026-01-12 16:43:30,1.0,0.0,0.0,0.0,0.0,0.0,0.0,0.0,0.0,0.0,1.0,0.0,0.0,0.0,1.0,0.0,0.0,0.0,0.0,0.0,0.0,0.0,0.0,0.0,0.0,0.0,0.0,0.0,0.0,0.0,1.0,0.0,0.0,0.0,0.0,0.0,0.0,0.0,0.0,0.0,0.0,0.0,0.0,0.0,0.0,0.0,0.0,0.0,0.0,0.0,0.0,0.0,0.0,0.0,1.0,0.0,40.0,71.4,33.3,33.3,60.0,80.0,83.3,60.0,66.7,100.0,80.0,100.0,100.0,100.0,4,1,4,25769803776,6572703744,74.5,9262907392,219922432,6374309888,6270763008,2888597504,1073741824,121634816,952107008,11.3,252808675328,4943462400,494384795648,17738448896,24314486784,42.2,11.880675002301466,1150.4453627228586,194652.97923770722,14996389.942105027,3.9602250007671556,19.801125003835775,4055.2704007855673,16221.08160314227,43.56247500843871,43.56247500843871,0.0,0.0,0.0,0.0,0,[CPU_default]CPUSim(d5000.0-t70)
1768232610.722927,2026-01-12 16:43:30,0.0,0.0,0.0,0.0,0.0,0.0,0.0,1.0,0.0,0.0,0.0,0.0,0.0,0.0,0.0,1.0,0.0,0.0,1.0,0.0,0.0,0.0,0.0,0.0,0.0,0.0,0.0,0.0,0.0,0.0,1.0,0.0,0.0,0.0,0.0,0.0,0.0,0.0,0.0,0.0,0.0,0.0,0.0,0.0,0.0,0.0,1.0,0.0,0.0,0.0,1.0,0.0,0.0,0.0,1.0,0.0,40.0,0.0,16.7,0.0,100.0,60.0,66.7,80.0,100.0,100.0,100.0,100.0,100.0,100.0,4,1,4,25769803776,6539476992,74.6,9298296832,185827328,6372966400,6271025152,2925330432,1073741824,121634816,952107008,11.3,252812066816,4943462400,494384795648,17738448896,24314339328,42.2,108.90608469292806,21.78121693858561,6756074.108682916,6666858.24410247,25.741438200146632,1.9801106307805103,12165.799715515455,6082.899857757728,39.602212615610206,35.64199135404918,0.0,0.0,0.0,0.0,0,[CPU_default]CPUSim(d5000.0-t70)
1768232611.227948,2026-01-12 16:43:31,0.0,0.0,0.0,0.0,0.0,0.0,0.0,1.0,0.0,0.0,0.0,1.0,0.0,0.0,0.0,1.0,0.0,0.0,0.0,0.0,0.0,0.0,0.0,0.0,0.0,0.0,0.0,0.0,0.0,0.0,1.0,0.0,0.0,0.0,1.0,0.0,0.0,0.0,1.0,0.0,0.0,0.0,1.0,0.0,0.0,0.0,0.0,0.0,0.0,0.0,0.0,0.0,0.0,0.0,0.0,0.0,33.3,20.0,0.0,0.0,100.0,100.0,85.7,100.0,100.0,100.0,100.0,100.0,100.0,100.0,4,1,4,25769803776,6547554304,74.6,9304064000,188268544,6378930176,6277070848,2925133824,1073741824,121634816,952107008,11.3,252812066816,4943462400,494384795648,17738448896,24314728448,42.2,3.9602324792006085,1140.5469540097752,16221.112234805692,10211190.151810184,1.9801162396003043,17.821046156402737,20276.390293507116,18248.751264156403,95.0455795008146,87.12511454241339,0.0,0.0,0.0,0.0,0,[CPU_default]CPUSim(d5000.0-t70)
1768232611.730755,2026-01-12 16:43:31,0.0,0.0,0.0,0.0,0.0,0.0,0.0,0.0,0.0,0.0,0.0,0.0,0.0,0.0,0.0,0.0,0.0,0.0,0.0,0.0,0.0,0.0,0.0,0.0,0.0,0.0,0.0,0.0,0.0,0.0,0.0,0.0,1.0,0.0,0.0,0.0,0.0,0.0,0.0,0.0,1.0,0.0,0.0,0.0,1.0,0.0,0.0,0.0,0.0,0.0,0.0,0.0,1.0,0.0,0.0,0.0,20.0,16.7,0.0,16.7,100.0,100.0,100.0,100.0,100.0,100.0,100.0,83.3,100.0,100.0,4,1,4,25769803776,6434603008,75.0,9417916416,96534528,6132318208,6255656960,3285598208,1073741824,121634816,952107008,11.3,252812607488,4943462400,494384795648,17738448896,24314867712,42.2,1.988834126944236,286.39211427997,32585.058335854363,3046702.954402383,0.0,5.966502380832708,10182.830729954489,18329.09531391808,29.832511904163542,27.843677777219305,0.0,0.0,0.0,0.0,0,[CPU_default]CPUSim(d5000.0-t70)
1768232612.235768,2026-01-12 16:43:32,0.0,0.0,0.0,1.0,0.0,0.0,0.0,1.0,0.0,0.0,0.0,0.0,0.0,0.0,0.0,1.0,1.0,0.0,0.0,1.0,0.0,0.0,0.0,0.0,1.0,0.0,0.0,0.0,1.0,0.0,0.0,0.0,1.0,0.0,0.0,0.0,0.0,0.0,0.0,0.0,1.0,0.0,0.0,0.0,1.0,0.0,0.0,0.0,0.0,0.0,0.0,0.0,1.0,0.0,0.0,0.0,40.0,20.0,16.7,16.7,100.0,100.0,100.0,100.0,100.0,100.0,100.0,100.0,100.0,100.0,4,1,4,25769803776,6473318400,74.9,9384361984,135397376,6231212032,6255443968,3153149952,1073741824,121634816,952107008,11.3,252812607488,4943462400,494384795648,17738448896,24315035648,42.2,0.0,211.87573848845565,0.0,1119274.1815805847,0.0,5.940441266031467,68940.80103938385,18249.035569248666,136.63014911872372,97.02720734518063,0.0,0.0,0.0,0.0,0,[CPU_default]CPUSim(d5000.0-t70)
1768232612.736992,2026-01-12 16:43:32,0.0,0.0,0.0,0.0,0.0,0.0,0.0,1.0,0.0,0.0,0.0,1.0,0.0,0.0,0.0,1.0,0.0,0.0,0.0,0.0,1.0,0.0,0.0,0.0,0.0,0.0,0.0,0.0,1.0,0.0,0.0,0.0,0.0,0.0,1.0,0.0,0.0,0.0,0.0,0.0,0.0,0.0,0.0,0.0,0.0,0.0,0.0,0.0,1.0,0.0,0.0,0.0,0.0,0.0,0.0,1.0,42.9,16.7,20.0,0.0,100.0,80.0,100.0,83.3,85.7,100.0,100.0,85.7,100.0,100.0,4,1,4,25769803776,6397820928,75.2,9530392576,68239360,6357237760,6246989824,3173154816,1073741824,121634816,952107008,11.3,252812705792,4943462400,494384795648,17738448896,24315035648,42.2,33.91698461436009,0.0,367739.9178893442,0.0,9.975583710105909,0.0,34730.99224510473,42902.99042042349,145.64352216754625,149.63375565158861,0.0,0.0,0.0,0.0,0,rest
1768232613.239857,2026-01-12 16:43:33,0.0,0.0,0.0,1.0,0.0,0.0,0.0,1.0,0.0,0.0,0.0,1.0,0.0,0.0,0.0,0.0,0.0,0.0,0.0,0.0,0.0,0.0,0.0,0.0,0.0,0.0,0.0,1.0,0.0,0.0,0.0,1.0,0.0,0.0,0.0,1.0,0.0,0.0,0.0,1.0,0.0,0.0,0.0,1.0,0.0,0.0,0.0,0.0,0.0,0.0,0.0,1.0,0.0,0.0,0.0,0.0,40.0,20.0,28.6,0.0,0.0,0.0,0.0,0.0,0.0,0.0,0.0,0.0,0.0,0.0,4,1,4,25769803776,6397820928,75.2,9530392576,68239360,6357237760,6246989824,3173154816,1073741824,121634816,952107008,11.3,252812705792,4943462400,494384795648,17738448896,24315195392,42.2,87.49861959852434,694.0231418155681,1449868.0355874754,9277526.362551318,15.908839927004427,17.89744491787998,46835.624745101035,75344.26589429297,105.39606451640432,93.464434571151,0.0,0.0,0.0,0.0,0,rest
1768232613.744909,2026-01-12 16:43:33,0.0,0.0,0.0,0.0,0.0,0.0,0.0,0.0,0.0,0.0,0.0,1.0,0.0,0.0,0.0,1.0,0.0,0.0,0.0,1.0,0.0,0.0,0.0,1.0,0.0,0.0,0.0,0.0,0.0,0.0,0.0,0.0,0.0,0.0,0.0,0.0,0.0,0.0,0.0,0.0,0.0,0.0,0.0,1.0,0.0,0.0,0.0,0.0,0.0,0.0,0.0,0.0,0.0,0.0,0.0,0.0,16.7,16.7,0.0,0.0,0.0,0.0,0.0,0.0,0.0,0.0,0.0,0.0,0.0,0.0,4,1,4,25769803776,6632980480,74.3,9302081536,531791872,6111264768,6021152768,3190816768,1073741824,121634816,952107008,11.3,252812853248,4943462400,494384795648,17738448896,24319225856,42.2,5.93998136278278,384.11879479328644,64880.43643188872,2716868.27558534,0.0,21.77993166353686,8110.05455398609,2027.5136384965224,25.73991923872538,17.81994408834834,0.0,0.0,0.0,0.0,0,rest
1768232614.249302,2026-01-12 16:43:34,0.0,0.0,0.0,1.0,0.0,0.0,0.0,1.0,0.0,0.0,0.0,1.0,0.0,0.0,0.0,0.0,0.0,0.0,0.0,0.0,0.0,0.0,0.0,0.0,0.0,0.0,0.0,1.0,0.0,0.0,0.0,1.0,0.0,0.0,0.0,1.0,0.0,0.0,0.0,1.0,0.0,0.0,0.0,1.0,0.0,0.0,0.0,1.0,0.0,0.0,0.0,1.0,0.0,0.0,0.0,1.0,20.0,16.7,0.0,0.0,0.0,0.0,0.0,0.0,0.0,0.0,0.0,0.0,0.0,0.0,4,1,4,25769803776,6801604608,73.6,9135095808,592953344,6195757056,6128615424,2939338752,1073741824,121634816,952107008,11.3,252812853248,4943462400,494384795648,17738448896,24319225856,42.2,0.0,0.0,0.0,0.0,0.0,0.0,4060.3270842895345,6090.490626434302,33.703886930137735,39.65163168251498,0.0,0.0,0.0,0.0,0,rest
1768232614.750549,2026-01-12 16:43:34,0.0,0.0,0.0,0.0,0.0,0.0,0.0,0.0,0.0,0.0,0.0,0.0,0.0,0.0,0.0,1.0,0.0,0.0,0.0,0.0,0.0,0.0,0.0,0.0,0.0,0.0,0.0,1.0,0.0,0.0,0.0,1.0,0.0,0.0,0.0,1.0,0.0,0.0,0.0,1.0,0.0,0.0,0.0,1.0,0.0,0.0,0.0,1.0,0.0,0.0,0.0,1.0,0.0,0.0,0.0,1.0,20.0,33.3,20.0,16.7,0.0,0.0,0.0,0.0,0.0,0.0,0.0,0.0,0.0,0.0,4,1,4,25769803776,6801195008,73.6,9137192960,601767936,6197870592,6119112704,2939322368,1073741824,121634816,952107008,11.3,252812853248,4943462400,494384795648,17738448896,24319389696,42.2,1.9950237421059815,109.726305815829,32686.4689906644,637386.1453179559,1.9950237421059815,5.985071226317945,4085.80862383305,4085.80862383305,11.97014245263589,7.980094968423926,0.0,0.0,0.0,0.0,0,rest
1768232615.2554948,2026-01-12 16:43:35,0.0,0.0,0.0,1.0,0.0,0.0,0.0,0.0,0.0,0.0,0.0,1.0,0.0,0.0,0.0,1.0,0.0,0.0,0.0,1.0,0.0,0.0,0.0,1.0,0.0,0.0,0.0,0.0,0.0,0.0,0.0,0.0,0.0,0.0,0.0,0.0,0.0,0.0,0.0,0.0,0.0,0.0,0.0,0.0,0.0,0.0,0.0,0.0,0.0,0.0,0.0,0.0,0.0,0.0,0.0,0.0,40.0,0.0,0.0,0.0,0.0,0.0,0.0,0.0,0.0,0.0,0.0,0.0,0.0,0.0,4,1,4,25769803776,6827720704,73.5,9110749184,615563264,6230196224,6131793920,2880552960,1073741824,121634816,952107008,11.3,252812853248,4943462400,494384795648,17738448896,24319389696,42.2,5.9412322418097965,0.0,97341.1490498117,0.0,3.960821494539864,0.0,6083.821815613232,6083.821815613232,39.60821494539864,45.549447187208436,0.0,0.0,0.0,0.0,0,rest
1768232615.759478,2026-01-12 16:43:35,0.0,0.0,1.0,0.0,1.0,0.0,1.0,0.0,0.0,0.0,0.0,0.0,1.0,0.0,0.0,1.0,0.0,0.0,0.0,0.0,0.0,0.0,0.0,0.0,0.0,0.0,0.0,1.0,0.0,0.0,0.0,1.0,0.0,0.0,0.0,1.0,0.0,0.0,0.0,0.0,0.0,0.0,0.0,0.0,0.0,0.0,0.0,1.0,0.0,0.0,0.0,0.0,0.0,0.0,0.0,0.0,33.3,20.0,85.7,0.0,0.0,0.0,0.0,0.0,0.0,0.0,0.0,0.0,0.0,0.0,4,1,4,25769803776,6798671872,73.6,9136799744,572850176,6200541184,6144786432,2936258560,1073741824,121634816,952107008,11.3,252813099008,4943462400,494384795648,17738448896,24318681088,42.2,3.9683857816439034,1200.4366989472808,32509.016323226857,15059801.811734842,0.0,31.747086253151227,0.0,14222.69464141175,17.857736017397567,21.82612179904147,0.0,0.0,0.0,0.0,0,rest
1768232616.264344,2026-01-12 16:43:36,0.0,0.0,0.0,0.0,0.0,0.0,0.0,1.0,0.0,0.0,0.0,1.0,0.0,0.0,0.0,0.0,0.0,0.0,0.0,1.0,0.0,0.0,0.0,1.0,0.0,0.0,0.0,0.0,0.0,0.0,0.0,0.0,0.0,0.0,0.0,0.0,0.0,0.0,0.0,1.0,0.0,0.0,0.0,1.0,0.0,0.0,0.0,1.0,0.0,0.0,0.0,1.0,0.0,0.0,0.0,1.0,33.3,33.3,0.0,0.0,0.0,0.0,0.0,0.0,0.0,0.0,0.0,0.0,0.0,0.0,4,1,4,25769803776,6788546560,73.7,9147826176,573521920,6230441984,6133596160,2917384192,1073741824,121634816,952107008,11.3,252816277504,4943462400,494384795648,17738448896,24318857216,42.2,140.6314075485901,1190.4151540380656,7180045.452216016,16753439.388504038,31.691584799682275,35.65303289964256,16226.091417437325,6084.784281538997,59.42172149940427,49.51810124950356,0.0,0.0,0.0,0.0,0,rest
1768232616.770839,2026-01-12 16:43:36,0.0,0.0,0.0,0.0,0.0,0.0,0.0,0.0,0.0,0.0,0.0,0.0,0.0,0.0,1.0,0.0,0.0,0.0,0.0,0.0,0.0,0.0,0.0,0.0,0.0,0.0,0.0,1.0,0.0,0.0,0.0,1.0,0.0,0.0,0.0,1.0,0.0,0.0,0.0,0.0,0.0,0.0,0.0,1.0,0.0,0.0,0.0,0.0,0.0,0.0,0.0,0.0,0.0,0.0,0.0,0.0,16.7,33.3,28.6,16.7,0.0,0.0,0.0,0.0,0.0,16.7,20.0,0.0,16.7,0.0,4,1,4,25769803776,6679576576,74.1,9263398912,493797376,5983109120,6104383488,3280289792,1073741824,121634816,952107008,11.3,252816277504,4943462400,494384795648,17738448896,24318988288,42.2,0.0,268.5120293128299,0.0,2943649.9928807933,0.0,11.846118940271909,10108.68816236536,12130.425794838435,53.30753523122359,41.461416290951675,0.0,0.0,0.0,0.0,0,[Network_Spam]NetSim(d5000.0)
1768232617.27569,2026-01-12 16:43:37,0.0,0.0,1.0,1.0,0.0,0.0,1.0,2.0,0.0,0.0,0.0,2.0,0.0,0.0,0.0,2.0,0.0,0.0,0.0,3.0,0.0,0.0,0.0,3.0,0.0,0.0,0.0,3.0,0.0,0.0,0.0,2.0,0.0,0.0,0.0,2.0,1.0,0.0,0.0,2.0,0.0,0.0,0.0,2.0,0.0,0.0,0.0,3.0,0.0,0.0,0.0,2.0,1.0,0.0,0.0,1.0,16.7,0.0,16.7,0.0,0.0,0.0,0.0,0.0,0.0,0.0,0.0,16.7,0.0,0.0,4,1,4,25769803776,6712655872,74.0,9237807104,527695872,6085083136,6103302144,3152723968,1073741824,121634816,952107008,11.3,252816818176,4943462400,494384795648,17738448896,24319164416,42.2,0.0,231.75149929232552,0.0,1225105.7718487706,0.0,5.942346135700655,81132.83257276627,46651.378729340606,221.84758906615775,156.48178157345058,0.0,0.0,0.0,0.0,0,[Network_Spam]NetSim(d5000.0)
1768232617.778135,2026-01-12 16:43:37,0.0,0.0,0.0,0.0,0.0,0.0,0.0,0.0,0.0,0.0,0.0,1.0,0.0,0.0,0.0,0.0,0.0,0.0,0.0,1.0,0.0,0.0,0.0,1.0,0.0,0.0,0.0,0.0,0.0,0.0,0.0,1.0,0.0,0.0,0.0,1.0,0.0,0.0,0.0,0.0,0.0,0.0,0.0,0.0,0.0,0.0,0.0,0.0,0.0,0.0,0.0,1.0,0.0,0.0,0.0,0.0,16.7,0.0,0.0,0.0,0.0,0.0,0.0,0.0,0.0,0.0,0.0,0.0,0.0,0.0,4,1,4,25769803776,6687719424,74.0,9261252608,505774080,6097829888,6100172800,3163422720,1073741824,121634816,952107008,11.3,252816834560,4943462400,494384795648,17738448896,24319164416,42.2,1.9902676606844336,0.0,32608.54535265376,0.0,1.9902676606844336,0.0,65217.09070530752,256792.29465214835,332.3746993343004,417.95620874373105,0.0,0.0,0.0,0.0,0,[Network_Spam]NetSim(d5000.0)
1768232618.279861,2026-01-12 16:43:38,0.0,0.0,1.0,0.0,0.0,0.0,0.0,1.0,0.0,0.0,0.0,0.0,0.0,0.0,0.0,1.0,0.0,0.0,0.0,0.0,0.0,0.0,0.0,0.0,0.0,0.0,0.0,1.0,0.0,0.0,0.0,1.0,0.0,0.0,0.0,1.0,0.0,0.0,0.0,0.0,0.0,0.0,0.0,1.0,0.0,0.0,0.0,0.0,0.0,0.0,0.0,1.0,0.0,0.0,0.0,1.0,20.0,20.0,0.0,0.0,0.0,0.0,0.0,0.0,0.0,0.0,0.0,0.0,0.0,0.0,4,1,4,25769803776,6703792128,74.0,9251684352,521781248,6167052288,6099877888,3084632064,1073741824,121634816,952107008,11.3,252816834560,4943462400,494384795648,17738448896,24319320064,42.2,7.972480399317427,446.4589023617759,32655.27971560418,4032927.0448771166,3.9862401996587136,9.965600499146785,104088.70409348833,700047.5589032647,412.57586066467684,621.8534711467594,0.0,0.0,0.0,0.0,0,[Network_Spam]NetSim(d5000.0)
1768232618.784048,2026-01-12 16:43:38,0.0,0.0,0.0,0.0,0.0,0.0,0.0,0.0,0.0,0.0,0.0,0.0,0.0,0.0,0.0,0.0,0.0,0.0,0.0,1.0,0.0,0.0,0.0,1.0,0.0,0.0,0.0,1.0,0.0,0.0,0.0,0.0,0.0,0.0,0.0,0.0,0.0,0.0,0.0,0.0,0.0,0.0,0.0,0.0,0.0,0.0,0.0,0.0,0.0,0.0,0.0,0.0,0.0,0.0,0.0,0.0,66.7,33.3,33.3,16.7,0.0,0.0,0.0,0.0,0.0,0.0,0.0,0.0,0.0,0.0,4,1,4,25769803776,6750355456,73.8,9206759424,520978432,6268796928,6146588672,2937962496,1073741824,121634816,952107008,11.3,252817195008,4943462400,494384795648,17738448896,24319217664,42.2,53.5515478688844,241.97366074088507,552429.8342527642,1819768.8657738115,9.916953309052666,9.916953309052666,42650.83279157371,166541.34709090684,218.17297279915866,238.006879417264,0.0,0.0,0.0,0.0,0,[Network_Spam]NetSim(d5000.0)
1768232619.2878132,2026-01-12 16:43:39,1.0,0.0,1.0,0.0,0.0,0.0,0.0,1.0,0.0,0.0,0.0,0.0,0.0,0.0,0.0,1.0,0.0,0.0,0.0,1.0,0.0,0.0,0.0,1.0,0.0,0.0,0.0,0.0,0.0,0.0,0.0,1.0,0.0,0.0,0.0,1.0,0.0,0.0,0.0,0.0,0.0,0.0,0.0,1.0,0.0,0.0,0.0,1.0,0.0,0.0,0.0,0.0,0.0,0.0,0.0,0.0,0.0,20.0,0.0,0.0,0.0,0.0,0.0,0.0,0.0,0.0,0.0,0.0,0.0,0.0,4,1,4,25769803776,6801424384,73.6,9154084864,577552384,6216417280,6140936192,2937667584,1073741824,121634816,952107008,11.3,252817293312,4943462400,494384795648,17738448896,24319217664,42.2,17.865469222090127,0.0,268315.52709016425,0.0,1.9850521357877917,0.0,26425.014031607087,65046.18838549436,134.98354523356986,132.99849309778205,0.0,0.0,0.0,0.0,0,[Network_Spam]NetSim(d5000.0)
1768232619.792783,2026-01-12 16:43:39,0.0,0.0,0.0,1.0,0.0,0.0,0.0,1.0,0.0,0.0,0.0,0.0,0.0,0.0,0.0,0.0,0.0,0.0,0.0,1.0,0.0,0.0,0.0,1.0,0.0,0.0,0.0,1.0,0.0,0.0,0.0,0.0,0.0,0.0,0.0,1.0,0.0,0.0,0.0,1.0,0.0,0.0,0.0,0.0,0.0,0.0,0.0,1.0,0.0,0.0,0.0,0.0,0.0,0.0,0.0,1.0,40.0,33.3,0.0,0.0,0.0,0.0,0.0,0.0,0.0,0.0,0.0,16.7,0.0,0.0,4,1,4,25769803776,6798229504,73.6,9159163904,571146240,6258868224,6143688704,2900295680,1073741824,121634816,952107008,11.3,252817293312,4943462400,494384795648,17738448896,24319217664,42.2,9.901581541428056,0.0,162227.51197475728,0.0,5.940948924856834,0.0,32445.502394951458,417735.843335,257.4411200771295,362.3978844162669,0.0,0.0,0.0,0.0,0,[Network_Spam]NetSim(d5000.0)
1768232620.2976892,2026-01-12 16:43:40,0.0,0.0,0.0,0.0,0.0,0.0,0.0,0.0,0.0,0.0,0.0,1.0,0.0,0.0,0.0,1.0,0.0,0.0,0.0,1.0,0.0,0.0,0.0,1.0,0.0,0.0,0.0,0.0,0.0,0.0,0.0,1.0,0.0,0.0,0.0,0.0,0.0,0.0,0.0,1.0,0.0,0.0,0.0,1.0,0.0,0.0,0.0,1.0,0.0,0.0,0.0,1.0,0.0,0.0,0.0,1.0,60.0,66.7,60.0,25.0,0.0,0.0,0.0,0.0,0.0,0.0,0.0,28.6,0.0,0.0,4,1,4,25769803776,6816743424,73.5,9132195840,586596352,6253182976,6150307840,2879012864,1073741824,121634816,952107008,11.3,252817440768,4943462400,494384795648,17738448896,24319381504,42.2,11.883395900327237,265.39584177397495,397507.51512987964,9661866.337136462,5.9416979501636185,9.902829916939364,32449.59307182691,237287.64933773427,271.3375397241386,299.0654634915688,0.0,0.0,0.0,0.0,0,[Network_Spam]NetSim(d5000.0)
1768232620.802311,2026-01-12 16:43:40,0.0,0.0,0.0,0.0,0.0,0.0,0.0,1.0,0.0,0.0,0.0,0.0,0.0,0.0,0.0,0.0,0.0,0.0,0.0,0.0,0.0,0.0,0.0,0.0,0.0,0.0,0.0,1.0,0.0,0.0,0.0,1.0,0.0,0.0,0.0,1.0,0.0,0.0,0.0,1.0,0.0,0.0,0.0,1.0,0.0,0.0,0.0,0.0,0.0,0.0,0.0,1.0,0.0,0.0,0.0,1.0,16.7,20.0,28.6,0.0,0.0,0.0,0.0,0.0,0.0,0.0,0.0,0.0,16.7,0.0,4,1,4,25769803776,6830686208,73.5,9131032576,601047040,6253051904,6149144576,2877980672,1073741824,121634816,952107008,11.3,252817604608,4943462400,494384795648,17738448896,24318955520,42.2,0.0,804.5630310266251,0.0,10105628.7388692,0.0,21.79850576673122,30438.640779726506,243509.12623781204,245.72861046133377,321.032539473678,0.0,0.0,0.0,0.0,0,[Network_Spam]NetSim(d5000.0)
1768232621.306748,2026-01-12 16:43:41,0.0,0.0,0.0,0.0,0.0,0.0,0.0,1.0,0.0,0.0,0.0,0.0,0.0,0.0,0.0,0.0,0.0,0.0,0.0,1.0,0.0,0.0,0.0,1.0,0.0,0.0,0.0,0.0,0.0,0.0,0.0,1.0,0.0,0.0,0.0,0.0,0.0,0.0,0.0,1.0,0.0,0.0,0.0,0.0,0.0,0.0,0.0,1.0,0.0,0.0,0.0,1.0,0.0,0.0,0.0,1.0,0.0,0.0,0.0,0.0,0.0,0.0,0.0,0.0,0.0,0.0,0.0,0.0,0.0,0.0,4,1,4,25769803776,6822723584,73.5,9130868736,593166336,6252888064,6149193728,2877980672,1073741824,121634816,952107008,11.3,252817604608,4943462400,494384795648,17738448896,24318885888,42.2,0.0,297.36123439214805,0.0,3865093.3949962235,0.0,13.87685760496691,22329.84629462104,46689.67861602581,122.9093102154212,116.96208552757824,0.0,0.0,0.0,0.0,0,[Network_Spam]NetSim(d5000.0)
1768232621.808821,2026-01-12 16:43:41,0.0,0.0,0.0,1.0,1.0,0.0,1.0,0.0,0.0,0.0,0.0,0.0,0.0,0.0,0.0,0.0,0.0,0.0,0.0,1.0,0.0,0.0,0.0,1.0,0.0,0.0,0.0,0.0,0.0,0.0,0.0,1.0,0.0,0.0,0.0,1.0,0.0,0.0,0.0,1.0,0.0,0.0,0.0,0.0,0.0,0.0,0.0,1.0,0.0,0.0,0.0,0.0,0.0,0.0,0.0,0.0,80.0,25.0,33.3,33.3,0.0,0.0,0.0,0.0,0.0,16.7,0.0,40.0,33.3,16.7,4,1,4,25769803776,6702153728,74.0,9255206912,491028480,6093176832,6131089408,3162030080,1073741824,121634816,952107008,11.3,252817604608,4943462400,494384795648,17738448896,24318038016,42.2,31.867872642219496,579.5969336803671,424225.1206132259,7040505.367100269,7.966968160554874,27.88438856194206,30593.157736530717,467055.54144436895,294.7778219405303,452.1254431114891,0.0,0.0,0.0,0.0,0,rest
1768232622.313575,2026-01-12 16:43:42,0.0,0.0,0.0,1.0,0.0,0.0,0.0,1.0,0.0,0.0,0.0,1.0,0.0,0.0,0.0,0.0,0.0,0.0,0.0,1.0,0.0,0.0,0.0,1.0,0.0,0.0,0.0,1.0,0.0,0.0,0.0,0.0,0.0,0.0,0.0,1.0,0.0,0.0,0.0,0.0,0.0,0.0,0.0,1.0,0.0,0.0,0.0,0.0,0.0,0.0,0.0,1.0,0.0,0.0,0.0,1.0,40.0,40.0,20.0,20.0,0.0,0.0,0.0,0.0,0.0,0.0,0.0,16.7,16.7,16.7,4,1,4,25769803776,6688145408,74.0,9273212928,485179392,6102614016,6122815488,3170598912,1073741824,121634816,952107008,11.3,252818145280,4943462400,494384795648,17738448896,24310050816,42.2,13.86813988244252,982.65676881307,56803.90095848456,19946284.07942215,3.962325680697863,29.717442605233973,14200.97523962114,81148.42994069224,79.24651361395726,118.8697704209359,0.0,0.0,0.0,0.0,0,rest
1768232622.8174589,2026-01-12 16:43:42,0.0,0.0,0.0,1.0,0.0,0.0,0.0,0.0,0.0,0.0,0.0,0.0,0.0,0.0,0.0,1.0,0.0,0.0,0.0,1.0,0.0,0.0,0.0,1.0,0.0,0.0,0.0,0.0,0.0,0.0,0.0,0.0,0.0,0.0,0.0,0.0,0.0,0.0,0.0,1.0,0.0,0.0,0.0,0.0,0.0,0.0,0.0,0.0,0.0,0.0,0.0,1.0,0.0,0.0,0.0,1.0,33.3,20.0,0.0,20.0,0.0,0.0,0.0,0.0,0.0,0.0,0.0,0.0,0.0,0.0,4,1,4,25769803776,6792511488,73.6,9271902208,600899584,6095601664,6111313920,3176300544,1073741824,121634816,952107008,11.3,252818145280,4943462400,494384795648,17738448896,24310153216,42.2,1.9845843888784267,136.93632283261144,32515.430627384143,1097395.783674215,0.0,11.907506333270561,4064.428828423018,2032.214414211509,17.86125949990584,15.876675111027414,0.0,0.0,0.0,0.0,0,rest
1768232623.32021,2026-01-12 16:43:43,1.0,0.0,0.0,1.0,0.0,0.0,0.0,0.0,0.0,0.0,0.0,0.0,0.0,0.0,0.0,1.0,0.0,0.0,0.0,0.0,0.0,0.0,0.0,0.0,0.0,0.0,0.0,0.0,0.0,0.0,0.0,1.0,0.0,0.0,0.0,1.0,0.0,0.0,0.0,0.0,0.0,0.0,0.0,1.0,0.0,0.0,0.0,1.0,0.0,0.0,0.0,0.0,0.0,0.0,0.0,0.0,20.0,20.0,0.0,0.0,0.0,0.0,0.0,0.0,0.0,0.0,0.0,0.0,0.0,0.0,4,1,4,25769803776,6790184960,73.7,9271984128,598884352,6189400064,6111002624,3082584064,1073741824,121634816,952107008,11.3,252818145280,4943462400,494384795648,17738448896,24310153216,42.2,0.0,93.4856211744632,0.0,529566.208116789,0.0,5.96716730900829,2036.7931081414963,2036.7931081414963,25.85772500570259,21.87961346636373,0.0,0.0,0.0,0.0,0,rest
1768232623.8250308,2026-01-12 16:43:43,0.0,0.0,0.0,0.0,0.0,0.0,0.0,0.0,0.0,0.0,0.0,0.0,0.0,0.0,0.0,1.0,0.0,0.0,0.0,1.0,0.0,0.0,0.0,1.0,0.0,0.0,0.0,1.0,0.0,0.0,0.0,0.0,0.0,0.0,0.0,0.0,0.0,0.0,0.0,1.0,0.0,0.0,0.0,1.0,0.0,0.0,0.0,1.0,0.0,0.0,0.0,0.0,0.0,0.0,0.0,0.0,60.0,40.0,20.0,20.0,0.0,0.0,0.0,0.0,0.0,0.0,0.0,0.0,0.0,0.0,4,1,4,25769803776,6675693568,74.1,9392685056,430391296,6265028608,6165004288,3127656448,1073741824,121634816,952107008,11.3,252818243584,4943462400,494384795648,17738448896,24310153216,42.2,1.9809008525662943,0.0,32455.079568446166,0.0,0.0,0.0,2028.4424730278854,2028.4424730278854,15.847206820530355,17.82810767309665,0.0,0.0,0.0,0.0,0,rest
1768232624.330079,2026-01-12 16:43:44,0.0,0.0,0.0,0.0,0.0,0.0,0.0,0.0,0.0,0.0,0.0,0.0,0.0,0.0,0.0,0.0,0.0,0.0,0.0,0.0,0.0,0.0,0.0,0.0,0.0,0.0,0.0,0.0,0.0,0.0,0.0,1.0,0.0,0.0,0.0,1.0,0.0,0.0,0.0,0.0,0.0,0.0,0.0,0.0,0.0,0.0,0.0,1.0,0.0,0.0,0.0,0.0,0.0,0.0,0.0,1.0,16.7,16.7,0.0,0.0,0.0,0.0,0.0,0.0,0.0,0.0,0.0,0.0,0.0,0.0,4,1,4,25769803776,6720700416,73.9,9342304256,483164160,6214647808,6157205504,3127656448,1073741824,121634816,952107008,11.3,252818243584,4943462400,494384795648,17738448896,24310153216,42.2,0.0,0.0,0.0,0.0,0.0,0.0,2027.5289525785927,2027.5289525785927,17.82007868477279,17.82007868477279,0.0,0.0,0.0,0.0,0,rest
1768232624.835142,2026-01-12 16:43:44,0.0,0.0,0.0,1.0,0.0,0.0,0.0,1.0,0.0,0.0,0.0,0.0,0.0,0.0,0.0,1.0,0.0,0.0,0.0,1.0,0.0,0.0,0.0,1.0,0.0,0.0,0.0,1.0,0.0,0.0,0.0,0.0,0.0,0.0,0.0,0.0,0.0,0.0,0.0,1.0,0.0,0.0,0.0,1.0,0.0,0.0,0.0,1.0,0.0,0.0,0.0,1.0,0.0,0.0,0.0,1.0,40.0,40.0,33.3,20.0,0.0,0.0,0.0,0.0,0.0,0.0,0.0,0.0,0.0,0.0,4,1,4,25769803776,6807863296,73.6,9257172992,495206400,6358827008,6232309760,2898345984,1073741824,121634816,952107008,11.3,252818243584,4943462400,494384795648,17738448896,24310153216,42.2,0.0,0.0,0.0,0.0,0.0,0.0,4054.9411377618917,4054.9411377618917,39.59903454845597,39.59903454845597,0.0,0.0,0.0,0.0,0,rest
1768232625.3397188,2026-01-12 16:43:45,0.0,0.0,0.0,1.0,0.0,0.0,0.0,1.0,0.0,0.0,0.0,0.0,0.0,0.0,0.0,1.0,0.0,0.0,0.0,0.0,0.0,0.0,0.0,0.0,0.0,0.0,0.0,0.0,0.0,0.0,0.0,1.0,0.0,0.0,0.0,1.0,0.0,0.0,0.0,0.0,0.0,0.0,0.0,0.0,0.0,0.0,0.0,1.0,0.0,0.0,0.0,0.0,0.0,0.0,0.0,0.0,0.0,0.0,0.0,0.0,0.0,0.0,0.0,0.0,0.0,0.0,0.0,0.0,0.0,0.0,4,1,4,25769803776,6807863296,73.6,9257172992,495206400,6358827008,6232309760,2898345984,1073741824,121634816,952107008,11.3,252818243584,4943462400,494384795648,17738448896,24310153216,42.2,0.0,0.0,0.0,0.0,0.0,0.0,0.0,0.0,0.0,0.0,0.0,0.0,0.0,0.0,0,rest
1768232625.844769,2026-01-12 16:43:45,0.0,0.0,0.0,0.0,0.0,0.0,0.0,0.0,0.0,0.0,0.0,1.0,0.0,0.0,0.0,0.0,0.0,0.0,0.0,1.0,0.0,0.0,0.0,1.0,0.0,0.0,0.0,1.0,0.0,0.0,0.0,0.0,0.0,0.0,0.0,0.0,0.0,0.0,0.0,1.0,0.0,0.0,0.0,1.0,0.0,0.0,0.0,1.0,0.0,0.0,0.0,1.0,0.0,0.0,0.0,0.0,20.0,42.9,0.0,0.0,0.0,0.0,0.0,0.0,0.0,0.0,0.0,20.0,0.0,16.7,4,1,4,25769803776,6863732736,73.4,9193996288,537722880,6316982272,6245498880,2877014016,1073741824,121634816,952107008,11.3,252818407424,4943462400,494384795648,17738448896,24310153216,42.2,7.9200050605806265,0.0,40550.4259101728,0.0,3.9600025302903132,0.0,6082.563886525921,6082.563886525921,35.64002277261282,35.64002277261282,0.0,0.0,0.0,0.0,0,rest
1768232626.3491461,2026-01-12 16:43:46,0.0,0.0,0.0,1.0,0.0,0.0,0.0,1.0,0.0,0.0,0.0,1.0,0.0,0.0,0.0,1.0,0.0,0.0,0.0,1.0,0.0,0.0,0.0,0.0,0.0,0.0,0.0,0.0,0.0,0.0,0.0,1.0,0.0,0.0,0.0,1.0,0.0,0.0,0.0,1.0,0.0,0.0,0.0,0.0,0.0,0.0,0.0,0.0,0.0,0.0,0.0,1.0,0.0,0.0,0.0,1.0,20.0,33.3,0.0,0.0,0.0,0.0,0.0,0.0,0.0,0.0,0.0,0.0,0.0,0.0,4,1,4,25769803776,6869417984,73.3,9194143744,545865728,6317129728,6242992128,2877014016,1073741824,121634816,952107008,11.3,252818407424,4943462400,494384795648,17738448896,24310153216,42.2,0.0,0.0,0.0,0.0,0.0,0.0,0.0,0.0,0.0,0.0,0.0,0.0,0.0,0.0,0,rest
1768232626.849256,2026-01-12 16:43:46,0.0,0.0,0.0,0.0,1.0,0.0,0.0,0.0,0.0,0.0,0.0,0.0,0.0,0.0,0.0,0.0,0.0,0.0,0.0,1.0,0.0,0.0,0.0,0.0,0.0,0.0,0.0,0.0,0.0,0.0,0.0,1.0,0.0,0.0,0.0,1.0,0.0,0.0,0.0,0.0,0.0,0.0,0.0,0.0,0.0,0.0,0.0,0.0,0.0,0.0,0.0,0.0,0.0,0.0,0.0,1.0,66.7,80.0,83.3,66.7,0.0,0.0,0.0,0.0,0.0,0.0,0.0,16.7,0.0,0.0,4,1,4,25769803776,6875660288,73.3,9261694976,475136000,6384893952,6319734784,2876801024,1073741824,121634816,952107008,11.3,252818554880,4943462400,494384795648,17738448896,24310153216,42.2,11.997362716573553,0.0,303037.3857370258,0.0,3.9991209055245176,0.0,4095.099807257106,4095.099807257106,47.98945086629421,37.99164860248292,0.0,0.0,0.0,0.0,0,rest
1768232627.350396,2026-01-12 16:43:47,0.0,0.0,0.0,0.0,0.0,0.0,0.0,1.0,0.0,0.0,0.0,0.0,0.0,0.0,0.0,1.0,0.0,0.0,0.0,0.0,0.0,0.0,0.0,0.0,0.0,0.0,0.0,0.0,0.0,0.0,0.0,1.0,0.0,0.0,0.0,1.0,0.0,0.0,0.0,1.0,0.0,0.0,0.0,0.0,0.0,0.0,0.0,1.0,0.0,0.0,0.0,0.0,0.0,0.0,0.0,0.0,0.0,0.0,0.0,0.0,0.0,0.0,0.0,0.0,0.0,0.0,0.0,0.0,0.0,0.0,4,1,4,25769803776,6870745088,73.3,9264988160,471007232,6388187136,6318931968,2876801024,1073741824,121634816,952107008,11.3,252818554880,4943462400,494384795648,17738448896,24310153216,42.2,0.0,0.0,0.0,0.0,0.0,0.0,2043.341674544336,2043.341674544336,13.968155978330422,21.949959394519237,0.0,0.0,0.0,0.0,0,rest
1768232627.852302,2026-01-12 16:43:47,0.0,0.0,1.0,1.0,0.0,0.0,0.0,0.0,0.0,0.0,1.0,0.0,0.0,0.0,0.0,0.0,0.0,0.0,0.0,1.0,0.0,0.0,0.0,1.0,0.0,0.0,0.0,1.0,0.0,0.0,0.0,1.0,0.0,0.0,0.0,1.0,0.0,0.0,0.0,1.0,0.0,0.0,0.0,1.0,0.0,0.0,0.0,1.0,0.0,0.0,0.0,1.0,0.0,0.0,0.0,1.0,80.0,71.4,60.0,60.0,83.3,83.3,83.3,80.0,80.0,100.0,100.0,100.0,100.0,100.0,4,1,4,25769803776,6592282624,74.4,9550397440,224280576,6386892800,6285033472,3163504640,1073741824,121634816,952107008,11.3,252827648000,4943462400,494384795648,17738448896,24310153216,42.2,13.946830316362705,0.0,269309.308600302,0.0,3.9848086618179157,0.0,8160.888139403091,6120.666104552319,67.74174725090457,65.74934291999561,0.0,0.0,0.0,0.0,0,[CPU_default]CPUSim(d5000.0-t70)
1768232628.3573241,2026-01-12 16:43:48,0.0,0.0,0.0,1.0,0.0,0.0,0.0,1.0,0.0,0.0,0.0,1.0,0.0,0.0,0.0,0.0,0.0,0.0,0.0,1.0,0.0,0.0,0.0,1.0,0.0,0.0,0.0,0.0,1.0,0.0,0.0,0.0,0.0,0.0,0.0,1.0,1.0,0.0,0.0,0.0,1.0,0.0,0.0,0.0,1.0,0.0,1.0,0.0,0.0,0.0,0.0,0.0,0.0,0.0,0.0,0.0,60.0,60.0,83.3,50.0,100.0,83.3,100.0,100.0,100.0,100.0,100.0,100.0,100.0,100.0,4,1,4,25769803776,6592430080,74.4,9550528512,224428032,6387023872,6285033472,3163504640,1073741824,121634816,952107008,11.3,252827648000,4943462400,494384795648,17738448896,24310153216,42.2,0.0,0.0,0.0,0.0,0.0,0.0,6082.902729466683,6082.902729466683,49.50278913954006,49.50278913954006,0.0,0.0,0.0,0.0,0,[CPU_default]CPUSim(d5000.0-t70)
1768232628.857414,2026-01-12 16:43:48,0.0,0.0,0.0,0.0,0.0,0.0,0.0,1.0,0.0,0.0,0.0,0.0,0.0,0.0,0.0,1.0,0.0,0.0,0.0,1.0,0.0,0.0,0.0,1.0,0.0,0.0,0.0,1.0,0.0,0.0,0.0,0.0,0.0,0.0,0.0,0.0,0.0,0.0,0.0,0.0,0.0,0.0,0.0,0.0,0.0,0.0,0.0,0.0,0.0,0.0,0.0,0.0,0.0,0.0,0.0,0.0,40.0,40.0,33.3,50.0,83.3,80.0,80.0,83.3,100.0,66.7,85.7,85.7,85.7,80.0,4,1,4,25769803776,6508560384,74.7,9649225728,73285632,6454607872,6351028224,3194617856,1073741824,121634816,952107008,11.3,252828696576,4943462400,494384795648,17738448896,24310153216,42.2,89.98382382317479,0.0,1867440.2947239347,0.0,31.99424847046215,0.0,4095.263804219155,4095.263804219155,37.993170058673805,37.993170058673805,0.0,0.0,0.0,0.0,0,[CPU_default]CPUSim(d5000.0-t70)
1768232629.360495,2026-01-12 16:43:49,0.0,0.0,0.0,1.0,0.0,0.0,0.0,1.0,0.0,0.0,0.0,0.0,0.0,0.0,0.0,1.0,0.0,0.0,1.0,0.0,0.0,0.0,1.0,0.0,0.0,0.0,0.0,0.0,0.0,0.0,1.0,0.0,0.0,0.0,1.0,0.0,0.0,0.0,0.0,0.0,0.0,0.0,1.0,0.0,0.0,0.0,0.0,0.0,0.0,0.0,0.0,0.0,0.0,0.0,1.0,0.0,20.0,0.0,0.0,0.0,100.0,85.7,83.3,100.0,83.3,83.3,50.0,60.0,50.0,60.0,4,1,4,25769803776,6680723456,74.1,9483501568,131383296,6541230080,6457835520,2942271488,1073741824,121634816,952107008,11.3,252833939456,4943462400,494384795648,17738448896,24310153216,42.2,711.6149103704845,3.9755022925725387,11528829.432387,16283.657390377119,107.33856189945855,0.0,4070.9143475942797,12212.74304278284,37.76727177943912,31.80401834058031,0.0,0.0,0.0,0.0,0,[CPU_default]CPUSim(d5000.0-t70)
1768232629.865518,2026-01-12 16:43:49,1.0,0.0,0.0,0.0,0.0,0.0,0.0,0.0,0.0,0.0,0.0,1.0,0.0,0.0,0.0,0.0,0.0,0.0,1.0,0.0,0.0,0.0,1.0,0.0,0.0,0.0,0.0,0.0,0.0,0.0,1.0,0.0,0.0,0.0,0.0,0.0,0.0,0.0,0.0,0.0,0.0,0.0,0.0,0.0,0.0,0.0,0.0,0.0,0.0,0.0,1.0,0.0,0.0,0.0,0.0,0.0,20.0,33.3,20.0,0.0,100.0,80.0,100.0,80.0,83.3,50.0,50.0,66.7,60.0,100.0,4,1,4,25769803776,6687735808,74.0,9488531456,141819904,6546620416,6454018048,2941911040,1073741824,121634816,952107008,11.3,252833939456,4943462400,494384795648,17738448896,24310153216,42.2,13.8607547846777,0.0,202763.04142157093,0.0,5.940323479147586,0.0,10138.152071078546,10138.152071078546,83.1645287080662,73.26398957615356,0.0,0.0,0.0,0.0,0,[CPU_default]CPUSim(d5000.0-t70)
1768232630.370532,2026-01-12 16:43:50,0.0,0.0,0.0,1.0,0.0,0.0,0.0,0.0,0.0,0.0,0.0,0.0,0.0,0.0,0.0,0.0,0.0,0.0,0.0,0.0,0.0,0.0,0.0,0.0,1.0,0.0,0.0,0.0,0.0,0.0,0.0,0.0,0.0,0.0,0.0,0.0,0.0,0.0,0.0,0.0,0.0,0.0,0.0,0.0,1.0,0.0,0.0,0.0,1.0,0.0,0.0,0.0,0.0,0.0,0.0,0.0,33.3,16.7,20.0,16.7,100.0,100.0,83.3,100.0,100.0,83.3,75.0,60.0,40.0,80.0,4,1,4,25769803776,6720126976,73.9,9465659392,160284672,6582321152,6466371584,2883338240,1073741824,121634816,952107008,11.3,252834021376,4943462400,494384795648,17738448896,24310153216,42.2,188.11361818767224,5.940430048031756,3025278.8502744334,32442.66863565076,27.72200689081486,0.0,10138.333948640862,24332.00147673807,83.16602067244457,91.08659406982025,0.0,0.0,0.0,0.0,0,[CPU_default]CPUSim(d5000.0-t70)
1768232630.875547,2026-01-12 16:43:50,0.0,0.0,0.0,0.0,0.0,0.0,0.0,0.0,0.0,0.0,0.0,1.0,0.0,0.0,0.0,1.0,0.0,0.0,0.0,0.0,1.0,0.0,0.0,0.0,0.0,0.0,1.0,0.0,0.0,0.0,1.0,0.0,0.0,0.0,1.0,0.0,0.0,0.0,0.0,0.0,0.0,0.0,1.0,0.0,0.0,0.0,0.0,0.0,0.0,0.0,1.0,0.0,0.0,0.0,0.0,0.0,16.7,28.6,28.6,0.0,100.0,60.0,100.0,100.0,100.0,83.3,100.0,100.0,100.0,83.3,4,1,4,25769803776,6720765952,73.9,9465053184,158695424,6581714944,6468485120,2883338240,1073741824,121634816,952107008,11.3,252834250752,4943462400,494384795648,17738448896,24310153216,42.2,1.9801396100248043,0.0,129770.42948258558,0.0,0.0,0.0,10138.314803326997,62857.551780627386,95.04670128119061,116.82823699146346,0.0,0.0,0.0,0.0,0,[CPU_default]CPUSim(d5000.0-t70)
1768232631.380563,2026-01-12 16:43:51,0.0,0.0,0.0,0.0,0.0,0.0,0.0,0.0,0.0,0.0,0.0,1.0,0.0,0.0,0.0,0.0,1.0,0.0,0.0,0.0,0.0,0.0,0.0,0.0,0.0,0.0,0.0,0.0,1.0,0.0,0.0,0.0,0.0,0.0,0.0,0.0,1.0,0.0,0.0,0.0,1.0,0.0,0.0,0.0,0.0,0.0,0.0,0.0,1.0,0.0,0.0,0.0,0.0,0.0,0.0,0.0,0.0,28.6,20.0,16.7,100.0,100.0,100.0,100.0,100.0,100.0,100.0,100.0,100.0,100.0,4,1,4,25769803776,6726746112,73.9,9459286016,162349056,6580158464,6470696960,2879127552,1073741824,121634816,952107008,11.3,252834250752,4943462400,494384795648,17738448896,24310153216,42.2,13.8609445512704,0.0,227097.71552801423,0.0,3.9602698717915428,0.0,2027.65817435727,60829.7452307181,37.622563782019654,49.503373397394284,0.0,0.0,0.0,0.0,0,[CPU_default]CPUSim(d5000.0-t70)
1768232631.885577,2026-01-12 16:43:51,1.0,0.0,0.0,0.0,0.0,0.0,0.0,0.0,0.0,0.0,0.0,0.0,0.0,0.0,0.0,0.0,1.0,0.0,0.0,0.0,1.0,0.0,0.0,0.0,0.0,0.0,0.0,0.0,1.0,0.0,0.0,0.0,1.0,0.0,0.0,0.0,1.0,0.0,0.0,0.0,0.0,0.0,0.0,0.0,0.0,0.0,0.0,0.0,0.0,0.0,0.0,0.0,1.0,0.0,0.0,0.0,25.0,16.7,0.0,0.0,100.0,100.0,100.0,100.0,85.7,100.0,100.0,100.0,100.0,100.0,4,1,4,25769803776,6729777152,73.9,9458270208,163463168,6579142656,6472564736,2879127552,1073741824,121634816,952107008,11.3,252834250752,4943462400,494384795648,17738448896,24310153216,42.2,5.940430048031756,0.0,97328.00590695228,0.0,1.9801433493439184,0.0,8110.66715891269,107466.33985559315,73.26530392572498,116.8284576112912,0.0,0.0,0.0,0.0,0,[CPU_default]CPUSim(d5000.0-t70)
1768232632.386228,2026-01-12 16:43:52,0.0,0.0,0.0,0.0,0.0,0.0,0.0,0.0,0.0,0.0,0.0,1.0,0.0,0.0,0.0,0.0,0.0,0.0,0.0,0.0,1.0,0.0,0.0,1.0,0.0,0.0,0.0,0.0,0.0,0.0,0.0,0.0,0.0,0.0,0.0,1.0,0.0,0.0,0.0,0.0,0.0,0.0,0.0,0.0,0.0,0.0,0.0,0.0,0.0,0.0,0.0,0.0,0.0,0.0,0.0,0.0,33.3,0.0,16.7,0.0,100.0,100.0,83.3,100.0,100.0,100.0,83.3,100.0,100.0,100.0,4,1,4,25769803776,6736068608,73.9,9457123328,178880512,6577995776,6463438848,2879127552,1073741824,121634816,952107008,11.3,252834250752,4943462400,494384795648,17738448896,24310153216,42.2,1.9973989027007695,0.0,8181.345905462352,0.0,1.9973989027007695,0.0,4090.672952731176,100221.48734191382,69.90896159452693,119.84393416204617,0.0,0.0,0.0,0.0,0,[CPU_default]CPUSim(d5000.0-t70)
1768232632.890228,2026-01-12 16:43:52,0.0,0.0,0.0,1.0,0.0,0.0,0.0,1.0,0.0,0.0,0.0,1.0,0.0,0.0,0.0,0.0,0.0,0.0,1.0,0.0,1.0,0.0,1.0,0.0,0.0,0.0,0.0,0.0,0.0,0.0,1.0,0.0,0.0,0.0,0.0,0.0,0.0,0.0,1.0,0.0,0.0,0.0,1.0,0.0,0.0,0.0,0.0,0.0,0.0,0.0,0.0,0.0,0.0,0.0,0.0,0.0,50.0,20.0,0.0,0.0,100.0,100.0,100.0,100.0,100.0,100.0,83.3,100.0,100.0,100.0,4,1,4,25769803776,6623756288,74.3,9569189888,93339648,6405062656,6436585472,3164127232,1073741824,121634816,952107008,11.3,252834250752,4943462400,494384795648,17738448896,24310153216,42.2,5.952381560591675,0.0,48761.909744367,0.0,1.984127186863892,0.0,4063.4924786972506,4063.4924786972506,39.68254373727784,39.68254373727784,0.0,0.0,0.0,0.0,0,rest
1768232633.3952699,2026-01-12 16:43:53,0.0,0.0,0.0,1.0,0.0,0.0,0.0,1.0,0.0,0.0,0.0,1.0,0.0,0.0,0.0,1.0,0.0,0.0,0.0,1.0,0.0,0.0,0.0,1.0,0.0,0.0,0.0,0.0,0.0,0.0,0.0,0.0,0.0,0.0,0.0,1.0,0.0,0.0,0.0,1.0,0.0,0.0,0.0,1.0,0.0,0.0,0.0,1.0,0.0,0.0,0.0,0.0,0.0,0.0,0.0,1.0,60.0,60.0,50.0,60.0,0.0,0.0,0.0,0.0,0.0,0.0,0.0,0.0,0.0,0.0,4,1,4,25769803776,6884360192,73.3,9309962240,539246592,6160678912,6253346816,3149283328,1073741824,121634816,952107008,11.3,252834250752,4943462400,494384795648,17738448896,24310153216,42.2,0.0,0.0,0.0,0.0,0.0,0.0,2027.5547956166718,0.0,13.860237860660842,11.880203880566436,0.0,0.0,0.0,0.0,0,rest
1768232633.899093,2026-01-12 16:43:53,0.0,0.0,1.0,0.0,0.0,0.0,0.0,1.0,0.0,0.0,0.0,0.0,0.0,0.0,0.0,1.0,0.0,0.0,0.0,0.0,0.0,0.0,0.0,0.0,0.0,0.0,0.0,1.0,0.0,0.0,0.0,1.0,0.0,0.0,0.0,1.0,0.0,0.0,0.0,1.0,0.0,0.0,0.0,0.0,0.0,0.0,0.0,0.0,0.0,0.0,0.0,1.0,0.0,0.0,0.0,0.0,0.0,20.0,16.7,0.0,0.0,0.0,0.0,0.0,0.0,0.0,0.0,0.0,0.0,0.0,4,1,4,25769803776,6853361664,73.4,9367732224,516784128,6181076992,6244761600,3186655232,1073741824,121634816,952107008,11.3,252834250752,4943462400,494384795648,17738448896,24310153216,42.2,0.0,0.0,0.0,0.0,0.0,0.0,4064.9192863669896,4064.9192863669896,31.757181924742106,31.757181924742106,0.0,0.0,0.0,0.0,0,rest
1768232634.403606,2026-01-12 16:43:54,0.0,0.0,0.0,0.0,0.0,0.0,0.0,0.0,0.0,0.0,0.0,1.0,0.0,0.0,0.0,1.0,0.0,0.0,0.0,1.0,0.0,0.0,0.0,1.0,0.0,0.0,0.0,1.0,0.0,0.0,0.0,0.0,0.0,0.0,0.0,0.0,0.0,0.0,0.0,0.0,0.0,0.0,0.0,1.0,0.0,0.0,0.0,1.0,0.0,0.0,0.0,0.0,0.0,0.0,0.0,1.0,0.0,33.3,0.0,0.0,0.0,0.0,0.0,0.0,0.0,0.0,16.7,0.0,0.0,0.0,4,1,4,25769803776,6942752768,73.1,9277259776,576094208,6342115328,6274777088,2935144448,1073741824,121634816,952107008,11.3,252834250752,4943462400,494384795648,17738448896,24310153216,42.2,11.892656283006179,0.0,146136.96040557994,0.0,3.96421876100206,0.0,0.0,6089.040016899164,5.9463281415030895,25.76742194651339,0.0,0.0,0.0,0.0,0,rest
1768232634.908401,2026-01-12 16:43:54,0.0,0.0,0.0,0.0,0.0,0.0,0.0,0.0,0.0,0.0,0.0,1.0,0.0,0.0,0.0,0.0,0.0,0.0,0.0,0.0,0.0,0.0,0.0,0.0,0.0,0.0,0.0,0.0,0.0,0.0,0.0,1.0,0.0,0.0,0.0,1.0,0.0,0.0,0.0,1.0,0.0,0.0,0.0,1.0,0.0,0.0,0.0,1.0,0.0,0.0,0.0,0.0,0.0,0.0,0.0,1.0,33.3,20.0,0.0,0.0,0.0,0.0,0.0,0.0,0.0,0.0,0.0,0.0,0.0,0.0,4,1,4,25769803776,6945226752,73.0,9278128128,578961408,6342983680,6274383872,2935144448,1073741824,121634816,952107008,11.3,252834250752,4943462400,494384795648,17738448896,24310153216,42.2,0.0,0.0,0.0,0.0,0.0,0.0,8114.183769241814,180540.58886563036,75.27807207792698,184.23317640124236,0.0,0.0,0.0,0.0,0,rest
1768232635.41266,2026-01-12 16:43:55,0.0,0.0,0.0,0.0,0.0,0.0,0.0,0.0,0.0,0.0,1.0,0.0,0.0,0.0,0.0,0.0,0.0,0.0,0.0,1.0,0.0,0.0,0.0,1.0,0.0,0.0,0.0,1.0,0.0,0.0,0.0,0.0,0.0,0.0,0.0,0.0,0.0,0.0,0.0,0.0,0.0,0.0,0.0,0.0,0.0,0.0,0.0,0.0,0.0,0.0,0.0,1.0,0.0,0.0,0.0,0.0,28.6,28.6,0.0,0.0,0.0,0.0,0.0,0.0,0.0,0.0,0.0,0.0,0.0,0.0,4,1,4,25769803776,6975111168,72.9,9250603008,601538560,6373933056,6281412608,2876669952,1073741824,121634816,952107008,11.3,252834250752,4943462400,494384795648,17738448896,24310153216,42.2,33.71284269851514,0.0,552351.214772472,0.0,7.93243357612121,0.0,2030.7029954870297,54828.9808781498,21.814192334333327,55.52703503284847,0.0,0.0,0.0,0.0,0,rest
1768232635.917718,2026-01-12 16:43:55,0.0,0.0,0.0,0.0,0.0,0.0,0.0,0.0,0.0,0.0,0.0,1.0,0.0,0.0,0.0,1.0,0.0,0.0,0.0,0.0,0.0,0.0,0.0,0.0,0.0,0.0,0.0,0.0,0.0,0.0,0.0,1.0,0.0,0.0,0.0,1.0,0.0,0.0,0.0,1.0,0.0,0.0,0.0,1.0,0.0,0.0,0.0,0.0,0.0,0.0,0.0,1.0,0.0,0.0,0.0,1.0,0.0,0.0,0.0,0.0,0.0,0.0,0.0,0.0,0.0,0.0,16.7,0.0,0.0,0.0,4,1,4,25769803776,6975406080,72.9,9250734080,602112000,6374326272,6281068544,2876407808,1073741824,121634816,952107008,11.3,252834414592,4943462400,494384795648,17738448896,24310153216,42.2,1.979970420611726,0.0,32439.835371302517,0.0,1.979970420611726,0.0,4054.9794214128146,56769.7118997794,57.41914219774005,87.11869850691593,0.0,0.0,0.0,0.0,0,rest
1768232636.4200761,2026-01-12 16:43:56,1.0,0.0,0.0,0.0,0.0,0.0,0.0,0.0,0.0,0.0,0.0,1.0,1.0,0.0,0.0,1.0,0.0,0.0,0.0,0.0,0.0,0.0,0.0,0.0,0.0,0.0,0.0,1.0,0.0,0.0,0.0,1.0,0.0,0.0,0.0,1.0,0.0,0.0,0.0,1.0,0.0,0.0,0.0,0.0,0.0,0.0,0.0,0.0,0.0,0.0,0.0,0.0,0.0,0.0,0.0,0.0,0.0,0.0,0.0,0.0,0.0,0.0,0.0,0.0,0.0,0.0,0.0,0.0,0.0,0.0,4,1,4,25769803776,6970638336,73.0,9250488320,597016576,6374080512,6281347072,2876407808,1073741824,121634816,952107008,11.3,252834414592,4943462400,494384795648,17738448896,24310153216,42.2,1.9906114872833636,0.0,32614.17860765063,0.0,1.9906114872833636,0.0,4076.7723259563286,134533.48675655885,55.737121643934174,155.26769600810235,0.0,0.0,0.0,0.0,0,rest
1768232636.9233348,2026-01-12 16:43:56,0.0,0.0,0.0,1.0,0.0,0.0,1.0,1.0,0.0,0.0,0.0,1.0,0.0,0.0,0.0,1.0,0.0,0.0,0.0,1.0,0.0,0.0,0.0,1.0,0.0,0.0,0.0,1.0,0.0,0.0,0.0,0.0,0.0,0.0,0.0,0.0,0.0,0.0,0.0,1.0,0.0,0.0,0.0,1.0,0.0,0.0,0.0,1.0,0.0,0.0,0.0,1.0,0.0,0.0,0.0,1.0,80.0,75.0,66.7,66.7,80.0,100.0,66.7,83.3,100.0,100.0,100.0,100.0,83.3,100.0,4,1,4,25769803776,6687686656,74.0,9532178432,335462400,6370394112,6257917952,3161784320,1073741824,121634816,952107008,11.3,252843573248,4943462400,494384795648,17738448896,24310153216,42.2,7.948198330506628,0.0,325558.2036175515,0.0,3.974099165253314,0.0,10173.693863048484,172952.79567182422,107.30067746183947,174.86036327114581,0.0,0.0,0.0,0.0,0,[CPU_AllCores]CPUSim(d5000.0-t104)
1768232637.425001,2026-01-12 16:43:57,0.0,0.0,0.0,0.0,0.0,0.0,0.0,0.0,0.0,0.0,1.0,0.0,1.0,0.0,0.0,0.0,0.0,0.0,1.0,0.0,0.0,0.0,0.0,0.0,0.0,0.0,0.0,0.0,0.0,0.0,1.0,0.0,0.0,0.0,0.0,0.0,0.0,0.0,0.0,0.0,0.0,0.0,0.0,0.0,0.0,0.0,1.0,0.0,0.0,0.0,0.0,0.0,0.0,0.0,0.0,0.0,100.0,100.0,100.0,100.0,100.0,100.0,100.0,100.0,100.0,100.0,100.0,100.0,100.0,100.0,4,1,4,25769803776,6577963008,74.5,9683681280,68780032,6528630784,6444531712,3155050496,1073741824,121634816,952107008,11.3,252843720704,4943626240,494384795648,17738448896,24310149120,42.2,3.986715712832796,37.873799271911565,65318.35023905253,302097.369855618,1.993357856416398,5.980073569249194,4082.3968899407832,202078.64605206877,77.74095640023953,193.35571207239062,0.0,0.0,0.0,0.0,0,[CPU_AllCores]CPUSim(d5000.0-t104)
1768232637.9257898,2026-01-12 16:43:57,0.0,0.0,0.0,0.0,0.0,0.0,1.0,0.0,0.0,0.0,1.0,0.0,0.0,0.0,0.0,0.0,0.0,0.0,1.0,0.0,0.0,0.0,1.0,0.0,0.0,0.0,1.0,0.0,0.0,0.0,0.0,0.0,0.0,0.0,1.0,0.0,1.0,0.0,0.0,0.0,0.0,0.0,1.0,0.0,0.0,0.0,1.0,0.0,0.0,0.0,1.0,0.0,0.0,0.0,0.0,0.0,100.0,100.0,100.0,100.0,100.0,100.0,100.0,100.0,100.0,100.0,100.0,100.0,100.0,100.0,4,1,4,25769803776,6562332672,74.5,9698590720,57753600,6505594880,6437257216,3192995840,1073741824,121634816,952107008,11.3,252846161920,4943626240,494384795648,17738448896,24310149120,42.2,149.76369473177556,0.0,2739996.6848420417,0.0,25.95904042017443,0.0,8179.094581618036,118596.8714334615,75.88027199743294,153.75739325795624,0.0,0.0,0.0,0.0,0,[CPU_AllCores]CPUSim(d5000.0-t104)
1768232638.429213,2026-01-12 16:43:58,0.0,0.0,0.0,0.0,0.0,0.0,0.0,0.0,0.0,0.0,0.0,0.0,0.0,0.0,1.0,0.0,0.0,0.0,0.0,0.0,0.0,0.0,0.0,0.0,0.0,0.0,1.0,0.0,0.0,0.0,1.0,0.0,0.0,0.0,1.0,0.0,0.0,0.0,1.0,0.0,0.0,0.0,1.0,0.0,0.0,0.0,0.0,0.0,0.0,0.0,1.0,0.0,0.0,0.0,1.0,0.0,100.0,100.0,100.0,100.0,100.0,100.0,100.0,100.0,100.0,100.0,100.0,100.0,100.0,100.0,4,1,4,25769803776,6733774848,73.9,9541779456,126271488,6600228864,6548897792,2941550592,1073741824,121634816,952107008,11.3,252849127424,4943642624,494384795648,17738448896,24310083584,42.2,196.65362513083053,5.95920076154032,3913558.10652282,97635.5452770766,31.78240406154837,0.0,2034.0738599390957,2034.0738599390957,23.83680304616128,25.82320330000805,0.0,0.0,0.0,0.0,0,[CPU_AllCores]CPUSim(d5000.0-t104)
1768232638.930725,2026-01-12 16:43:58,0.0,0.0,1.0,0.0,0.0,0.0,1.0,0.0,0.0,0.0,1.0,0.0,0.0,0.0,0.0,0.0,0.0,0.0,1.0,0.0,0.0,0.0,1.0,0.0,0.0,0.0,1.0,0.0,0.0,0.0,1.0,0.0,1.0,0.0,0.0,0.0,0.0,0.0,0.0,0.0,0.0,0.0,0.0,0.0,0.0,0.0,1.0,0.0,0.0,0.0,0.0,0.0,0.0,0.0,1.0,0.0,100.0,100.0,100.0,100.0,100.0,100.0,100.0,100.0,100.0,100.0,100.0,100.0,100.0,100.0,4,1,4,25769803776,6727286784,73.9,9550839808,114360320,6609207296,6548914176,2941632512,1073741824,121634816,952107008,11.3,252854517760,4943642624,494384795648,17738448896,24310112256,42.2,261.21007428592617,3.9879400654339876,9719088.492270479,16334.602508017613,65.8010110796608,0.0,6125.475940506604,6125.475940506604,33.89749055618889,35.891460588905886,0.0,0.0,0.0,0.0,0,[CPU_AllCores]CPUSim(d5000.0-t104)
1768232639.4340749,2026-01-12 16:43:59,0.0,0.0,1.0,0.0,0.0,0.0,0.0,0.0,0.0,0.0,0.0,0.0,0.0,0.0,0.0,0.0,0.0,0.0,0.0,0.0,0.0,0.0,1.0,0.0,0.0,0.0,0.0,0.0,0.0,0.0,0.0,0.0,0.0,0.0,1.0,0.0,0.0,0.0,1.0,0.0,0.0,0.0,1.0,0.0,0.0,0.0,0.0,0.0,0.0,0.0,1.0,0.0,0.0,0.0,0.0,0.0,100.0,100.0,100.0,100.0,100.0,100.0,100.0,100.0,100.0,100.0,100.0,100.0,100.0,100.0,4,1,4,25769803776,6743998464,73.8,9524805632,119439360,6641352704,6556090368,2883452928,1073741824,121634816,952107008,11.3,252856565760,4943642624,494384795648,17738448896,24310140928,42.2,369.524348688567,1.9866900467127258,4605815.056135794,8137.482431335325,35.76042084082906,0.0,4068.7412156676623,14240.594254836818,37.74711088754179,37.74711088754179,0.0,0.0,0.0,0.0,0,[CPU_AllCores]CPUSim(d5000.0-t104)
1768232639.936836,2026-01-12 16:43:59,0.0,0.0,1.0,0.0,0.0,0.0,0.0,0.0,0.0,0.0,0.0,0.0,1.0,0.0,0.0,0.0,0.0,0.0,1.0,0.0,0.0,0.0,1.0,0.0,0.0,0.0,1.0,0.0,1.0,0.0,1.0,0.0,0.0,0.0,0.0,0.0,0.0,0.0,1.0,0.0,0.0,0.0,0.0,0.0,0.0,0.0,1.0,0.0,0.0,0.0,1.0,0.0,0.0,0.0,1.0,0.0,100.0,100.0,100.0,100.0,100.0,100.0,100.0,100.0,100.0,100.0,100.0,100.0,100.0,100.0,4,1,4,25769803776,6743998464,73.8,9528688640,118243328,6645170176,6555959296,2883518464,1073741824,121634816,952107008,11.3,252857090048,4943642624,494384795648,17738448896,24310124544,42.2,129.28604996459958,1.9890161533015323,1865665.3275383844,32588.040655692304,27.84622614622145,0.0,18330.77286882692,26477.783032749998,81.54966228536283,77.57162997875976,0.0,0.0,0.0,0.0,0,[CPU_AllCores]CPUSim(d5000.0-t104)
1768232640.4427369,2026-01-12 16:44:00,0.0,0.0,1.0,0.0,0.0,0.0,0.0,0.0,0.0,0.0,1.0,0.0,0.0,0.0,0.0,0.0,0.0,0.0,0.0,0.0,0.0,0.0,0.0,0.0,0.0,0.0,1.0,0.0,0.0,0.0,1.0,0.0,0.0,0.0,1.0,0.0,0.0,0.0,1.0,0.0,0.0,0.0,1.0,0.0,0.0,0.0,0.0,0.0,0.0,0.0,1.0,0.0,0.0,0.0,0.0,0.0,100.0,100.0,100.0,100.0,100.0,100.0,100.0,100.0,100.0,100.0,100.0,100.0,100.0,100.0,4,1,4,25769803776,6744244224,73.8,9534111744,112771072,6650593280,6561644544,2883518464,1073741824,121634816,952107008,11.3,252857090048,4943642624,494384795648,17738448896,24310124544,42.2,3.9533437453756113,0.0,64771.583924234015,0.0,1.9766718726878056,0.0,10120.559988161565,10120.559988161565,35.5800937083805,29.650078090317084,0.0,0.0,0.0,0.0,0,[CPU_AllCores]CPUSim(d5000.0-t104)
1768232640.947099,2026-01-12 16:44:00,0.0,0.0,0.0,0.0,0.0,0.0,1.0,0.0,0.0,0.0,1.0,0.0,0.0,0.0,0.0,0.0,1.0,0.0,1.0,0.0,0.0,0.0,1.0,0.0,0.0,0.0,1.0,0.0,0.0,0.0,0.0,0.0,0.0,0.0,1.0,0.0,0.0,0.0,1.0,0.0,0.0,0.0,0.0,0.0,1.0,0.0,1.0,0.0,0.0,0.0,1.0,0.0,0.0,0.0,0.0,0.0,100.0,100.0,100.0,100.0,100.0,100.0,100.0,100.0,100.0,100.0,100.0,100.0,100.0,100.0,4,1,4,25769803776,6729302016,73.9,9556590592,76775424,6673072128,6582501376,2883518464,1073741824,121634816,952107008,11.3,252857352192,4943642624,494384795648,17738448896,24310124544,42.2,39.6540496386581,3.96540496386581,324845.97463988716,16242.298731994359,5.948107445798715,0.0,10151.436707496474,14212.011390495063,63.44647942185296,57.498371976054244,0.0,0.0,0.0,0.0,0,[CPU_AllCores]CPUSim(d5000.0-t104)
1768232641.4502258,2026-01-12 16:44:01,0.0,0.0,1.0,0.0,0.0,0.0,0.0,0.0,0.0,0.0,1.0,0.0,0.0,0.0,1.0,0.0,0.0,0.0,0.0,0.0,0.0,0.0,0.0,0.0,0.0,0.0,0.0,0.0,0.0,0.0,1.0,0.0,0.0,0.0,1.0,0.0,0.0,0.0,0.0,0.0,0.0,0.0,0.0,0.0,0.0,0.0,1.0,0.0,0.0,0.0,0.0,0.0,0.0,0.0,1.0,0.0,100.0,100.0,100.0,100.0,100.0,100.0,100.0,100.0,100.0,100.0,100.0,100.0,100.0,100.0,4,1,4,25769803776,6732496896,73.9,9560358912,76005376,6676840448,6586318848,2883518464,1073741824,121634816,952107008,11.3,252857352192,4943642624,494384795648,17738448896,24310124544,42.2,21.863273225615526,1.9875702932377752,284938.07723856746,8141.087921101927,3.9751405864755505,1.9875702932377752,0.0,0.0,0.0,0.0,0.0,0.0,0.0,0.0,0,[CPU_AllCores]CPUSim(d5000.0-t104)
1768232641.953727,2026-01-12 16:44:01,0.0,0.0,0.0,0.0,0.0,0.0,0.0,0.0,0.0,0.0,1.0,0.0,0.0,0.0,0.0,0.0,0.0,0.0,1.0,0.0,0.0,0.0,1.0,0.0,0.0,0.0,1.0,0.0,0.0,0.0,1.0,0.0,0.0,0.0,0.0,0.0,0.0,0.0,1.0,0.0,0.0,0.0,1.0,0.0,0.0,0.0,0.0,0.0,0.0,0.0,1.0,0.0,0.0,0.0,0.0,0.0,100.0,100.0,100.0,100.0,100.0,100.0,100.0,100.0,100.0,100.0,100.0,100.0,100.0,100.0,4,1,4,25769803776,6642188288,74.2,9664937984,65306624,6499434496,6556794880,3165503488,1073741824,121634816,952107008,11.3,252857352192,4945461248,494384795648,17738448896,24307429376,42.2,7.944370706640711,47.66622423984427,56945.24922520062,3563145.5943768388,0.0,1.9860926766601779,14236.312306300155,6101.276702700066,53.6245022698248,47.66622423984427,0.0,0.0,0.0,0.0,0,rest
1768232642.455602,2026-01-12 16:44:02,0.0,0.0,0.0,1.0,0.0,0.0,0.0,0.0,0.0,0.0,0.0,0.0,0.0,0.0,0.0,0.0,0.0,0.0,0.0,1.0,0.0,0.0,0.0,1.0,0.0,0.0,0.0,0.0,0.0,0.0,0.0,1.0,0.0,0.0,0.0,0.0,0.0,0.0,0.0,0.0,0.0,0.0,0.0,1.0,0.0,0.0,0.0,0.0,0.0,0.0,0.0,1.0,0.0,0.0,0.0,1.0,40.0,33.3,28.6,28.6,0.0,0.0,0.0,0.0,0.0,0.0,0.0,20.0,16.7,0.0,4,1,4,25769803776,6863437824,73.4,9462513664,543014912,6311804928,6302367744,3150708736,1073741824,121634816,952107008,11.3,252857352192,4945461248,494384795648,17738448896,24307433472,42.2,9.962641614125499,17.932754905425895,65291.168082332864,253003.27631903987,1.9925283228250996,1.9925283228250996,4080.698005145804,14282.443018010314,27.895396519551394,39.850566456501994,0.0,0.0,0.0,0.0,0,rest
1768232642.960593,2026-01-12 16:44:02,0.0,0.0,0.0,1.0,0.0,0.0,0.0,0.0,0.0,0.0,0.0,1.0,0.0,0.0,0.0,1.0,0.0,0.0,0.0,0.0,0.0,0.0,0.0,1.0,0.0,0.0,0.0,1.0,0.0,0.0,0.0,0.0,0.0,0.0,0.0,1.0,0.0,0.0,0.0,1.0,0.0,0.0,0.0,0.0,0.0,0.0,0.0,0.0,0.0,0.0,0.0,0.0,0.0,0.0,0.0,1.0,0.0,28.6,0.0,0.0,0.0,0.0,0.0,0.0,0.0,0.0,0.0,0.0,0.0,0.0,4,1,4,25769803776,6838009856,73.5,9489940480,544915456,6301843456,6274973696,3188097024,1073741824,121634816,952107008,11.3,252857352192,4945461248,494384795648,17738448896,24307433472,42.2,1.9802330972396778,0.0,32444.13906517488,0.0,1.9802330972396778,0.0,4055.51738314686,4055.51738314686,37.62442884755388,35.644195750314196,0.0,0.0,0.0,0.0,0,rest
1768232643.460969,2026-01-12 16:44:03,0.0,0.0,0.0,0.0,0.0,0.0,0.0,1.0,0.0,0.0,0.0,1.0,0.0,0.0,0.0,0.0,0.0,0.0,0.0,0.0,0.0,0.0,0.0,1.0,0.0,0.0,0.0,1.0,0.0,0.0,0.0,0.0,0.0,0.0,0.0,1.0,0.0,0.0,0.0,0.0,0.0,0.0,0.0,1.0,0.0,0.0,0.0,1.0,0.0,0.0,0.0,0.0,0.0,0.0,0.0,1.0,20.0,33.3,33.3,0.0,0.0,0.0,0.0,0.0,0.0,0.0,0.0,0.0,0.0,0.0,4,1,4,25769803776,7018348544,72.8,9317367808,610451456,6382108672,6389252096,2935259136,1073741824,121634816,952107008,11.3,252858318848,4945461248,494384795648,17738448896,24307433472,42.2,37.971446527874726,0.0,1931859.2955183827,0.0,11.990983114065704,0.0,2046.46111813388,0.0,9.992485928388087,7.993988742710469,0.0,0.0,0.0,0.0,0,rest
1768232643.9651468,2026-01-12 16:44:03,0.0,0.0,0.0,0.0,0.0,0.0,0.0,1.0,0.0,0.0,0.0,1.0,0.0,0.0,0.0,1.0,0.0,0.0,0.0,1.0,0.0,0.0,0.0,1.0,0.0,0.0,0.0,0.0,0.0,0.0,0.0,1.0,0.0,0.0,0.0,1.0,0.0,0.0,0.0,1.0,0.0,0.0,0.0,0.0,0.0,0.0,0.0,1.0,0.0,0.0,0.0,1.0,0.0,0.0,0.0,1.0,20.0,0.0,20.0,16.7,0.0,0.0,0.0,0.0,0.0,0.0,0.0,0.0,0.0,0.0,4,1,4,25769803776,7012630528,72.8,9317957632,604831744,6382698496,6389137408,2935259136,1073741824,121634816,952107008,11.3,252858318848,4945461248,494384795648,17738448896,24307433472,42.2,1.983427240592526,0.0,8124.117977466986,0.0,1.983427240592526,0.0,4062.058988733493,4062.058988733493,33.718263090072945,31.734835849480415,0.0,0.0,0.0,0.0,0,rest
1768232644.470001,2026-01-12 16:44:04,0.0,0.0,0.0,1.0,0.0,0.0,0.0,0.0,0.0,0.0,0.0,1.0,0.0,0.0,0.0,0.0,0.0,0.0,0.0,0.0,0.0,0.0,0.0,0.0,0.0,0.0,0.0,1.0,0.0,0.0,0.0,0.0,0.0,0.0,0.0,1.0,0.0,0.0,0.0,0.0,0.0,0.0,0.0,1.0,0.0,0.0,0.0,1.0,0.0,0.0,0.0,0.0,0.0,0.0,0.0,0.0,0.0,0.0,0.0,0.0,0.0,0.0,0.0,0.0,0.0,0.0,0.0,0.0,0.0,0.0,4,1,4,25769803776,7038091264,72.7,9293266944,626950144,6416482304,6392463360,2876784640,1073741824,121634816,952107008,11.3,252858318848,4945461248,494384795648,17738448896,24307433472,42.2,3.961539769314176,0.0,32452.93379022173,0.0,3.961539769314176,0.0,0.0,0.0,1.980769884657088,1.980769884657088,0.0,0.0,0.0,0.0,0,rest
1768232644.974623,2026-01-12 16:44:04,1.0,0.0,0.0,0.0,0.0,0.0,0.0,0.0,0.0,0.0,0.0,1.0,0.0,0.0,0.0,1.0,0.0,0.0,0.0,1.0,0.0,0.0,0.0,1.0,0.0,0.0,0.0,0.0,0.0,0.0,0.0,1.0,0.0,0.0,0.0,0.0,0.0,0.0,0.0,1.0,0.0,0.0,0.0,1.0,0.0,0.0,0.0,0.0,0.0,0.0,0.0,1.0,0.0,0.0,0.0,1.0,20.0,33.3,0.0,20.0,0.0,0.0,0.0,0.0,0.0,0.0,25.0,16.7,20.0,0.0,4,1,4,25769803776,6932955136,73.1,9401237504,549011456,6244499456,6365265920,3156738048,1073741824,121634816,952107008,11.3,252858318848,4945461248,494384795648,17738448896,24307433472,42.2,0.0,0.0,0.0,0.0,0.0,0.0,6087.725279678419,6087.725279678419,41.615309529051686,39.633628122906366,0.0,0.0,0.0,0.0,0,[Memory_High]RAMSim(d5000.0)
1768232645.4758039,2026-01-12 16:44:05,0.0,0.0,0.0,0.0,0.0,0.0,0.0,0.0,0.0,0.0,0.0,1.0,0.0,0.0,0.0,1.0,0.0,0.0,0.0,1.0,0.0,0.0,0.0,1.0,0.0,0.0,0.0,0.0,0.0,0.0,0.0,1.0,0.0,0.0,0.0,0.0,0.0,0.0,0.0,1.0,0.0,0.0,0.0,0.0,0.0,0.0,0.0,1.0,0.0,0.0,0.0,0.0,0.0,0.0,0.0,0.0,0.0,0.0,0.0,0.0,0.0,0.0,0.0,0.0,0.0,0.0,33.3,20.0,16.7,20.0,4,1,4,25769803776,6932955136,73.1,9401237504,549011456,6244499456,6365265920,3156738048,1073741824,121634816,952107008,11.3,252858318848,4945461248,494384795648,17738448896,24307433472,42.2,9.976437903910604,7.9811503231284835,163453.95861767133,555743.4593000825,1.9952875807821209,1.9952875807821209,0.0,0.0,1.9952875807821209,1.9952875807821209,0.0,0.0,0.0,0.0,0,[Memory_High]RAMSim(d5000.0)
1768232645.977217,2026-01-12 16:44:05,0.0,0.0,0.0,1.0,0.0,0.0,0.0,0.0,0.0,0.0,0.0,0.0,0.0,0.0,0.0,1.0,0.0,0.0,0.0,1.0,0.0,0.0,0.0,1.0,0.0,0.0,0.0,1.0,0.0,0.0,0.0,1.0,0.0,0.0,0.0,1.0,0.0,0.0,0.0,0.0,0.0,0.0,0.0,1.0,0.0,0.0,0.0,0.0,0.0,0.0,0.0,1.0,0.0,0.0,0.0,1.0,0.0,28.6,16.7,0.0,0.0,16.7,0.0,0.0,0.0,20.0,0.0,0.0,0.0,20.0,4,1,4,25769803776,6417334272,75.1,9540780032,86933504,6355173376,6328107008,3185606656,1073741824,121634816,952107008,11.3,252859072512,4945739776,494384795648,17738448896,24307433472,42.2,11.966181013647134,0.0,196053.90972759464,0.0,11.966181013647134,0.0,4084.4564526582217,4084.4564526582217,33.90417953866688,33.90417953866688,0.0,0.0,0.0,0.0,0,[Memory_High]RAMSim(d5000.0)
1768232646.47724,2026-01-12 16:44:06,0.0,0.0,0.0,1.0,0.0,0.0,0.0,0.0,0.0,0.0,0.0,1.0,0.0,0.0,0.0,0.0,0.0,0.0,0.0,1.0,0.0,0.0,0.0,1.0,0.0,0.0,0.0,1.0,0.0,0.0,0.0,1.0,0.0,0.0,0.0,1.0,0.0,0.0,0.0,1.0,0.0,0.0,0.0,0.0,0.0,0.0,0.0,1.0,0.0,0.0,0.0,0.0,0.0,0.0,0.0,1.0,20.0,16.7,0.0,16.7,0.0,0.0,0.0,0.0,0.0,0.0,33.3,20.0,0.0,33.3,4,1,4,25769803776,6417334272,75.1,9540780032,86933504,6355173376,6328107008,3185606656,1073741824,121634816,952107008,11.3,252859072512,4945739776,494384795648,17738448896,24307433472,42.2,1.9999074978698286,11.999444987218972,32766.48444509927,98299.45333529782,0.0,0.0,0.0,0.0,3.999814995739657,3.999814995739657,0.0,0.0,0.0,0.0,0,[Memory_High]RAMSim(d5000.0)
1768232646.982235,2026-01-12 16:44:06,0.0,0.0,0.0,1.0,0.0,0.0,0.0,0.0,0.0,0.0,0.0,1.0,0.0,0.0,0.0,0.0,0.0,0.0,0.0,0.0,0.0,0.0,0.0,0.0,0.0,0.0,0.0,1.0,0.0,0.0,0.0,1.0,0.0,0.0,0.0,1.0,0.0,0.0,0.0,1.0,0.0,0.0,0.0,1.0,0.0,0.0,0.0,1.0,0.0,0.0,0.0,0.0,0.0,0.0,0.0,1.0,16.7,16.7,0.0,0.0,0.0,0.0,0.0,16.7,0.0,33.3,33.3,20.0,0.0,20.0,4,1,4,25769803776,6369443840,75.3,9255534592,74711040,6319800320,6277677056,2935734272,1073741824,121634816,952107008,11.3,252859072512,4945821696,494384795648,17738448896,24307433472,42.2,0.0,1.9802181386920932,0.0,64887.78796866251,0.0,1.9802181386920932,4055.486748041407,4055.486748041407,33.663708357765586,31.68349021907349,0.0,0.0,0.0,0.0,0,[Memory_High]RAMSim(d5000.0)
1768232647.487287,2026-01-12 16:44:07,0.0,0.0,0.0,0.0,0.0,0.0,0.0,1.0,0.0,0.0,0.0,0.0,0.0,0.0,0.0,1.0,0.0,0.0,0.0,1.0,0.0,0.0,0.0,1.0,0.0,0.0,0.0,1.0,0.0,0.0,0.0,0.0,0.0,0.0,0.0,0.0,0.0,0.0,0.0,1.0,0.0,0.0,0.0,1.0,0.0,0.0,0.0,0.0,0.0,0.0,0.0,1.0,0.0,0.0,0.0,0.0,20.0,20.0,16.7,0.0,0.0,0.0,0.0,0.0,0.0,20.0,20.0,20.0,0.0,33.3,4,1,4,25769803776,6296862720,75.6,9122611200,73580544,6245056512,6206439424,2877554688,1073741824,121634816,952107008,11.3,252859072512,4945903616,494384795648,17738448896,24307433472,42.2,0.0,11.87996272556556,0.0,105430.70920181916,0.0,7.919975150377041,0.0,0.0,3.9599875751885203,5.93998136278278,0.0,0.0,0.0,0.0,0,[Memory_High]RAMSim(d5000.0)
1768232647.9916842,2026-01-12 16:44:07,0.0,0.0,0.0,0.0,0.0,0.0,0.0,1.0,0.0,0.0,0.0,0.0,0.0,0.0,0.0,0.0,0.0,0.0,0.0,0.0,0.0,0.0,0.0,0.0,0.0,0.0,0.0,1.0,0.0,0.0,0.0,1.0,0.0,0.0,0.0,1.0,0.0,0.0,0.0,1.0,0.0,0.0,0.0,1.0,0.0,0.0,0.0,1.0,0.0,0.0,0.0,0.0,0.0,0.0,0.0,1.0,0.0,0.0,0.0,0.0,0.0,0.0,0.0,0.0,0.0,20.0,20.0,20.0,0.0,20.0,4,1,4,25769803776,6197002240,76.0,9020555264,75857920,6142656512,6118981632,2877898752,1073741824,121634816,952107008,11.3,252859154432,4945903616,494384795648,17738448896,24307433472,42.2,3.9651294316728865,0.0,64964.68060852857,0.0,1.9825647158364432,0.0,4060.2925380330357,4060.2925380330357,33.703600169219534,33.703600169219534,0.0,0.0,0.0,0.0,0,[Memory_High]RAMSim(d5000.0)
1768232648.493941,2026-01-12 16:44:08,0.0,0.0,0.0,0.0,0.0,0.0,1.0,1.0,0.0,0.0,0.0,0.0,0.0,0.0,0.0,0.0,0.0,0.0,0.0,0.0,0.0,0.0,0.0,0.0,0.0,0.0,0.0,1.0,0.0,0.0,0.0,1.0,0.0,0.0,0.0,1.0,0.0,0.0,0.0,0.0,0.0,0.0,0.0,0.0,1.0,0.0,0.0,1.0,0.0,0.0,0.0,1.0,0.0,0.0,0.0,0.0,0.0,0.0,0.0,0.0,0.0,0.0,0.0,0.0,0.0,16.7,0.0,20.0,0.0,0.0,4,1,4,25769803776,6106660864,76.3,8948285440,66387968,6070091776,6037979136,2878193664,1073741824,121634816,952107008,11.3,252859154432,4945903616,494384795648,17738448896,24307433472,42.2,17.919117751770848,0.0,293586.8252450136,0.0,3.9820261670601886,0.0,42814.74534823115,75435.50370878821,99.55065417650471,103.5326803435649,0.0,0.0,0.0,0.0,0,[Memory_High]RAMSim(d5000.0)
1768232648.9964,2026-01-12 16:44:08,0.0,0.0,0.0,1.0,0.0,0.0,0.0,1.0,0.0,0.0,0.0,1.0,0.0,0.0,0.0,1.0,0.0,0.0,0.0,0.0,0.0,0.0,0.0,1.0,0.0,0.0,0.0,0.0,0.0,0.0,0.0,1.0,0.0,0.0,0.0,1.0,0.0,0.0,0.0,1.0,0.0,0.0,1.0,0.0,0.0,0.0,1.0,0.0,0.0,0.0,0.0,1.0,0.0,0.0,1.0,1.0,0.0,16.7,0.0,0.0,0.0,0.0,0.0,0.0,0.0,0.0,16.7,16.7,0.0,0.0,4,1,4,25769803776,6071123968,76.4,8882929664,82444288,6004391936,5986893824,2878537728,1073741824,121634816,952107008,11.3,252859154432,4945903616,494384795648,17738448896,24307433472,42.2,3.980423883469532,0.0,65215.26490676481,0.0,1.990211941734766,0.0,4075.9540566728006,4075.9540566728006,31.843391067756254,33.83360300949102,0.0,0.0,0.0,0.0,0,[Memory_High]RAMSim(d5000.0)
1768232649.5015612,2026-01-12 16:44:09,0.0,0.0,0.0,1.0,0.0,0.0,0.0,1.0,0.0,0.0,0.0,1.0,0.0,0.0,0.0,0.0,0.0,0.0,0.0,1.0,0.0,0.0,0.0,1.0,0.0,0.0,0.0,1.0,0.0,0.0,0.0,0.0,0.0,0.0,0.0,0.0,0.0,0.0,0.0,1.0,0.0,0.0,0.0,0.0,0.0,0.0,0.0,1.0,0.0,0.0,0.0,1.0,0.0,0.0,0.0,1.0,0.0,0.0,16.7,16.7,0.0,0.0,0.0,0.0,0.0,16.7,16.7,16.7,0.0,20.0,4,1,4,25769803776,6071123968,76.4,8882929664,82444288,6004391936,5986893824,2878537728,1073741824,121634816,952107008,11.3,252859154432,4945903616,494384795648,17738448896,24307433472,42.2,11.877400357466659,0.0,178382.71683533926,0.0,3.9591334524888864,0.0,0.0,2027.0763276743098,1.9795667262444432,1.9795667262444432,0.0,0.0,0.0,0.0,0,[Memory_High]RAMSim(d5000.0)
1768232650.0026639,2026-01-12 16:44:10,0.0,0.0,0.0,0.0,0.0,0.0,0.0,0.0,0.0,0.0,0.0,1.0,0.0,0.0,0.0,0.0,0.0,0.0,0.0,1.0,0.0,0.0,0.0,1.0,0.0,0.0,0.0,1.0,0.0,0.0,0.0,0.0,0.0,0.0,0.0,0.0,0.0,0.0,0.0,1.0,0.0,0.0,0.0,0.0,0.0,0.0,0.0,1.0,0.0,0.0,0.0,0.0,0.0,0.0,0.0,0.0,13.6,9.1,4.8,4.5,0.0,0.0,0.0,0.0,0.0,4.8,9.1,5.0,90.9,9.1,4,1,4,25769803776,7516405760,70.8,7805206528,2873606144,4648779776,4636344320,3156426752,1073741824,121634816,952107008,11.3,252859154432,4945920000,494384795648,17738448896,24307433472,42.2,13.969192735480501,3.991197924423,228871.25377811253,32695.893396873216,5.9867968866345,1.9955989622115,4086.986674609152,4086.986674609152,31.929583395384,31.929583395384,0.0,0.0,0.0,0.0,0,rest
1768232650.50704,2026-01-12 16:44:10,0.0,0.0,0.0,1.0,0.0,0.0,0.0,1.0,0.0,0.0,0.0,0.0,0.0,0.0,0.0,0.0,0.0,0.0,0.0,0.0,0.0,0.0,0.0,0.0,0.0,0.0,0.0,0.0,0.0,0.0,0.0,1.0,0.0,0.0,0.0,1.0,0.0,0.0,0.0,1.0,0.0,0.0,0.0,1.0,0.0,0.0,0.0,1.0,0.0,0.0,0.0,1.0,0.0,0.0,0.0,1.0,20.0,16.7,0.0,0.0,0.0,0.0,0.0,0.0,0.0,0.0,0.0,0.0,0.0,0.0,4,1,4,25769803776,7514292224,70.8,7809712128,2855501824,4661886976,4652285952,3147825152,1073741824,121634816,952107008,11.3,252859154432,4945920000,494384795648,17738448896,24307433472,42.2,5.947941557272086,0.0,48725.53723717293,0.0,3.9652943715147244,0.0,0.0,0.0,0.0,0.0,0.0,0.0,0.0,0.0,0,rest
1768232651.010518,2026-01-12 16:44:11,0.0,0.0,0.0,0.0,0.0,0.0,0.0,1.0,0.0,0.0,0.0,1.0,0.0,0.0,0.0,1.0,0.0,0.0,0.0,1.0,0.0,0.0,0.0,1.0,0.0,0.0,0.0,1.0,0.0,0.0,0.0,0.0,0.0,0.0,0.0,0.0,0.0,0.0,0.0,1.0,0.0,0.0,0.0,1.0,0.0,0.0,0.0,0.0,0.0,0.0,0.0,0.0,0.0,0.0,0.0,1.0,50.0,33.3,0.0,0.0,0.0,0.0,0.0,0.0,0.0,0.0,0.0,0.0,0.0,0.0,4,1,4,25769803776,7474855936,71.0,7858520064,2809151488,4673454080,4658855936,3185065984,1073741824,121634816,952107008,11.3,252859416576,4945920000,494384795648,17738448896,24307433472,42.2,55.61314934603692,0.0,772863.8811974959,0.0,13.90328733650923,0.0,6101.556956822336,6101.556956822336,47.6684137251745,47.6684137251745,0.0,0.0,0.0,0.0,0,rest
1768232651.510916,2026-01-12 16:44:11,0.0,0.0,0.0,1.0,0.0,0.0,0.0,1.0,0.0,0.0,0.0,1.0,0.0,0.0,0.0,1.0,0.0,0.0,0.0,1.0,0.0,0.0,0.0,1.0,0.0,0.0,0.0,1.0,0.0,0.0,0.0,0.0,0.0,0.0,0.0,0.0,0.0,0.0,0.0,1.0,0.0,0.0,0.0,1.0,0.0,0.0,0.0,0.0,0.0,0.0,0.0,0.0,0.0,0.0,0.0,1.0,20.0,0.0,0.0,0.0,0.0,0.0,0.0,0.0,0.0,0.0,0.0,0.0,0.0,0.0,4,1,4,25769803776,7644725248,70.3,7694745600,2863382528,4760780800,4774428672,2933964800,1073741824,121634816,952107008,11.3,252859416576,4945920000,494384795648,17738448896,24307437568,42.2,0.0,1.9984095832850919,0.0,114596.79914390031,0.0,1.9984095832850919,2046.371413283934,0.0,7.9936383331403675,5.995228749855276,0.0,0.0,0.0,0.0,0,rest
1768232652.014266,2026-01-12 16:44:12,0.0,0.0,0.0,0.0,0.0,0.0,0.0,0.0,0.0,0.0,0.0,1.0,0.0,0.0,0.0,1.0,0.0,0.0,0.0,1.0,0.0,0.0,0.0,0.0,0.0,0.0,0.0,1.0,0.0,0.0,0.0,1.0,0.0,0.0,0.0,0.0,0.0,0.0,0.0,0.0,0.0,0.0,0.0,1.0,0.0,0.0,0.0,1.0,0.0,0.0,0.0,0.0,0.0,0.0,0.0,1.0,50.0,83.3,20.0,20.0,0.0,0.0,0.0,0.0,0.0,0.0,0.0,0.0,0.0,0.0,4,1,4,25769803776,7630536704,70.4,7704346624,2849177600,4770267136,4774412288,2934079488,1073741824,121634816,952107008,11.3,252859416576,4945920000,494384795648,17738448896,24303415296,42.2,13.90682373982985,895.9967866661804,130199.65723049844,15274047.288852848,1.9866891056899787,41.72047121948955,4068.7392884530764,4068.7392884530764,33.773714796729635,35.76040390241962,0.0,0.0,0.0,0.0,0,rest
1768232652.514776,2026-01-12 16:44:12,0.0,0.0,0.0,0.0,0.0,0.0,0.0,1.0,0.0,0.0,0.0,0.0,0.0,0.0,0.0,1.0,0.0,0.0,0.0,1.0,0.0,0.0,0.0,0.0,0.0,0.0,0.0,1.0,0.0,0.0,0.0,1.0,0.0,0.0,0.0,1.0,0.0,0.0,0.0,0.0,0.0,0.0,0.0,1.0,0.0,0.0,0.0,1.0,0.0,0.0,0.0,0.0,0.0,0.0,0.0,1.0,16.7,0.0,0.0,28.6,0.0,0.0,0.0,0.0,0.0,0.0,0.0,0.0,0.0,0.0,4,1,4,25769803776,7665008640,70.3,7673872384,2871951360,4798267392,4786094080,2875604992,1073741824,121634816,952107008,11.3,252859416576,4945920000,494384795648,17738448896,24303415296,42.2,0.0,0.0,0.0,0.0,0.0,0.0,0.0,0.0,13.985735183926383,13.985735183926383,0.0,0.0,0.0,0.0,0,rest
1768232653.018682,2026-01-12 16:44:13,0.0,0.0,0.0,0.0,0.0,0.0,0.0,1.0,0.0,0.0,0.0,0.0,0.0,0.0,0.0,0.0,0.0,0.0,0.0,0.0,0.0,0.0,0.0,1.0,0.0,0.0,0.0,0.0,0.0,0.0,0.0,1.0,0.0,0.0,0.0,1.0,0.0,0.0,0.0,1.0,0.0,0.0,0.0,1.0,0.0,0.0,0.0,1.0,0.0,0.0,0.0,1.0,0.0,0.0,0.0,0.0,0.0,0.0,0.0,0.0,0.0,0.0,0.0,0.0,0.0,0.0,0.0,0.0,0.0,0.0,4,1,4,25769803776,7662813184,70.3,7676788736,2869821440,4801183744,4786028544,2875604992,1073741824,121634816,952107008,11.3,252859416576,4945920000,494384795648,17738448896,24303415296,42.2,0.0,0.0,0.0,0.0,0.0,0.0,4064.249984977774,4064.249984977774,37.70544419657115,31.75195300763886,0.0,0.0,0.0,0.0,0,rest
1768232653.520426,2026-01-12 16:44:13,0.0,0.0,0.0,0.0,0.0,0.0,0.0,0.0,0.0,0.0,0.0,1.0,0.0,0.0,0.0,1.0,0.0,0.0,0.0,1.0,0.0,0.0,0.0,1.0,0.0,0.0,0.0,1.0,0.0,0.0,0.0,0.0,0.0,0.0,0.0,0.0,0.0,0.0,0.0,1.0,0.0,0.0,0.0,0.0,0.0,0.0,0.0,0.0,0.0,0.0,0.0,1.0,0.0,0.0,0.0,0.0,20.0,0.0,0.0,0.0,0.0,0.0,0.0,0.0,0.0,0.0,0.0,0.0,0.0,0.0,4,1,4,25769803776,7660486656,70.3,7677689856,2866855936,4802084864,4786667520,2875604992,1073741824,121634816,952107008,11.3,252859416576,4945920000,494384795648,17738448896,24303415296,42.2,0.0,0.0,0.0,0.0,0.0,0.0,0.0,0.0,1.993048120973149,5.979144362919447,0.0,0.0,0.0,0.0,0,rest
1768232654.024798,2026-01-12 16:44:14,0.0,0.0,0.0,0.0,0.0,0.0,0.0,1.0,0.0,0.0,0.0,0.0,0.0,0.0,0.0,0.0,0.0,0.0,0.0,1.0,0.0,0.0,0.0,0.0,0.0,0.0,0.0,1.0,0.0,0.0,0.0,1.0,0.0,0.0,0.0,1.0,0.0,0.0,0.0,1.0,0.0,0.0,0.0,1.0,0.0,0.0,0.0,0.0,0.0,0.0,0.0,0.0,0.0,0.0,0.0,1.0,28.6,20.0,0.0,0.0,0.0,0.0,0.0,0.0,0.0,0.0,0.0,0.0,0.0,0.0,4,1,4,25769803776,7650164736,70.3,7688929280,2853175296,4812718080,4790042624,2876211200,1073741824,121634816,952107008,11.3,252859416576,4945920000,494384795648,17738448896,24303415296,42.2,3.9653281109001277,0.0,32483.967884493846,0.0,3.9653281109001277,0.0,4060.495985561731,6090.743978342596,33.70528894265109,35.687952998101146,0.0,0.0,0.0,0.0,0,rest
1768232654.527936,2026-01-12 16:44:14,0.0,0.0,0.0,0.0,0.0,0.0,0.0,1.0,0.0,0.0,0.0,1.0,0.0,0.0,0.0,1.0,0.0,0.0,0.0,0.0,0.0,0.0,0.0,1.0,0.0,0.0,0.0,0.0,0.0,0.0,0.0,1.0,0.0,0.0,0.0,1.0,0.0,0.0,0.0,0.0,0.0,0.0,0.0,0.0,0.0,0.0,0.0,1.0,0.0,0.0,0.0,1.0,0.0,0.0,0.0,0.0,33.3,33.3,0.0,20.0,0.0,0.0,0.0,0.0,0.0,0.0,0.0,0.0,0.0,0.0,4,1,4,25769803776,7659585536,70.3,7683063808,2861531136,4807737344,4791042048,2875326464,1073741824,121634816,952107008,11.3,252859416576,4945920000,494384795648,17738448896,24303415296,42.2,23.85031232318982,0.0,195381.758551571,0.0,9.937630134662424,0.0,0.0,0.0,1.987526026932485,1.987526026932485,0.0,0.0,0.0,0.0,0,rest
1768232655.02913,2026-01-12 16:44:15,0.0,0.0,0.0,0.0,0.0,0.0,0.0,1.0,0.0,0.0,0.0,0.0,0.0,0.0,0.0,1.0,0.0,0.0,0.0,0.0,0.0,0.0,0.0,1.0,0.0,0.0,0.0,0.0,0.0,0.0,0.0,1.0,0.0,0.0,0.0,1.0,0.0,0.0,0.0,0.0,0.0,0.0,0.0,0.0,0.0,0.0,0.0,1.0,0.0,0.0,0.0,1.0,0.0,0.0,0.0,0.0,0.0,0.0,16.7,0.0,0.0,0.0,0.0,0.0,0.0,0.0,0.0,0.0,0.0,0.0,4,1,4,25769803776,7657259008,70.3,7683571712,2855485440,4808245248,4794761216,2875326464,1073741824,121634816,952107008,11.3,252859416576,4945920000,494384795648,17738448896,24303415296,42.2,0.0,0.0,0.0,0.0,0.0,0.0,8172.484103969251,6129.363077976938,43.89517829280359,39.904707538912355,0.0,0.0,0.0,0.0,0,rest
1768232655.533083,2026-01-12 16:44:15,0.0,0.0,0.0,0.0,0.0,0.0,0.0,0.0,0.0,0.0,0.0,0.0,0.0,0.0,0.0,0.0,0.0,0.0,0.0,1.0,0.0,0.0,0.0,1.0,0.0,0.0,0.0,1.0,0.0,0.0,0.0,0.0,0.0,0.0,0.0,0.0,0.0,0.0,0.0,1.0,0.0,0.0,0.0,1.0,0.0,0.0,0.0,1.0,0.0,0.0,0.0,0.0,0.0,0.0,0.0,1.0,0.0,0.0,0.0,0.0,0.0,0.0,0.0,0.0,0.0,0.0,0.0,0.0,0.0,0.0,4,1,4,25769803776,7659913216,70.3,7682490368,2857025536,4807163904,4795777024,2875326464,1073741824,121634816,952107008,11.3,252859416576,4945920000,494384795648,17738448896,24303415296,42.2,5.952936323053254,0.0,97532.90871690451,0.0,0.0,0.0,0.0,0.0,7.937248430737672,11.905872646106507,0.0,0.0,0.0,0.0,0,rest
1768232656.0339541,2026-01-12 16:44:16,0.0,0.0,0.0,1.0,0.0,0.0,0.0,0.0,0.0,0.0,0.0,0.0,0.0,0.0,0.0,0.0,0.0,0.0,0.0,1.0,0.0,0.0,0.0,1.0,0.0,0.0,0.0,1.0,0.0,0.0,0.0,0.0,0.0,0.0,0.0,0.0,0.0,0.0,0.0,1.0,0.0,0.0,0.0,1.0,0.0,0.0,0.0,1.0,0.0,0.0,0.0,0.0,0.0,0.0,0.0,0.0,0.0,16.7,0.0,0.0,0.0,0.0,0.0,0.0,0.0,0.0,0.0,0.0,0.0,0.0,4,1,4,25769803776,7664582656,70.3,7683915776,2861531136,4808589312,4795744256,2875326464,1073741824,121634816,952107008,11.3,252859580416,4945920000,494384795648,17738448896,24303415296,42.2,9.982606675723508,77.86433207064336,106310.76805378507,629686.8569339578,1.9965213351447015,1.9965213351447015,4088.8756943763487,4088.8756943763487,37.93390536774933,35.937384032604626,0.0,0.0,0.0,0.0,0,rest
1768232656.535978,2026-01-12 16:44:16,0.0,0.0,0.0,0.0,0.0,0.0,0.0,1.0,0.0,0.0,0.0,1.0,0.0,0.0,0.0,0.0,0.0,0.0,0.0,0.0,0.0,0.0,0.0,0.0,0.0,0.0,0.0,0.0,0.0,0.0,0.0,1.0,0.0,0.0,0.0,1.0,0.0,0.0,0.0,0.0,0.0,0.0,0.0,1.0,0.0,0.0,0.0,1.0,0.0,0.0,0.0,0.0,0.0,0.0,0.0,0.0,0.0,0.0,16.7,0.0,0.0,0.0,0.0,0.0,0.0,0.0,0.0,0.0,0.0,0.0,4,1,4,25769803776,7662551040,70.3,7684407296,2859270144,4809080832,4795777024,2875326464,1073741824,121634816,952107008,11.3,252859760640,4945920000,494384795648,17738448896,24303415296,42.2,7.967747588501553,0.0,424266.6235925307,0.0,1.9919368971253884,0.0,0.0,0.0,0.0,0.0,0.0,0.0,0.0,0.0,0,rest
1768232657.037908,2026-01-12 16:44:17,0.0,0.0,0.0,0.0,0.0,0.0,0.0,0.0,0.0,0.0,0.0,0.0,0.0,0.0,0.0,1.0,0.0,0.0,0.0,0.0,0.0,0.0,0.0,0.0,0.0,0.0,0.0,0.0,0.0,0.0,0.0,1.0,0.0,0.0,0.0,1.0,0.0,0.0,0.0,1.0,0.0,0.0,0.0,1.0,1.0,0.0,0.0,0.0,0.0,0.0,0.0,1.0,0.0,0.0,0.0,1.0,40.0,50.0,40.0,20.0,0.0,0.0,0.0,0.0,0.0,0.0,16.7,0.0,16.7,0.0,4,1,4,25769803776,7539818496,70.7,7806746624,2739011584,4651483136,4781375488,3155263488,1073741824,121634816,952107008,11.3,252860104704,4945920000,494384795648,17738448896,24303415296,42.2,1448.4091453401904,0.0,23681772.434288234,0.0,155.4001558961965,0.0,6120.37537068097,6120.37537068097,53.79236165637571,43.830813201491324,0.0,0.0,0.0,0.0,0,[Network_Spam]NetSim(d5000.0)
1768232657.5410812,2026-01-12 16:44:17,0.0,0.0,0.0,0.0,0.0,0.0,0.0,1.0,0.0,0.0,0.0,1.0,0.0,0.0,0.0,1.0,0.0,0.0,0.0,1.0,0.0,0.0,0.0,1.0,0.0,0.0,0.0,1.0,0.0,0.0,0.0,0.0,0.0,0.0,0.0,0.0,0.0,0.0,0.0,0.0,0.0,0.0,0.0,1.0,0.0,0.0,0.0,1.0,0.0,0.0,0.0,1.0,0.0,0.0,0.0,0.0,33.3,0.0,20.0,16.7,0.0,0.0,0.0,0.0,0.0,0.0,0.0,0.0,0.0,0.0,4,1,4,25769803776,7539900416,70.7,7813578752,2734211072,4666458112,4785340416,3147120640,1073741824,121634816,952107008,11.3,252860366848,4945920000,494384795648,17738448896,24303427584,42.2,25.83603866643354,234.51173558762753,700069.2028064011,1514103.1595580303,7.949550358902628,17.886488307530914,22385.9338106698,61052.54675637218,123.21803056299073,123.21803056299073,0.0,0.0,0.0,0.0,0,[Network_Spam]NetSim(d5000.0)
1768232658.045378,2026-01-12 16:44:18,0.0,0.0,0.0,1.0,0.0,0.0,0.0,1.0,0.0,0.0,0.0,1.0,0.0,0.0,0.0,0.0,0.0,0.0,0.0,1.0,0.0,0.0,0.0,0.0,0.0,0.0,0.0,1.0,0.0,0.0,0.0,1.0,0.0,0.0,0.0,1.0,0.0,0.0,0.0,1.0,0.0,0.0,0.0,1.0,0.0,0.0,0.0,1.0,0.0,0.0,0.0,1.0,0.0,0.0,0.0,1.0,20.0,20.0,33.3,0.0,0.0,0.0,0.0,0.0,0.0,0.0,0.0,0.0,0.0,0.0,4,1,4,25769803776,7519469568,70.8,7833894912,2732490752,4649402368,4766416896,3184492544,1073741824,121634816,952107008,11.3,252860366848,4945920000,494384795648,17738448896,24303534080,42.2,7.931837286199622,130.87531522229378,56855.409667478896,804097.9367257729,5.948877964649717,3.965918643099811,18274.95310740393,36549.90621480786,107.07980336369491,85.26725082664593,0.0,0.0,0.0,0.0,0,[Network_Spam]NetSim(d5000.0)
1768232658.546967,2026-01-12 16:44:18,0.0,0.0,0.0,1.0,0.0,0.0,0.0,1.0,0.0,0.0,0.0,1.0,0.0,0.0,0.0,1.0,0.0,0.0,0.0,0.0,0.0,0.0,0.0,0.0,0.0,0.0,0.0,0.0,0.0,0.0,0.0,1.0,0.0,0.0,0.0,1.0,0.0,0.0,0.0,1.0,0.0,0.0,0.0,1.0,0.0,0.0,0.0,0.0,0.0,0.0,0.0,1.0,0.0,0.0,0.0,1.0,0.0,0.0,0.0,0.0,0.0,0.0,0.0,0.0,0.0,0.0,0.0,0.0,0.0,0.0,4,1,4,25769803776,7607615488,70.5,7751057408,2782773248,4817190912,4804149248,2933866496,1073741824,121634816,952107008,11.3,252860448768,4945920000,494384795648,17738448896,24303534080,42.2,19.936638975728403,0.0,489962.8394675012,0.0,5.98099169271852,0.0,18373.606480031296,267438.0498760111,141.55013672767166,275.12561786505194,0.0,0.0,0.0,0.0,0,[Network_Spam]NetSim(d5000.0)
1768232659.0500538,2026-01-12 16:44:19,0.0,0.0,0.0,1.0,0.0,0.0,0.0,1.0,0.0,0.0,0.0,0.0,0.0,0.0,0.0,1.0,0.0,0.0,0.0,1.0,0.0,0.0,0.0,1.0,0.0,0.0,0.0,1.0,0.0,0.0,0.0,1.0,0.0,0.0,0.0,1.0,0.0,0.0,0.0,0.0,0.0,0.0,0.0,1.0,0.0,0.0,0.0,0.0,0.0,0.0,0.0,1.0,0.0,0.0,0.0,1.0,75.0,60.0,40.0,40.0,0.0,0.0,0.0,0.0,0.0,0.0,0.0,0.0,0.0,0.0,4,1,4,25769803776,7600701440,70.5,7756070912,2775285760,4822204416,4804149248,2933866496,1073741824,121634816,952107008,11.3,252860497920,4945920000,494384795648,17738448896,24303534080,42.2,17.889556840697995,0.0,455937.22109910485,0.0,5.963185613565998,0.0,20354.340227638608,97700.83309266531,145.1041832634393,178.89556840697995,0.0,0.0,0.0,0.0,0,[Network_Spam]NetSim(d5000.0)
1768232659.5516002,2026-01-12 16:44:19,0.0,0.0,0.0,0.0,0.0,0.0,0.0,1.0,0.0,0.0,1.0,1.0,0.0,0.0,0.0,1.0,0.0,0.0,0.0,1.0,0.0,0.0,0.0,1.0,0.0,0.0,0.0,1.0,0.0,0.0,0.0,0.0,0.0,0.0,0.0,0.0,0.0,0.0,0.0,0.0,0.0,0.0,0.0,1.0,0.0,0.0,0.0,1.0,0.0,0.0,0.0,0.0,0.0,0.0,0.0,0.0,16.7,0.0,0.0,0.0,0.0,0.0,0.0,0.0,0.0,0.0,0.0,0.0,0.0,0.0,4,1,4,25769803776,7625555968,70.4,7729725440,2782609408,4854071296,4821286912,2875654144,1073741824,121634816,952107008,11.3,252860809216,4945920000,494384795648,17738448896,24303534080,42.2,33.89517017661784,1.9938335398010494,261335.74972880314,8166.742179025098,9.969167699005247,0.0,0.0,6125.0566342688235,17.944501858209446,15.950668318408395,0.0,0.0,0.0,0.0,0,[Network_Spam]NetSim(d5000.0)
1768232660.056638,2026-01-12 16:44:20,0.0,0.0,0.0,0.0,0.0,0.0,0.0,0.0,0.0,0.0,0.0,1.0,0.0,0.0,0.0,0.0,0.0,0.0,0.0,0.0,0.0,0.0,0.0,0.0,0.0,0.0,0.0,0.0,0.0,0.0,0.0,1.0,0.0,0.0,0.0,1.0,0.0,0.0,0.0,1.0,0.0,0.0,0.0,0.0,0.0,0.0,0.0,0.0,0.0,0.0,0.0,1.0,0.0,0.0,0.0,1.0,20.0,16.7,0.0,0.0,0.0,0.0,0.0,0.0,0.0,0.0,0.0,16.7,0.0,0.0,4,1,4,25769803776,7625555968,70.4,7729725440,2782609408,4854071296,4821286912,2875654144,1073741824,121634816,952107008,11.3,252860809216,4945920000,494384795648,17738448896,24303534080,42.2,1.9800498706026866,3.960099741205373,8110.284269988604,16220.568539977208,0.0,1.9800498706026866,14192.997472480058,336576.7972045271,124.74314184796926,300.96758033160836,0.0,0.0,0.0,0.0,0,[Network_Spam]NetSim(d5000.0)
1768232660.561111,2026-01-12 16:44:20,0.0,0.0,0.0,1.0,0.0,0.0,0.0,1.0,0.0,0.0,0.0,1.0,0.0,0.0,0.0,1.0,0.0,0.0,0.0,1.0,0.0,0.0,0.0,1.0,0.0,0.0,0.0,1.0,0.0,0.0,0.0,0.0,0.0,0.0,0.0,0.0,0.0,0.0,0.0,1.0,0.0,0.0,0.0,1.0,0.0,0.0,0.0,0.0,0.0,0.0,0.0,1.0,0.0,0.0,0.0,0.0,16.7,0.0,0.0,0.0,0.0,0.0,0.0,0.0,0.0,0.0,0.0,0.0,0.0,0.0,4,1,4,25769803776,7619477504,70.4,7732789248,2774269952,4857020416,4823531520,2875768832,1073741824,121634816,952107008,11.3,252860809216,4945920000,494384795648,17738448896,24303534080,42.2,0.0,0.0,0.0,0.0,0.0,0.0,30447.617383134373,129909.83416803999,118.93600540286864,142.72320648344237,0.0,0.0,0.0,0.0,0,[Network_Spam]NetSim(d5000.0)
1768232661.066159,2026-01-12 16:44:21,0.0,0.0,0.0,1.0,0.0,0.0,0.0,1.0,0.0,0.0,0.0,0.0,0.0,0.0,0.0,1.0,0.0,0.0,0.0,0.0,0.0,0.0,0.0,0.0,0.0,0.0,0.0,0.0,0.0,0.0,0.0,1.0,0.0,0.0,0.0,1.0,0.0,0.0,0.0,1.0,0.0,0.0,0.0,0.0,0.0,0.0,0.0,1.0,0.0,0.0,0.0,0.0,0.0,0.0,0.0,1.0,0.0,0.0,0.0,0.0,0.0,0.0,0.0,0.0,0.0,0.0,0.0,0.0,0.0,0.0,4,1,4,25769803776,7624900608,70.4,7734607872,2779561984,4858839040,4823646208,2875768832,1073741824,121634816,952107008,11.3,252860973056,4945920000,494384795648,17738448896,24303534080,42.2,1.9800096774574252,0.0,32440.478555462454,0.0,1.9800096774574252,0.0,18247.76918744763,143954.62358986464,138.60067742201974,182.16089032608312,0.0,0.0,0.0,0.0,0,[Network_Spam]NetSim(d5000.0)
1768232661.57009,2026-01-12 16:44:21,1.0,0.0,0.0,0.0,1.0,0.0,0.0,0.0,0.0,0.0,0.0,0.0,0.0,0.0,0.0,0.0,0.0,0.0,0.0,1.0,0.0,0.0,0.0,1.0,0.0,0.0,0.0,0.0,0.0,0.0,0.0,1.0,0.0,0.0,0.0,1.0,0.0,0.0,0.0,1.0,0.0,0.0,0.0,0.0,0.0,0.0,0.0,0.0,0.0,0.0,0.0,1.0,0.0,0.0,0.0,0.0,20.0,50.0,16.7,20.0,0.0,0.0,0.0,0.0,0.0,0.0,0.0,0.0,0.0,0.0,4,1,4,25769803776,7629733888,70.4,7735574528,2779922432,4859805696,4828119040,2875768832,1073741824,121634816,952107008,11.3,252860973056,4945920000,494384795648,17738448896,24303534080,42.2,0.0,0.0,0.0,0.0,0.0,0.0,12192.144251622793,465333.50560360326,130.97029957797923,351.2385306863988,0.0,0.0,0.0,0.0,0,[Network_Spam]NetSim(d5000.0)
1768232662.072534,2026-01-12 16:44:22,0.0,0.0,1.0,0.0,0.0,0.0,0.0,0.0,0.0,0.0,0.0,1.0,0.0,0.0,0.0,1.0,0.0,0.0,0.0,1.0,0.0,0.0,0.0,1.0,0.0,0.0,0.0,1.0,0.0,0.0,0.0,0.0,0.0,0.0,0.0,0.0,0.0,0.0,0.0,0.0,0.0,0.0,0.0,1.0,0.0,0.0,0.0,0.0,0.0,0.0,0.0,1.0,0.0,0.0,0.0,0.0,40.0,28.6,0.0,0.0,0.0,0.0,0.0,0.0,0.0,0.0,0.0,0.0,0.0,16.7,4,1,4,25769803776,7529365504,70.8,7836123136,2688843776,4680105984,4818763776,3156017152,1073741824,121634816,952107008,11.3,252860973056,4945920000,494384795648,17738448896,24303534080,42.2,5.970814315059815,0.0,65217.21449196001,0.0,3.9805428767065436,0.0,14266.265670116252,847823.7883954801,206.98822958874027,650.8187603415199,0.0,0.0,0.0,0.0,0,rest
1768232662.575577,2026-01-12 16:44:22,0.0,0.0,0.0,1.0,0.0,0.0,0.0,1.0,0.0,0.0,0.0,1.0,0.0,0.0,0.0,0.0,0.0,0.0,0.0,1.0,0.0,0.0,0.0,0.0,0.0,0.0,0.0,1.0,0.0,0.0,0.0,1.0,0.0,0.0,0.0,1.0,0.0,0.0,0.0,1.0,0.0,0.0,0.0,1.0,0.0,0.0,0.0,0.0,0.0,0.0,0.0,0.0,0.0,0.0,0.0,1.0,20.0,20.0,0.0,0.0,0.0,0.0,0.0,0.0,0.0,0.0,0.0,0.0,0.0,0.0,4,1,4,25769803776,7510753280,70.9,7853883392,2670051328,4705861632,4818698240,3148021760,1073741824,121634816,952107008,11.3,252861202432,4945920000,494384795648,17738448896,24303534080,42.2,9.939509411516578,0.0,455976.98215520533,0.0,3.975803764606631,0.0,14249.280692350167,653431.300320629,159.03215058426525,494.9875686935256,0.0,0.0,0.0,0.0,0,rest
1768232663.078984,2026-01-12 16:44:23,0.0,0.0,0.0,1.0,0.0,0.0,0.0,0.0,0.0,0.0,0.0,1.0,0.0,0.0,0.0,1.0,0.0,0.0,0.0,0.0,0.0,0.0,0.0,0.0,0.0,0.0,0.0,0.0,0.0,0.0,0.0,1.0,0.0,0.0,0.0,1.0,0.0,0.0,0.0,0.0,0.0,0.0,0.0,1.0,0.0,0.0,0.0,0.0,0.0,0.0,0.0,0.0,0.0,0.0,0.0,1.0,0.0,16.7,0.0,0.0,0.0,0.0,0.0,0.0,0.0,0.0,0.0,0.0,0.0,0.0,4,1,4,25769803776,7503085568,70.9,7865188352,2676899840,4680155136,4804182016,3185033216,1073741824,121634816,952107008,11.3,252861202432,4945920000,494384795648,17738448896,24303534080,42.2,0.0,0.0,0.0,0.0,0.0,0.0,10170.69684130561,18307.2543143501,55.620998350890055,57.60746257770756,0.0,0.0,0.0,0.0,0,rest
1768232663.579647,2026-01-12 16:44:23,0.0,0.0,0.0,0.0,0.0,0.0,0.0,0.0,0.0,0.0,0.0,1.0,0.0,0.0,0.0,0.0,0.0,0.0,0.0,0.0,0.0,0.0,0.0,1.0,0.0,0.0,0.0,0.0,0.0,0.0,0.0,1.0,0.0,0.0,0.0,1.0,0.0,0.0,0.0,1.0,0.0,0.0,0.0,0.0,0.0,0.0,0.0,1.0,0.0,0.0,0.0,0.0,0.0,0.0,0.0,1.0,0.0,0.0,0.0,0.0,0.0,0.0,0.0,0.0,0.0,0.0,0.0,0.0,0.0,0.0,4,1,4,25769803776,7507836928,70.9,8001290240,2448097280,5067358208,5036703744,2933932032,1073741824,121634816,952107008,11.3,252861267968,4945920000,494384795648,17738448896,24303534080,42.2,133.82254005246833,435.42259300653876,2078012.380745481,3051569.362275844,31.957621505067067,11.98410806440015,4090.5755526485846,85902.08660562028,47.9364322576006,83.88875645080105,0.0,0.0,0.0,0.0,0,rest
1768232664.0809011,2026-01-12 16:44:24,0.0,0.0,0.0,0.0,0.0,0.0,0.0,0.0,0.0,0.0,0.0,1.0,0.0,0.0,0.0,0.0,0.0,0.0,0.0,1.0,0.0,0.0,0.0,1.0,0.0,0.0,0.0,1.0,0.0,0.0,0.0,0.0,0.0,0.0,0.0,0.0,0.0,0.0,0.0,1.0,0.0,0.0,0.0,0.0,0.0,0.0,0.0,1.0,0.0,0.0,0.0,1.0,0.0,0.0,0.0,1.0,33.3,33.3,20.0,0.0,0.0,0.0,0.0,0.0,0.0,0.0,0.0,0.0,0.0,0.0,4,1,4,25769803776,7510409216,70.9,8002109440,2447392768,5107957760,5039767552,2894151680,1073741824,121634816,952107008,11.3,252861267968,4945920000,494384795648,17738448896,24303431680,42.2,11.969977340311985,183.53965255145042,196116.10874367156,1707844.4469761397,3.9899924467706613,7.979984893541323,18385.88519471921,155258.58608873998,131.66975074343182,185.53464877483577,0.0,0.0,0.0,0.0,0,rest
1768232664.5841112,2026-01-12 16:44:24,0.0,0.0,0.0,0.0,0.0,0.0,0.0,1.0,0.0,0.0,0.0,0.0,0.0,0.0,0.0,0.0,0.0,0.0,0.0,1.0,0.0,0.0,0.0,1.0,0.0,0.0,0.0,1.0,0.0,0.0,0.0,0.0,0.0,0.0,0.0,0.0,0.0,0.0,0.0,1.0,0.0,0.0,0.0,1.0,0.0,0.0,0.0,1.0,0.0,0.0,0.0,0.0,0.0,0.0,0.0,0.0,0.0,0.0,0.0,0.0,0.0,0.0,0.0,0.0,0.0,0.0,0.0,0.0,0.0,0.0,4,1,4,25769803776,7413301248,71.2,8100134912,2344534016,4936663040,5045518336,3163471872,1073741824,121634816,952107008,11.3,252861267968,4945920000,494384795648,17738448896,24303534080,42.2,7.948966557630569,59.617249182229266,162794.83510027404,423266.5712607125,3.9744832788152844,3.9744832788152844,50873.38596883564,50873.38596883564,151.0303645949808,151.0303645949808,0.0,0.0,0.0,0.0,0,rest
1768232665.090258,2026-01-12 16:44:25,0.0,0.0,1.0,1.0,0.0,0.0,0.0,0.0,0.0,0.0,0.0,1.0,0.0,0.0,1.0,1.0,0.0,0.0,0.0,1.0,0.0,0.0,0.0,1.0,0.0,0.0,0.0,1.0,0.0,0.0,0.0,2.0,0.0,0.0,0.0,1.0,0.0,0.0,0.0,1.0,1.0,0.0,0.0,1.0,0.0,0.0,0.0,1.0,0.0,0.0,0.0,1.0,0.0,0.0,0.0,0.0,80.0,66.7,60.0,50.0,80.0,83.3,80.0,100.0,83.3,100.0,100.0,100.0,85.7,100.0,4,1,4,25769803776,7413301248,71.2,8100134912,2344534016,4936663040,5045518336,3163471872,1073741824,121634816,952107008,11.3,252861267968,4945920000,494384795648,17738448896,24303534080,42.2,124.4698499670032,0.0,4054350.4958394826,0.0,17.781407138143315,0.0,6069.386969819585,6069.386969819585,41.48994998900107,41.48994998900107,0.0,0.0,0.0,0.0,0,[CPU_AllCores]CPUSim(d5000.0-t104)
1768232665.595293,2026-01-12 16:44:25,0.0,0.0,0.0,0.0,0.0,0.0,1.0,0.0,0.0,0.0,1.0,0.0,0.0,0.0,0.0,0.0,0.0,0.0,0.0,0.0,0.0,0.0,1.0,0.0,0.0,0.0,0.0,0.0,0.0,0.0,1.0,0.0,0.0,0.0,1.0,0.0,0.0,0.0,1.0,0.0,0.0,0.0,1.0,0.0,0.0,0.0,0.0,0.0,0.0,0.0,1.0,0.0,0.0,0.0,0.0,0.0,100.0,100.0,100.0,100.0,100.0,100.0,100.0,100.0,100.0,100.0,100.0,100.0,100.0,100.0,4,1,4,25769803776,7066058752,72.6,8444805120,1860108288,5263769600,5179588608,3181035520,1073741824,121634816,952107008,11.3,252871557120,4945920000,494384795648,17738448896,24303534080,42.2,518.7757600420343,120.7836693227637,11824855.87078896,648826.1108800527,67.32204519629452,3.960120305664384,0.0,0.0,1.980060152832192,1.980060152832192,0.0,0.0,0.0,0.0,0,[CPU_AllCores]CPUSim(d5000.0-t104)
1768232666.09551,2026-01-12 16:44:26,0.0,0.0,0.0,0.0,0.0,0.0,0.0,0.0,0.0,0.0,1.0,0.0,0.0,0.0,0.0,0.0,0.0,0.0,0.0,0.0,0.0,0.0,0.0,0.0,0.0,0.0,1.0,0.0,0.0,0.0,0.0,0.0,0.0,0.0,1.0,0.0,0.0,0.0,0.0,0.0,0.0,0.0,1.0,0.0,0.0,0.0,0.0,0.0,0.0,0.0,1.0,0.0,0.0,0.0,0.0,0.0,100.0,100.0,100.0,100.0,100.0,100.0,100.0,100.0,100.0,100.0,100.0,100.0,100.0,100.0,4,1,4,25769803776,7092125696,72.5,8425996288,1873821696,5235490816,5191925760,3190505472,1073741824,121634816,952107008,11.3,252871720960,4945920000,494384795648,17738448896,24303534080,42.2,0.0,0.0,0.0,0.0,0.0,0.0,4094.2234271437164,4094.2234271437164,37.983518122915335,37.983518122915335,0.0,0.0,0.0,0.0,0,[CPU_AllCores]CPUSim(d5000.0-t104)
1768232666.599618,2026-01-12 16:44:26,0.0,0.0,0.0,0.0,0.0,0.0,0.0,0.0,0.0,0.0,1.0,0.0,0.0,0.0,0.0,0.0,0.0,0.0,1.0,0.0,0.0,0.0,1.0,0.0,0.0,0.0,0.0,0.0,0.0,0.0,1.0,0.0,0.0,0.0,0.0,0.0,0.0,0.0,1.0,0.0,0.0,0.0,0.0,0.0,0.0,0.0,1.0,0.0,0.0,0.0,0.0,0.0,0.0,0.0,1.0,0.0,100.0,100.0,100.0,100.0,100.0,100.0,100.0,100.0,100.0,100.0,100.0,100.0,100.0,100.0,4,1,4,25769803776,7255867392,71.8,8266596352,1947107328,5326503936,5282365440,2940092416,1073741824,121634816,952107008,11.3,252871868416,4945920000,494384795648,17738448896,24303534080,42.2,5.9511062807004595,0.0,73127.19397724725,0.0,1.98370209356682,0.0,0.0,2031.3109438124236,5.9511062807004595,5.9511062807004595,0.0,0.0,0.0,0.0,0,[CPU_AllCores]CPUSim(d5000.0-t104)
1768232667.1032078,2026-01-12 16:44:27,0.0,0.0,1.0,0.0,0.0,0.0,0.0,0.0,1.0,0.0,1.0,0.0,0.0,0.0,1.0,0.0,0.0,0.0,0.0,0.0,0.0,0.0,1.0,0.0,0.0,0.0,1.0,0.0,0.0,0.0,0.0,0.0,0.0,0.0,1.0,0.0,0.0,0.0,0.0,0.0,0.0,0.0,1.0,0.0,0.0,0.0,0.0,0.0,0.0,0.0,1.0,0.0,0.0,0.0,0.0,0.0,100.0,100.0,100.0,100.0,100.0,100.0,100.0,100.0,100.0,100.0,100.0,100.0,100.0,100.0,4,1,4,25769803776,7259619328,71.8,8265400320,1947353088,5325242368,5285691392,2940157952,1073741824,121634816,952107008,11.3,252871983104,4945920000,494384795648,17738448896,24303534080,42.2,19.857428881327557,327.6475765419047,439214.55496875546,2570218.5068541984,5.957228664398268,5.957228664398268,4066.801434895884,4066.801434895884,33.75762909825685,33.75762909825685,0.0,0.0,0.0,0.0,0,[CPU_AllCores]CPUSim(d5000.0-t104)
1768232667.603986,2026-01-12 16:44:27,0.0,0.0,0.0,0.0,0.0,0.0,0.0,0.0,0.0,0.0,1.0,0.0,0.0,0.0,1.0,0.0,0.0,0.0,1.0,0.0,0.0,0.0,0.0,0.0,0.0,0.0,1.0,0.0,0.0,0.0,0.0,0.0,0.0,0.0,1.0,0.0,0.0,0.0,1.0,0.0,0.0,0.0,0.0,0.0,0.0,0.0,1.0,0.0,1.0,0.0,1.0,0.0,0.0,0.0,0.0,0.0,100.0,100.0,100.0,100.0,100.0,100.0,100.0,100.0,100.0,100.0,100.0,100.0,100.0,100.0,4,1,4,25769803776,7290077184,71.7,8229289984,1960443904,5347622912,5302976512,2881667072,1073741824,121634816,952107008,11.3,252871983104,4945920000,494384795648,17738448896,24303431680,42.2,0.0,167.7389317163838,0.0,1611316.1532039368,0.0,3.9937840884853286,2044.8174533044883,0.0,11.981352265455985,3.9937840884853286,0.0,0.0,0.0,0.0,0,[CPU_AllCores]CPUSim(d5000.0-t104)
1768232668.105948,2026-01-12 16:44:28,0.0,0.0,0.0,0.0,0.0,0.0,0.0,0.0,0.0,0.0,1.0,0.0,0.0,0.0,0.0,0.0,0.0,0.0,0.0,0.0,0.0,0.0,1.0,0.0,0.0,0.0,0.0,0.0,0.0,0.0,1.0,0.0,0.0,0.0,0.0,0.0,0.0,0.0,1.0,0.0,0.0,0.0,1.0,0.0,0.0,0.0,1.0,0.0,0.0,0.0,0.0,0.0,1.0,0.0,1.0,0.0,100.0,100.0,100.0,100.0,100.0,100.0,100.0,100.0,100.0,100.0,100.0,100.0,100.0,100.0,4,1,4,25769803776,7289880576,71.7,8236318720,1956347904,5354651648,5306941440,2881667072,1073741824,121634816,952107008,11.3,252871983104,4945920000,494384795648,17738448896,24303534080,42.2,15.93746310050295,33.86710908856877,65279.84885966008,187679.56547152274,3.9843657751257373,0.0,4079.990553728755,4079.990553728755,31.8749262010059,37.851474863694506,0.0,0.0,0.0,0.0,0,[CPU_AllCores]CPUSim(d5000.0-t104)
1768232668.611978,2026-01-12 16:44:28,0.0,0.0,1.0,0.0,0.0,0.0,0.0,0.0,0.0,0.0,1.0,0.0,1.0,0.0,0.0,0.0,0.0,0.0,1.0,0.0,0.0,0.0,1.0,0.0,0.0,0.0,0.0,0.0,0.0,0.0,1.0,0.0,0.0,0.0,0.0,0.0,0.0,0.0,1.0,0.0,0.0,0.0,0.0,0.0,0.0,0.0,1.0,0.0,0.0,0.0,1.0,0.0,0.0,0.0,1.0,0.0,100.0,100.0,100.0,100.0,100.0,100.0,100.0,100.0,100.0,100.0,100.0,100.0,100.0,100.0,4,1,4,25769803776,7285981184,71.7,8240037888,1950662656,5358354432,5308596224,2881683456,1073741824,121634816,952107008,11.3,252871983104,4945920000,494384795648,17738448896,24303534080,42.2,33.594840664818484,0.0,210453.89126120642,0.0,5.928501293791497,0.0,2023.595108280831,2023.595108280831,11.857002587582993,9.880835489652496,0.0,0.0,0.0,0.0,0,[CPU_AllCores]CPUSim(d5000.0-t104)
1768232669.116462,2026-01-12 16:44:29,0.0,0.0,1.0,0.0,1.0,0.0,0.0,0.0,0.0,0.0,0.0,0.0,1.0,0.0,1.0,0.0,0.0,0.0,1.0,0.0,0.0,0.0,0.0,0.0,0.0,0.0,1.0,0.0,0.0,0.0,0.0,0.0,1.0,0.0,1.0,0.0,0.0,0.0,0.0,0.0,0.0,0.0,1.0,0.0,0.0,0.0,0.0,0.0,0.0,0.0,0.0,0.0,0.0,0.0,1.0,0.0,100.0,100.0,100.0,100.0,100.0,100.0,100.0,100.0,100.0,100.0,100.0,100.0,100.0,100.0,4,1,4,25769803776,7286980608,71.7,8249802752,1945059328,5368119296,5315117056,2881683456,1073741824,121634816,952107008,11.3,252871983104,4945920000,494384795648,17738448896,24303534080,42.2,9.911118315619538,93.16451216682364,64953.5049932442,495270.475573487,1.9822236631239074,3.964447326247815,4059.5940620777624,4059.5940620777624,33.697802273106426,33.697802273106426,0.0,0.0,0.0,0.0,0,[CPU_AllCores]CPUSim(d5000.0-t104)
1768232669.621474,2026-01-12 16:44:29,0.0,0.0,1.0,0.0,0.0,0.0,1.0,0.0,0.0,0.0,1.0,0.0,0.0,0.0,0.0,0.0,0.0,0.0,0.0,0.0,0.0,0.0,1.0,0.0,1.0,0.0,1.0,0.0,0.0,0.0,1.0,0.0,0.0,0.0,0.0,0.0,0.0,0.0,1.0,0.0,0.0,0.0,0.0,0.0,0.0,0.0,1.0,0.0,0.0,0.0,0.0,0.0,0.0,0.0,1.0,0.0,100.0,100.0,100.0,100.0,100.0,100.0,100.0,100.0,100.0,100.0,100.0,100.0,100.0,100.0,4,1,4,25769803776,7255851008,71.8,8302788608,1855651840,5421072384,5373247488,2881716224,1073741824,121634816,952107008,11.3,252871983104,4945920000,494384795648,17738448896,24303534080,42.2,3.960301656049031,3.960301656049031,16221.39558317683,32442.79116635366,1.9801508280245155,0.0,8110.697791588415,4055.3488957942077,9.900754140122578,9.900754140122578,0.0,0.0,0.0,0.0,0,[CPU_AllCores]CPUSim(d5000.0-t104)
1768232670.128149,2026-01-12 16:44:30,0.0,0.0,1.0,0.0,0.0,0.0,1.0,0.0,1.0,0.0,1.0,0.0,0.0,0.0,0.0,0.0,0.0,0.0,1.0,0.0,0.0,0.0,1.0,0.0,0.0,0.0,0.0,0.0,0.0,0.0,1.0,0.0,0.0,0.0,0.0,0.0,0.0,0.0,0.0,0.0,0.0,0.0,1.0,0.0,0.0,0.0,0.0,0.0,0.0,0.0,0.0,0.0,0.0,0.0,0.0,0.0,100.0,100.0,100.0,100.0,100.0,100.0,100.0,100.0,100.0,100.0,100.0,100.0,100.0,100.0,4,1,4,25769803776,7149797376,72.3,8409743360,1774485504,5247483904,5348311040,3162259456,1073741824,121634816,952107008,11.3,252871983104,4945920000,494384795648,17738448896,24303534080,42.2,0.0,0.0,0.0,0.0,0.0,0.0,4042.038742695218,4042.038742695218,31.57842767730639,31.57842767730639,0.0,0.0,0.0,0.0,0,rest
1768232670.6292,2026-01-12 16:44:30,0.0,0.0,0.0,0.0,0.0,0.0,0.0,1.0,0.0,0.0,0.0,0.0,0.0,0.0,0.0,1.0,0.0,0.0,0.0,1.0,0.0,0.0,0.0,0.0,0.0,0.0,0.0,1.0,0.0,0.0,0.0,0.0,0.0,0.0,0.0,1.0,0.0,0.0,0.0,0.0,0.0,0.0,0.0,1.0,0.0,0.0,0.0,1.0,0.0,0.0,0.0,1.0,0.0,0.0,0.0,0.0,0.0,20.0,0.0,0.0,0.0,0.0,0.0,0.0,0.0,0.0,0.0,0.0,0.0,0.0,4,1,4,25769803776,7358332928,71.4,8206221312,2244050944,5059395584,5088083968,3146825728,1073741824,121634816,952107008,11.3,252873359360,4945920000,494384795648,17738448896,24303534080,42.2,75.84059079921582,0.0,2722214.1829269687,0.0,13.970635147223968,0.0,6131.113024610289,2043.7043415367632,27.941270294447936,23.949660252383943,0.0,0.0,0.0,0.0,0,rest
1768232671.1335511,2026-01-12 16:44:31,0.0,0.0,0.0,1.0,0.0,0.0,0.0,0.0,0.0,0.0,0.0,0.0,0.0,0.0,0.0,0.0,0.0,0.0,0.0,0.0,0.0,0.0,0.0,1.0,0.0,0.0,0.0,1.0,0.0,0.0,0.0,1.0,0.0,0.0,0.0,1.0,0.0,0.0,0.0,1.0,0.0,0.0,0.0,1.0,0.0,0.0,0.0,1.0,0.0,0.0,0.0,0.0,0.0,0.0,0.0,1.0,25.0,33.3,33.3,28.6,0.0,0.0,0.0,0.0,0.0,0.0,0.0,0.0,0.0,0.0,4,1,4,25769803776,7315734528,71.6,8247967744,2238070784,5063770112,5051023360,3184197632,1073741824,121634816,952107008,11.3,252873539584,4945920000,494384795648,17738448896,24303534080,42.2,87.24080623919237,1.982745596345281,414187.6240941438,16242.651925260541,13.879219174416967,0.0,10151.657453287839,10151.657453287839,59.482367890358425,57.49962229401315,0.0,0.0,0.0,0.0,0,rest
1768232671.635929,2026-01-12 16:44:31,0.0,0.0,0.0,0.0,0.0,0.0,0.0,0.0,0.0,0.0,0.0,1.0,0.0,0.0,0.0,0.0,0.0,0.0,0.0,1.0,0.0,0.0,0.0,1.0,0.0,0.0,0.0,0.0,0.0,0.0,0.0,1.0,0.0,0.0,0.0,0.0,0.0,0.0,0.0,1.0,0.0,0.0,0.0,1.0,0.0,0.0,0.0,0.0,0.0,0.0,0.0,1.0,0.0,0.0,0.0,0.0,28.6,0.0,28.6,0.0,0.0,0.0,0.0,0.0,0.0,0.0,0.0,0.0,0.0,0.0,4,1,4,25769803776,7464681472,71.0,8106459136,2300968960,5173477376,5136891904,2932981760,1073741824,121634816,952107008,11.3,252873539584,4945920000,494384795648,17738448896,24303534080,42.2,21.89586384487686,0.0,375048.28019966534,0.0,5.971599230420962,0.0,20383.05870650355,12229.83522390213,43.79172768975372,37.82012845933276,0.0,0.0,0.0,0.0,0,rest
1768232672.1375349,2026-01-12 16:44:32,0.0,0.0,0.0,1.0,0.0,0.0,0.0,1.0,0.0,0.0,0.0,1.0,0.0,0.0,0.0,1.0,0.0,0.0,0.0,1.0,0.0,0.0,0.0,1.0,0.0,0.0,0.0,0.0,0.0,0.0,0.0,1.0,0.0,0.0,0.0,0.0,0.0,0.0,0.0,1.0,0.0,0.0,0.0,1.0,0.0,0.0,0.0,1.0,0.0,0.0,0.0,1.0,0.0,0.0,0.0,1.0,0.0,0.0,0.0,0.0,0.0,0.0,0.0,0.0,0.0,0.0,0.0,16.7,0.0,0.0,4,1,4,25769803776,7417790464,71.2,8251801600,2108522496,5318770688,5281742848,2933030912,1073741824,121634816,952107008,11.3,252873539584,4945920000,494384795648,17738448896,24303534080,42.2,0.0,0.0,0.0,0.0,0.0,0.0,10207.21953222773,8165.775625782183,67.78231720619976,61.80152451153508,0.0,0.0,0.0,0.0,0,rest
1768232672.6418078,2026-01-12 16:44:32,1.0,0.0,0.0,0.0,0.0,0.0,0.0,0.0,1.0,0.0,0.0,0.0,0.0,0.0,0.0,0.0,0.0,0.0,0.0,0.0,0.0,0.0,0.0,1.0,0.0,0.0,0.0,1.0,0.0,0.0,0.0,1.0,0.0,0.0,0.0,1.0,0.0,0.0,0.0,1.0,0.0,0.0,0.0,1.0,0.0,0.0,0.0,1.0,0.0,0.0,0.0,0.0,0.0,0.0,0.0,0.0,100.0,100.0,100.0,100.0,0.0,0.0,0.0,0.0,0.0,0.0,0.0,0.0,0.0,0.0,4,1,4,25769803776,7398424576,71.3,8321024000,1933705216,5450629120,5436637184,2870394880,1073741824,121634816,952107008,11.3,252873818112,4945920000,494384795648,17738448896,24303534080,42.2,37.678008429019506,0.0,1494555.7128762398,0.0,7.932212300846212,0.0,38582.280631315974,40612.9269803326,138.8137152648087,130.8815029639625,0.0,0.0,0.0,0.0,0,rest
1768232673.1452959,2026-01-12 16:44:33,0.0,0.0,0.0,0.0,0.0,0.0,0.0,1.0,0.0,0.0,0.0,0.0,0.0,0.0,0.0,1.0,0.0,0.0,0.0,0.0,0.0,0.0,0.0,0.0,0.0,0.0,0.0,0.0,0.0,0.0,0.0,1.0,0.0,0.0,0.0,0.0,0.0,0.0,0.0,1.0,0.0,0.0,0.0,0.0,0.0,0.0,0.0,0.0,0.0,0.0,0.0,0.0,0.0,0.0,0.0,1.0,20.0,0.0,0.0,0.0,0.0,0.0,0.0,0.0,0.0,0.0,0.0,0.0,0.0,0.0,4,1,4,25769803776,7405568000,71.3,8314978304,1926168576,5444173824,5451317248,2870804480,1073741824,121634816,952107008,11.3,252873818112,4945920000,494384795648,17738448896,24303534080,42.2,0.0,0.0,0.0,0.0,0.0,0.0,34574.801770258484,65081.979802839494,67.5289097075361,85.40420933600154,0.0,0.0,0.0,0.0,0,rest
1768232673.6486511,2026-01-12 16:44:33,0.0,0.0,0.0,0.0,0.0,0.0,1.0,0.0,0.0,0.0,0.0,1.0,0.0,0.0,0.0,0.0,0.0,0.0,0.0,1.0,0.0,0.0,0.0,1.0,0.0,0.0,0.0,0.0,0.0,0.0,0.0,0.0,0.0,0.0,0.0,0.0,0.0,0.0,0.0,0.0,0.0,0.0,0.0,0.0,0.0,0.0,0.0,1.0,0.0,0.0,0.0,1.0,0.0,0.0,0.0,1.0,0.0,0.0,0.0,0.0,0.0,0.0,0.0,0.0,0.0,0.0,0.0,0.0,0.0,0.0,4,1,4,25769803776,7410941952,71.2,8310685696,1931575296,5440323584,5451284480,2870362112,1073741824,121634816,952107008,11.3,252873818112,4945920000,494384795648,17738448896,24303534080,42.2,7.946673613660316,0.0,48824.36268232898,0.0,3.973336806830158,0.0,16274.787560776327,10171.742225485204,15.893347227320632,13.906678823905553,0.0,0.0,0.0,0.0,0,rest
1768232674.153339,2026-01-12 16:44:34,0.0,0.0,0.0,1.0,0.0,0.0,0.0,1.0,0.0,0.0,0.0,0.0,0.0,0.0,0.0,1.0,0.0,0.0,0.0,0.0,0.0,0.0,0.0,1.0,0.0,0.0,0.0,1.0,0.0,0.0,0.0,1.0,0.0,0.0,0.0,1.0,0.0,0.0,0.0,1.0,0.0,0.0,0.0,1.0,0.0,0.0,0.0,1.0,0.0,0.0,0.0,0.0,0.0,0.0,0.0,1.0,20.0,16.7,0.0,0.0,0.0,0.0,0.0,0.0,0.0,0.0,0.0,0.0,0.0,0.0,4,1,4,25769803776,7410941952,71.2,8310685696,1931575296,5440323584,5451284480,2870362112,1073741824,121634816,952107008,11.3,252873818112,4945920000,494384795648,17738448896,24303534080,42.2,19.8142302535792,1.98142302535792,113622.72196612456,32463.63484746416,5.94426907607376,0.0,4057.95435593302,6086.93153389953,31.70276840572672,35.66561445644256,0.0,0.0,0.0,0.0,0,rest
1768232674.6579971,2026-01-12 16:44:34,0.0,0.0,0.0,1.0,0.0,0.0,0.0,0.0,0.0,0.0,0.0,0.0,0.0,0.0,0.0,0.0,0.0,0.0,0.0,1.0,0.0,0.0,0.0,1.0,0.0,0.0,0.0,0.0,0.0,0.0,0.0,1.0,0.0,0.0,0.0,0.0,0.0,0.0,0.0,1.0,0.0,0.0,0.0,0.0,0.0,0.0,0.0,0.0,0.0,0.0,0.0,1.0,0.0,0.0,0.0,0.0,0.0,33.3,0.0,0.0,0.0,0.0,0.0,0.0,0.0,0.0,0.0,0.0,0.0,0.0,4,1,4,25769803776,7414988800,71.2,8311980032,1936801792,5441634304,5450055680,2870345728,1073741824,121634816,952107008,11.3,252873818112,4945920000,494384795648,17738448896,24303534080,42.2,0.0,0.0,0.0,0.0,0.0,0.0,0.0,0.0,0.0,0.0,0.0,0.0,0.0,0.0,0,rest
1768232675.160007,2026-01-12 16:44:35,0.0,0.0,1.0,0.0,0.0,0.0,0.0,1.0,0.0,0.0,0.0,0.0,0.0,0.0,0.0,0.0,0.0,0.0,0.0,1.0,0.0,0.0,0.0,1.0,0.0,0.0,0.0,1.0,0.0,0.0,0.0,0.0,0.0,0.0,0.0,1.0,0.0,0.0,0.0,0.0,0.0,0.0,0.0,0.0,0.0,0.0,0.0,1.0,0.0,0.0,0.0,1.0,0.0,0.0,1.0,1.0,28.6,20.0,0.0,0.0,0.0,0.0,0.0,14.3,0.0,16.7,33.3,0.0,0.0,75.0,4,1,4,25769803776,7414988800,71.2,8311980032,1936801792,5441634304,5450055680,2870345728,1073741824,121634816,952107008,11.3,252873818112,4945920000,494384795648,17738448896,24303534080,42.2,19.919927127036612,3.983985425407322,334527.288200602,16318.40430246839,5.975978138110983,0.0,6119.401613425646,6119.401613425646,43.82383967948054,41.83184696677688,0.0,0.0,0.0,0.0,0,[CPU_SingleCore0]CPUSim(d5000.0-t99)
1768232675.6650188,2026-01-12 16:44:35,0.0,0.0,0.0,0.0,0.0,0.0,0.0,1.0,0.0,0.0,0.0,0.0,0.0,0.0,1.0,1.0,0.0,0.0,0.0,0.0,0.0,0.0,0.0,0.0,0.0,0.0,0.0,0.0,0.0,0.0,0.0,1.0,0.0,0.0,0.0,1.0,0.0,0.0,0.0,0.0,0.0,0.0,0.0,1.0,0.0,0.0,0.0,0.0,0.0,0.0,0.0,0.0,0.0,0.0,0.0,1.0,16.7,0.0,0.0,0.0,0.0,0.0,0.0,0.0,0.0,100.0,16.7,0.0,0.0,0.0,4,1,4,25769803776,7237074944,71.9,8492859392,1783136256,5340692480,5425283072,3152166912,1073741824,121634816,952107008,11.3,252874571776,4945920000,494384795648,17738448896,24303534080,42.2,21.781669391499182,1.980151762863562,145992.6291724047,64885.6129655132,7.920607051454248,0.0,12166.052431033726,4055.350810344575,53.464097597316176,35.64273173154412,0.0,0.0,0.0,0.0,0,[CPU_SingleCore0]CPUSim(d5000.0-t99)
1768232676.1699681,2026-01-12 16:44:36,0.0,0.0,0.0,1.0,0.0,0.0,0.0,0.0,0.0,0.0,0.0,0.0,0.0,0.0,0.0,1.0,0.0,0.0,0.0,1.0,0.0,0.0,0.0,1.0,0.0,0.0,0.0,1.0,0.0,0.0,0.0,0.0,0.0,0.0,0.0,0.0,0.0,0.0,0.0,1.0,1.0,0.0,0.0,1.0,0.0,0.0,0.0,1.0,0.0,0.0,0.0,1.0,0.0,0.0,0.0,0.0,0.0,0.0,0.0,0.0,0.0,0.0,0.0,0.0,0.0,0.0,0.0,0.0,0.0,100.0,4,1,4,25769803776,7201144832,72.1,8542781440,1774354432,5353242624,5398052864,3189538816,1073741824,121634816,952107008,11.3,252874735616,4945920000,494384795648,17738448896,24303534080,42.2,1.9803967211086773,0.0,32446.81987864457,0.0,1.9803967211086773,0.0,18251.33618173757,81117.04969661143,102.98062949765122,140.6081671987161,0.0,0.0,0.0,0.0,0,[CPU_SingleCore0]CPUSim(d5000.0-t99)
1768232676.671795,2026-01-12 16:44:36,0.0,0.0,0.0,1.0,0.0,0.0,0.0,0.0,0.0,0.0,0.0,1.0,0.0,0.0,0.0,0.0,0.0,0.0,0.0,1.0,0.0,0.0,0.0,1.0,0.0,0.0,0.0,1.0,0.0,0.0,0.0,0.0,0.0,0.0,0.0,1.0,0.0,0.0,0.0,0.0,0.0,0.0,0.0,0.0,0.0,0.0,0.0,1.0,0.0,0.0,0.0,0.0,0.0,0.0,0.0,0.0,0.0,0.0,0.0,0.0,0.0,0.0,0.0,0.0,0.0,0.0,0.0,0.0,100.0,0.0,4,1,4,25769803776,7313866752,71.6,8435367936,1833779200,5501747200,5451300864,2933620736,1073741824,121634816,952107008,11.3,252874735616,4945920000,494384795648,17738448896,24303534080,42.2,1.9927195467152916,15.941756373722333,32648.717053383338,114270.50968684169,0.0,1.9927195467152916,0.0,0.0,1.9927195467152916,0.0,0.0,0.0,0.0,0.0,0,[CPU_SingleCore0]CPUSim(d5000.0-t99)
1768232677.1756039,2026-01-12 16:44:37,0.0,0.0,0.0,0.0,0.0,0.0,0.0,0.0,0.0,0.0,0.0,1.0,0.0,0.0,0.0,0.0,0.0,0.0,0.0,0.0,0.0,0.0,0.0,0.0,0.0,0.0,0.0,0.0,0.0,0.0,0.0,1.0,0.0,0.0,0.0,1.0,0.0,0.0,0.0,1.0,0.0,0.0,0.0,1.0,0.0,0.0,0.0,1.0,1.0,0.0,0.0,0.0,0.0,0.0,0.0,1.0,0.0,0.0,0.0,0.0,0.0,0.0,0.0,0.0,0.0,0.0,0.0,0.0,83.3,0.0,4,1,4,25769803776,7315947520,71.6,8434335744,1836924928,5500731392,5450235904,2933604352,1073741824,121634816,952107008,11.3,252874735616,4945920000,494384795648,17738448896,24303534080,42.2,0.0,0.0,0.0,0.0,0.0,0.0,4065.032781733998,4065.032781733998,33.74294789525291,33.74294789525291,0.0,0.0,0.0,0.0,0,[CPU_SingleCore0]CPUSim(d5000.0-t99)
1768232677.680001,2026-01-12 16:44:37,0.0,0.0,1.0,0.0,0.0,0.0,0.0,1.0,0.0,0.0,0.0,0.0,0.0,0.0,0.0,1.0,0.0,0.0,0.0,1.0,0.0,0.0,0.0,1.0,0.0,0.0,0.0,1.0,0.0,0.0,0.0,0.0,0.0,0.0,0.0,1.0,0.0,0.0,0.0,1.0,0.0,0.0,0.0,0.0,0.0,0.0,0.0,1.0,1.0,0.0,0.0,0.0,0.0,0.0,0.0,1.0,0.0,0.0,0.0,0.0,0.0,0.0,0.0,0.0,0.0,0.0,0.0,0.0,100.0,0.0,4,1,4,25769803776,7346896896,71.5,8397963264,1855979520,5527060480,5462032384,2870902784,1073741824,121634816,952107008,11.3,252874735616,4945920000,494384795648,17738448896,24303534080,42.2,3.9651294316728865,1.9825647158364432,64964.68060852857,16241.170152132143,3.9651294316728865,0.0,18271.316421148662,20301.46269016518,103.09336522349504,103.09336522349504,0.0,0.0,0.0,0.0,0,[CPU_SingleCore0]CPUSim(d5000.0-t99)
1768232678.185015,2026-01-12 16:44:38,0.0,0.0,0.0,0.0,0.0,0.0,0.0,1.0,0.0,0.0,0.0,1.0,0.0,0.0,0.0,0.0,0.0,0.0,0.0,1.0,0.0,0.0,0.0,0.0,0.0,0.0,0.0,1.0,0.0,0.0,0.0,1.0,0.0,0.0,0.0,1.0,0.0,0.0,0.0,0.0,0.0,0.0,0.0,0.0,0.0,0.0,0.0,0.0,0.0,0.0,0.0,1.0,0.0,0.0,0.0,0.0,20.0,20.0,0.0,0.0,0.0,0.0,0.0,0.0,0.0,0.0,100.0,0.0,0.0,0.0,4,1,4,25769803776,7356530688,71.5,8412905472,1832681472,5542002688,5493063680,2870902784,1073741824,121634816,952107008,11.3,252874735616,4945920000,494384795648,17738448896,24303529984,42.2,227.71648517455063,221.77605512651888,3795792.230371139,1054386.7306586497,29.702150240158776,11.880860096063511,58802.33690211701,79079.00479939872,124.74903100866686,116.8284576112912,0.0,0.0,0.0,0.0,0,[CPU_SingleCore0]CPUSim(d5000.0-t99)
1768232678.6891499,2026-01-12 16:44:38,0.0,0.0,0.0,1.0,0.0,0.0,0.0,0.0,0.0,0.0,0.0,1.0,0.0,0.0,0.0,1.0,0.0,0.0,0.0,0.0,0.0,0.0,0.0,1.0,0.0,0.0,0.0,1.0,0.0,0.0,0.0,1.0,0.0,0.0,0.0,0.0,0.0,0.0,0.0,1.0,0.0,0.0,0.0,1.0,0.0,0.0,0.0,1.0,1.0,0.0,0.0,0.0,0.0,0.0,0.0,1.0,0.0,0.0,0.0,0.0,0.0,0.0,0.0,0.0,0.0,0.0,0.0,0.0,100.0,0.0,4,1,4,25769803776,7339474944,71.5,8442429440,1793359872,5571493888,5511151616,2870935552,1073741824,121634816,952107008,11.3,252875128832,4945920000,494384795648,17738448896,24310874112,42.2,960.0605042811641,559.3740954696038,15542760.68233408,10870995.187121274,120.99936107675828,13.88517258257882,30468.03583834438,64998.476455134674,37.68832558128537,61.49147857999191,0.0,0.0,0.0,0.0,0,[CPU_SingleCore0]CPUSim(d5000.0-t99)
1768232679.194155,2026-01-12 16:44:39,0.0,0.0,0.0,1.0,0.0,0.0,0.0,0.0,0.0,0.0,0.0,1.0,0.0,0.0,0.0,1.0,0.0,0.0,0.0,1.0,0.0,0.0,0.0,1.0,0.0,0.0,0.0,1.0,0.0,0.0,0.0,1.0,0.0,0.0,0.0,1.0,0.0,0.0,0.0,1.0,0.0,0.0,0.0,1.0,0.0,0.0,0.0,1.0,1.0,0.0,0.0,0.0,0.0,0.0,0.0,1.0,0.0,0.0,0.0,0.0,0.0,0.0,0.0,0.0,0.0,0.0,0.0,0.0,100.0,0.0,4,1,4,25769803776,7344685056,71.5,8443019264,1797980160,5572083712,5511741440,2870935552,1073741824,121634816,952107008,11.3,252875128832,4945920000,494384795648,17738448896,24310874112,42.2,0.0,0.0,0.0,0.0,0.0,0.0,4055.4044184888194,4055.4044184888194,35.643202896874385,33.66302495815914,0.0,0.0,0.0,0.0,0,[CPU_SingleCore0]CPUSim(d5000.0-t99)
1768232679.6991732,2026-01-12 16:44:39,1.0,0.0,0.0,0.0,0.0,0.0,0.0,0.0,0.0,0.0,0.0,0.0,1.0,0.0,0.0,0.0,0.0,0.0,0.0,0.0,0.0,0.0,0.0,1.0,0.0,0.0,0.0,1.0,0.0,0.0,0.0,1.0,0.0,0.0,0.0,0.0,0.0,0.0,0.0,1.0,0.0,0.0,0.0,1.0,0.0,0.0,0.0,1.0,0.0,0.0,0.0,0.0,0.0,0.0,0.0,1.0,100.0,100.0,100.0,100.0,0.0,0.0,0.0,0.0,0.0,0.0,0.0,0.0,85.7,0.0,4,1,4,25769803776,7346094080,71.5,8461467648,1778434048,5590532096,5532532736,2870935552,1073741824,121634816,952107008,11.3,252875210752,4945920000,494384795648,17738448896,24310874112,42.2,3.96025304503824,0.0,162211.96472476632,0.0,1.98012652251912,0.0,0.0,0.0,0.0,0.0,0.0,0.0,0.0,0.0,0,[CPU_SingleCore0]CPUSim(d5000.0-t99)
1768232680.2032151,2026-01-12 16:44:40,0.0,0.0,0.0,1.0,0.0,0.0,0.0,0.0,0.0,0.0,0.0,1.0,0.0,0.0,0.0,1.0,0.0,0.0,0.0,1.0,0.0,0.0,0.0,1.0,0.0,0.0,0.0,1.0,0.0,0.0,0.0,0.0,0.0,0.0,0.0,1.0,0.0,0.0,0.0,0.0,1.0,0.0,0.0,0.0,0.0,0.0,0.0,1.0,0.0,0.0,0.0,1.0,0.0,0.0,0.0,1.0,20.0,14.3,0.0,0.0,0.0,0.0,0.0,0.0,0.0,16.7,100.0,0.0,0.0,16.7,4,1,4,25769803776,7277297664,71.8,8539242496,1694285824,5383602176,5547884544,3155640320,1073741824,121634816,952107008,11.3,252875210752,4945920000,494384795648,17738448896,24310874112,42.2,0.0,0.0,0.0,0.0,0.0,0.0,8126.308382980032,6094.731287235024,63.4867842420315,53.56697420421408,0.0,0.0,0.0,0.0,0,rest
1768232680.704073,2026-01-12 16:44:40,0.0,0.0,0.0,0.0,0.0,0.0,0.0,0.0,1.0,0.0,0.0,1.0,0.0,0.0,0.0,0.0,0.0,0.0,0.0,1.0,0.0,0.0,0.0,1.0,0.0,0.0,0.0,1.0,0.0,0.0,0.0,0.0,0.0,0.0,0.0,1.0,0.0,0.0,0.0,1.0,0.0,0.0,0.0,1.0,0.0,0.0,0.0,0.0,0.0,0.0,0.0,0.0,0.0,0.0,0.0,1.0,25.0,42.9,25.0,33.3,0.0,0.0,0.0,0.0,0.0,0.0,0.0,0.0,0.0,0.0,4,1,4,25769803776,7274856448,71.8,8541093888,1720123392,5393809408,5519720448,3147284480,1073741824,121634816,952107008,11.3,252875309056,4945920000,494384795648,17738448896,24310874112,42.2,0.0,0.0,0.0,0.0,0.0,0.0,2044.4923460668808,0.0,11.97944734023563,11.97944734023563,0.0,0.0,0.0,0.0,0,rest
1768232681.2080991,2026-01-12 16:44:41,0.0,0.0,0.0,1.0,0.0,0.0,0.0,1.0,0.0,0.0,0.0,1.0,0.0,0.0,0.0,1.0,0.0,0.0,0.0,0.0,0.0,0.0,0.0,1.0,0.0,0.0,0.0,0.0,0.0,0.0,0.0,1.0,0.0,0.0,0.0,1.0,0.0,0.0,0.0,0.0,0.0,0.0,0.0,0.0,0.0,0.0,0.0,1.0,0.0,0.0,0.0,0.0,0.0,0.0,0.0,1.0,20.0,20.0,20.0,16.7,0.0,0.0,0.0,0.0,0.0,0.0,0.0,0.0,0.0,0.0,4,1,4,25769803776,7249969152,71.9,8568946688,1722892288,5384552448,5491965952,3184394240,1073741824,121634816,952107008,11.3,252875374592,4945920000,494384795648,17738448896,24310874112,42.2,3.9680478931561813,0.0,65012.496681470875,0.0,1.9840239465780907,0.0,6094.921563887894,6094.921563887894,57.53669445076463,49.600598664452264,0.0,0.0,0.0,0.0,0,rest
1768232681.7104902,2026-01-12 16:44:41,0.0,0.0,0.0,0.0,0.0,0.0,0.0,0.0,0.0,0.0,0.0,0.0,0.0,0.0,0.0,1.0,0.0,0.0,0.0,1.0,0.0,0.0,0.0,1.0,0.0,0.0,0.0,1.0,0.0,0.0,0.0,0.0,0.0,0.0,0.0,0.0,0.0,0.0,0.0,0.0,0.0,0.0,0.0,0.0,1.0,0.0,0.0,1.0,0.0,0.0,0.0,0.0,0.0,0.0,0.0,1.0,16.7,16.7,0.0,0.0,0.0,0.0,0.0,0.0,0.0,0.0,0.0,0.0,0.0,0.0,4,1,4,25769803776,7307624448,71.6,8508112896,1767145472,5574393856,5505400832,2933719040,1073741824,121634816,952107008,11.3,252875374592,4945920000,494384795648,17738448896,24310874112,42.2,0.0,0.0,0.0,0.0,0.0,0.0,0.0,2038.2526683754268,9.952405607301888,7.961924485841511,0.0,0.0,0.0,0.0,0,rest
1768232682.2149918,2026-01-12 16:44:42,0.0,0.0,0.0,1.0,0.0,0.0,0.0,0.0,0.0,0.0,0.0,1.0,0.0,0.0,0.0,0.0,0.0,0.0,0.0,1.0,0.0,0.0,0.0,0.0,0.0,0.0,0.0,1.0,0.0,0.0,0.0,1.0,0.0,0.0,0.0,1.0,0.0,0.0,0.0,1.0,0.0,0.0,0.0,1.0,0.0,0.0,0.0,1.0,0.0,0.0,0.0,1.0,0.0,0.0,0.0,1.0,0.0,0.0,0.0,16.7,0.0,0.0,0.0,0.0,0.0,0.0,0.0,0.0,0.0,0.0,4,1,4,25769803776,7316766720,71.6,8497414144,1777221632,5564252160,5504434176,2933161984,1073741824,121634816,952107008,11.3,252875374592,4945920000,494384795648,17738448896,24308928512,42.2,1.9821543425835042,614.4678462008862,8118.904187222033,10814380.377379747,1.9821543425835042,39.643086851670084,6089.178140416525,4059.4520936110166,41.62524119425359,35.67877816650307,0.0,0.0,0.0,0.0,0,rest
1768232682.719935,2026-01-12 16:44:42,0.0,0.0,0.0,0.0,0.0,0.0,0.0,1.0,0.0,0.0,0.0,1.0,0.0,0.0,0.0,1.0,0.0,0.0,0.0,0.0,0.0,0.0,0.0,1.0,0.0,0.0,0.0,1.0,0.0,0.0,0.0,0.0,0.0,0.0,0.0,0.0,0.0,0.0,0.0,1.0,0.0,0.0,0.0,1.0,0.0,0.0,0.0,0.0,0.0,0.0,0.0,0.0,0.0,0.0,0.0,0.0,0.0,0.0,16.7,0.0,0.0,0.0,0.0,0.0,0.0,0.0,0.0,0.0,0.0,0.0,4,1,4,25769803776,7397097472,71.3,8456667136,1846640640,5586206720,5515132928,2870460416,1073741824,121634816,952107008,11.3,252875374592,4945920000,494384795648,17738448896,24308928512,42.2,0.0,55.45178893093818,0.0,689503.3869355513,0.0,1.980421033247792,0.0,0.0,1.980421033247792,1.980421033247792,0.0,0.0,0.0,0.0,0,rest
1768232683.226243,2026-01-12 16:44:43,0.0,0.0,0.0,1.0,0.0,0.0,0.0,1.0,0.0,0.0,0.0,1.0,0.0,0.0,1.0,1.0,0.0,0.0,0.0,0.0,0.0,0.0,0.0,0.0,0.0,0.0,0.0,0.0,0.0,0.0,0.0,1.0,0.0,0.0,0.0,1.0,0.0,0.0,0.0,1.0,0.0,0.0,0.0,1.0,0.0,0.0,0.0,1.0,0.0,0.0,0.0,1.0,0.0,0.0,0.0,0.0,25.0,20.0,0.0,0.0,0.0,0.0,0.0,0.0,0.0,25.0,0.0,0.0,0.0,20.0,4,1,4,25769803776,7292911616,71.7,8559640576,1758445568,5404655616,5499142144,3154984960,1073741824,121634816,952107008,11.3,252875374592,4945920000,494384795648,17738448896,24308928512,42.2,0.0,0.0,0.0,0.0,0.0,0.0,4044.968045921803,4044.968045921803,41.47672312712786,33.57639491243684,0.0,0.0,0.0,0.0,0,[Network_Spam]NetSim(d5000.0)
1768232683.726787,2026-01-12 16:44:43,0.0,0.0,0.0,0.0,0.0,0.0,0.0,0.0,0.0,0.0,0.0,0.0,0.0,0.0,0.0,1.0,0.0,0.0,0.0,0.0,0.0,0.0,0.0,0.0,0.0,0.0,0.0,0.0,0.0,0.0,0.0,1.0,0.0,0.0,0.0,1.0,0.0,0.0,0.0,0.0,0.0,0.0,0.0,1.0,0.0,0.0,0.0,1.0,0.0,0.0,0.0,1.0,0.0,0.0,0.0,0.0,20.0,20.0,0.0,0.0,0.0,0.0,0.0,0.0,0.0,0.0,0.0,0.0,0.0,0.0,4,1,4,25769803776,7295156224,71.7,8561295360,1761345536,5414469632,5498486784,3146825728,1073741824,121634816,952107008,11.3,252875374592,4945920000,494384795648,17738448896,24308928512,42.2,0.0,0.0,0.0,0.0,0.0,0.0,26595.060786859696,392788.5900828509,201.78043415511038,359.6086945338601,0.0,0.0,0.0,0.0,0,[Network_Spam]NetSim(d5000.0)
1768232684.2318342,2026-01-12 16:44:44,0.0,0.0,0.0,0.0,0.0,0.0,0.0,0.0,0.0,0.0,0.0,0.0,0.0,0.0,0.0,1.0,0.0,0.0,0.0,1.0,0.0,0.0,0.0,1.0,0.0,0.0,0.0,1.0,0.0,0.0,0.0,0.0,0.0,0.0,0.0,0.0,0.0,0.0,0.0,0.0,0.0,0.0,0.0,1.0,0.0,0.0,0.0,0.0,0.0,0.0,0.0,0.0,0.0,0.0,0.0,0.0,16.7,16.7,0.0,16.7,0.0,0.0,0.0,0.0,0.0,0.0,16.7,0.0,0.0,0.0,4,1,4,25769803776,7265599488,71.8,8591409152,1746927616,5406965760,5483282432,3184443392,1073741824,121634816,952107008,11.3,252875374592,4945920000,494384795648,17738448896,24308928512,42.2,5.940040248857468,1.9800134162858225,48660.809718640376,8110.134953106729,1.9800134162858225,0.0,32440.539812426916,1350337.4696922705,326.70221368716074,1071.18725821063,0.0,0.0,0.0,0.0,0,[Network_Spam]NetSim(d5000.0)
1768232684.735656,2026-01-12 16:44:44,0.0,0.0,0.0,1.0,0.0,0.0,0.0,1.0,0.0,0.0,0.0,1.0,0.0,0.0,0.0,0.0,0.0,0.0,0.0,1.0,0.0,0.0,0.0,0.0,0.0,0.0,0.0,0.0,0.0,0.0,0.0,1.0,0.0,0.0,0.0,1.0,0.0,0.0,0.0,0.0,0.0,0.0,0.0,0.0,0.0,0.0,0.0,1.0,0.0,0.0,0.0,0.0,0.0,0.0,0.0,1.0,33.3,20.0,0.0,16.7,0.0,0.0,0.0,0.0,0.0,0.0,0.0,0.0,0.0,0.0,4,1,4,25769803776,7349862400,71.5,8504360960,1802223616,5571149824,5512249344,2933211136,1073741824,121634816,952107008,11.3,252875374592,4945920000,494384795648,17738448896,24308928512,42.2,0.0,0.0,0.0,0.0,0.0,0.0,40649.28904372647,707297.6293608407,361.2387991190536,613.3120270757559,0.0,0.0,0.0,0.0,0,[Network_Spam]NetSim(d5000.0)
1768232685.2362099,2026-01-12 16:44:45,0.0,0.0,0.0,1.0,0.0,0.0,0.0,1.0,0.0,0.0,0.0,1.0,0.0,0.0,0.0,1.0,0.0,0.0,0.0,0.0,0.0,0.0,0.0,0.0,0.0,0.0,0.0,0.0,0.0,0.0,0.0,1.0,0.0,0.0,0.0,1.0,0.0,0.0,0.0,0.0,0.0,0.0,0.0,1.0,0.0,0.0,0.0,1.0,0.0,0.0,0.0,0.0,0.0,0.0,0.0,1.0,33.3,33.3,33.3,0.0,0.0,0.0,0.0,0.0,0.0,0.0,16.7,0.0,0.0,0.0,4,1,4,25769803776,7354105856,71.5,8506212352,1806385152,5573001216,5512331264,2933211136,1073741824,121634816,952107008,11.3,252875374592,4945920000,494384795648,17738448896,24308928512,42.2,0.0,0.0,0.0,0.0,0.0,0.0,24548.807464723322,370277.84592624346,249.72338322675907,373.5861813072316,0.0,0.0,0.0,0.0,0,[Network_Spam]NetSim(d5000.0)
1768232685.7392519,2026-01-12 16:44:45,0.0,0.0,0.0,0.0,0.0,0.0,1.0,0.0,0.0,0.0,1.0,0.0,0.0,0.0,0.0,0.0,0.0,0.0,0.0,0.0,0.0,0.0,0.0,1.0,0.0,0.0,0.0,0.0,0.0,0.0,0.0,1.0,0.0,0.0,0.0,0.0,0.0,0.0,0.0,0.0,0.0,0.0,0.0,1.0,0.0,0.0,0.0,1.0,0.0,0.0,0.0,1.0,0.0,0.0,0.0,0.0,42.9,33.3,16.7,33.3,0.0,0.0,0.0,0.0,0.0,20.0,33.3,0.0,0.0,60.0,4,1,4,25769803776,7399964672,71.3,8464154624,1828306944,5593317376,5536219136,2870837248,1073741824,121634816,952107008,11.3,252875538432,4945920000,494384795648,17738448896,24308928512,42.2,9.939528254983268,3.975811301993307,81424.61546482293,16284.923092964586,5.9637169529899605,0.0,22391.769252826303,535366.8466812107,216.6817159586352,483.06107319218677,0.0,0.0,0.0,0.0,0,[Network_Spam]NetSim(d5000.0)
1768232686.2425568,2026-01-12 16:44:46,0.0,0.0,0.0,0.0,0.0,0.0,0.0,1.0,0.0,0.0,0.0,0.0,0.0,0.0,0.0,0.0,0.0,0.0,0.0,1.0,0.0,0.0,0.0,1.0,0.0,0.0,0.0,1.0,0.0,0.0,0.0,0.0,0.0,0.0,0.0,0.0,0.0,0.0,0.0,0.0,0.0,0.0,0.0,0.0,0.0,0.0,0.0,1.0,0.0,0.0,0.0,0.0,0.0,0.0,0.0,1.0,0.0,0.0,33.3,0.0,0.0,0.0,0.0,0.0,0.0,0.0,0.0,0.0,0.0,0.0,4,1,4,25769803776,7396409344,71.3,8462860288,1821065216,5591924736,5539905536,2870935552,1073741824,121634816,952107008,11.3,252875538432,4945920000,494384795648,17738448896,24308928512,42.2,0.0,0.0,0.0,0.0,0.0,0.0,36621.93208003358,482188.77238710877,260.27957370249555,458.96627118531666,0.0,0.0,0.0,0.0,0,[Network_Spam]NetSim(d5000.0)
1768232686.7435799,2026-01-12 16:44:46,0.0,0.0,0.0,0.0,1.0,0.0,0.0,0.0,1.0,0.0,0.0,0.0,1.0,0.0,0.0,1.0,0.0,0.0,0.0,1.0,0.0,0.0,0.0,1.0,0.0,0.0,0.0,1.0,0.0,0.0,0.0,1.0,0.0,0.0,0.0,1.0,0.0,0.0,0.0,0.0,0.0,0.0,0.0,0.0,0.0,0.0,0.0,0.0,0.0,0.0,0.0,1.0,0.0,0.0,0.0,1.0,75.0,75.0,60.0,50.0,0.0,0.0,0.0,0.0,0.0,0.0,0.0,0.0,0.0,0.0,4,1,4,25769803776,7397097472,71.3,8468709376,1816952832,5597773824,5544689664,2870935552,1073741824,121634816,952107008,11.3,252875538432,4945920000,494384795648,17738448896,24308928512,42.2,1.9959161395288856,0.0,32701.09003004126,0.0,1.9959161395288856,0.0,6131.4543806327365,8175.272507510315,47.901987348693254,37.922406651048824,0.0,0.0,0.0,0.0,0,[Network_Spam]NetSim(d5000.0)
1768232687.246007,2026-01-12 16:44:47,0.0,0.0,0.0,1.0,0.0,0.0,0.0,0.0,0.0,0.0,0.0,0.0,0.0,0.0,0.0,0.0,0.0,0.0,0.0,1.0,0.0,0.0,0.0,0.0,0.0,0.0,0.0,0.0,0.0,0.0,0.0,1.0,0.0,0.0,0.0,1.0,0.0,0.0,0.0,1.0,0.0,0.0,0.0,1.0,0.0,0.0,0.0,0.0,0.0,0.0,0.0,1.0,0.0,0.0,0.0,1.0,20.0,0.0,0.0,0.0,0.0,0.0,0.0,0.0,0.0,0.0,0.0,0.0,0.0,0.0,4,1,4,25769803776,7421640704,71.2,8451964928,1822474240,5581029376,5563564032,2870935552,1073741824,121634816,952107008,11.3,252875538432,4945920000,494384795648,17738448896,24308928512,42.2,0.0,0.0,0.0,0.0,0.0,0.0,22419.17280048896,191582.02211326928,187.09181846998953,238.8406193233909,0.0,0.0,0.0,0.0,0,[Network_Spam]NetSim(d5000.0)
1768232687.751047,2026-01-12 16:44:47,0.0,0.0,0.0,1.0,0.0,0.0,0.0,1.0,0.0,0.0,0.0,0.0,0.0,0.0,0.0,0.0,0.0,0.0,0.0,1.0,0.0,0.0,0.0,1.0,0.0,0.0,0.0,1.0,0.0,0.0,0.0,0.0,0.0,0.0,0.0,0.0,0.0,0.0,0.0,1.0,0.0,0.0,0.0,1.0,0.0,0.0,0.0,1.0,0.0,0.0,0.0,1.0,0.0,0.0,0.0,1.0,20.0,20.0,16.7,16.7,0.0,0.0,0.0,0.0,0.0,0.0,0.0,0.0,0.0,0.0,4,1,4,25769803776,7413022720,71.2,8452816896,1813856256,5581881344,5563531264,2870935552,1073741824,121634816,952107008,11.3,252875538432,4945920000,494384795648,17738448896,24308928512,42.2,0.0,0.0,0.0,0.0,0.0,0.0,40551.24905879315,587993.1113525006,257.40538953335493,550.4515253097899,0.0,0.0,0.0,0.0,0,[Network_Spam]NetSim(d5000.0)
1768232688.254612,2026-01-12 16:44:48,0.0,0.0,0.0,1.0,0.0,0.0,0.0,0.0,0.0,0.0,0.0,0.0,0.0,0.0,0.0,1.0,0.0,0.0,0.0,1.0,0.0,0.0,0.0,1.0,0.0,0.0,0.0,1.0,0.0,0.0,0.0,1.0,0.0,0.0,0.0,1.0,0.0,0.0,0.0,0.0,0.0,0.0,0.0,1.0,0.0,0.0,0.0,1.0,0.0,0.0,0.0,0.0,0.0,0.0,0.0,0.0,20.0,16.7,0.0,0.0,0.0,0.0,0.0,0.0,0.0,16.7,16.7,0.0,0.0,16.7,4,1,4,25769803776,7306575872,71.6,8566685696,1734950912,5410996224,5535989760,3155689472,1073741824,121634816,952107008,11.3,252875554816,4945920000,494384795648,17738448896,24308928512,42.2,1.985840666065371,0.0,32536.013472815037,0.0,1.985840666065371,0.0,26435.510946662216,738160.8056644911,254.18760525636748,637.454853806984,0.0,0.0,0.0,0.0,0,rest
1768232688.755024,2026-01-12 16:44:48,0.0,0.0,0.0,0.0,0.0,0.0,0.0,1.0,0.0,0.0,0.0,0.0,0.0,0.0,0.0,0.0,0.0,0.0,0.0,1.0,0.0,0.0,0.0,0.0,0.0,0.0,0.0,1.0,0.0,0.0,0.0,1.0,0.0,0.0,0.0,1.0,0.0,0.0,0.0,1.0,1.0,0.0,0.0,0.0,0.0,0.0,0.0,1.0,0.0,0.0,0.0,1.0,0.0,0.0,0.0,0.0,0.0,16.7,16.7,0.0,0.0,0.0,0.0,0.0,0.0,0.0,0.0,0.0,0.0,0.0,4,1,4,25769803776,7302529024,71.7,8566898688,1731035136,5419614208,5535793152,3147284480,1073741824,121634816,952107008,11.3,252875554816,4945920000,494384795648,17738448896,24308928512,42.2,0.0,0.0,0.0,0.0,0.0,0.0,22509.452782436347,163705.11114499162,141.88309193474615,185.84686690044214,0.0,0.0,0.0,0.0,0,rest
1768232689.258999,2026-01-12 16:44:49,0.0,0.0,0.0,1.0,0.0,0.0,0.0,0.0,0.0,0.0,0.0,0.0,0.0,0.0,0.0,1.0,0.0,0.0,0.0,0.0,0.0,0.0,0.0,0.0,0.0,0.0,0.0,0.0,0.0,0.0,0.0,1.0,0.0,0.0,0.0,0.0,0.0,0.0,0.0,0.0,0.0,0.0,0.0,0.0,0.0,0.0,0.0,0.0,0.0,0.0,0.0,0.0,0.0,0.0,0.0,1.0,20.0,0.0,0.0,0.0,0.0,0.0,0.0,0.0,0.0,0.0,0.0,0.0,0.0,0.0,4,1,4,25769803776,7286423552,71.7,8584101888,1732313088,5399461888,5518409728,3184640000,1073741824,121634816,952107008,11.3,252875554816,4945920000,494384795648,17738448896,24308928512,42.2,0.0,0.0,0.0,0.0,0.0,0.0,12191.077206485872,335254.6231783615,162.70643407093775,277.7914728040401,0.0,0.0,0.0,0.0,0,rest
1768232689.763617,2026-01-12 16:44:49,0.0,0.0,0.0,0.0,0.0,0.0,0.0,0.0,0.0,0.0,0.0,1.0,0.0,0.0,0.0,0.0,0.0,0.0,0.0,1.0,0.0,0.0,0.0,1.0,0.0,0.0,0.0,1.0,0.0,0.0,0.0,0.0,0.0,0.0,0.0,1.0,0.0,0.0,0.0,1.0,0.0,0.0,0.0,1.0,0.0,0.0,0.0,1.0,0.0,0.0,0.0,1.0,0.0,0.0,0.0,0.0,14.3,16.7,0.0,0.0,0.0,0.0,0.0,0.0,0.0,0.0,0.0,0.0,0.0,0.0,4,1,4,25769803776,7355957248,71.5,8515715072,1792376832,5582307328,5527781376,2933407744,1073741824,121634816,952107008,11.3,252875554816,4945920000,494384795648,17738448896,24308928512,42.2,0.0,0.0,0.0,0.0,0.0,0.0,2029.2580588616886,0.0,3.9633946462142355,1.9816973231071178,0.0,0.0,0.0,0.0,0,rest
1768232690.265453,2026-01-12 16:44:50,0.0,0.0,0.0,0.0,0.0,0.0,0.0,1.0,0.0,0.0,0.0,0.0,0.0,0.0,0.0,0.0,0.0,0.0,0.0,1.0,0.0,0.0,0.0,0.0,0.0,0.0,0.0,1.0,0.0,0.0,0.0,1.0,0.0,0.0,0.0,1.0,0.0,0.0,0.0,1.0,0.0,0.0,0.0,1.0,0.0,0.0,0.0,1.0,0.0,0.0,0.0,1.0,0.0,0.0,0.0,0.0,20.0,0.0,0.0,0.0,0.0,0.0,0.0,0.0,0.0,0.0,0.0,0.0,0.0,0.0,4,1,4,25769803776,7352221696,71.5,8525856768,1786757120,5591891968,5529468928,2933964800,1073741824,121634816,952107008,11.3,252875554816,4945920000,494384795648,17738448896,24308928512,42.2,1.9926826243922973,0.0,32648.1121180434,0.0,1.9926826243922973,0.0,4081.014014755425,4081.014014755425,35.86828723906135,31.882921990276756,0.0,0.0,0.0,0.0,0,rest
1768232690.769614,2026-01-12 16:44:50,0.0,0.0,0.0,1.0,0.0,0.0,0.0,1.0,0.0,0.0,0.0,0.0,0.0,0.0,0.0,1.0,0.0,0.0,0.0,0.0,0.0,0.0,0.0,1.0,0.0,0.0,0.0,0.0,0.0,0.0,0.0,1.0,0.0,0.0,0.0,0.0,0.0,0.0,0.0,0.0,0.0,0.0,0.0,0.0,0.0,0.0,0.0,0.0,0.0,0.0,0.0,0.0,0.0,0.0,1.0,0.0,0.0,16.7,0.0,0.0,0.0,0.0,0.0,0.0,0.0,0.0,16.7,0.0,16.7,60.0,4,1,4,25769803776,7398490112,71.3,8475197440,1812578304,5604491264,5549899776,2870706176,1073741824,121634816,952107008,11.3,252875718656,4945920000,494384795648,17738448896,24308928512,42.2,0.0,0.0,0.0,0.0,0.0,0.0,2031.0976882669286,2031.0976882669286,3.966987672396345,3.966987672396345,0.0,0.0,0.0,0.0,0,rest
1768232691.274359,2026-01-12 16:44:51,0.0,0.0,0.0,1.0,0.0,0.0,0.0,0.0,0.0,0.0,0.0,1.0,0.0,0.0,0.0,0.0,0.0,0.0,0.0,1.0,0.0,0.0,0.0,1.0,0.0,0.0,0.0,1.0,0.0,0.0,0.0,0.0,0.0,0.0,0.0,1.0,0.0,0.0,0.0,0.0,0.0,0.0,0.0,1.0,0.0,0.0,0.0,0.0,0.0,0.0,0.0,0.0,0.0,0.0,0.0,1.0,0.0,16.7,0.0,0.0,0.0,0.0,0.0,0.0,0.0,0.0,0.0,0.0,0.0,0.0,4,1,4,25769803776,7399636992,71.3,8475099136,1813921792,5604392960,5549703168,2870706176,1073741824,121634816,952107008,11.3,252875718656,4945920000,494384795648,17738448896,24308928512,42.2,0.0,0.0,0.0,0.0,0.0,0.0,4057.494325605299,4057.494325605299,31.699174418791397,31.699174418791397,0.0,0.0,0.0,0.0,0,rest
1768232691.7763462,2026-01-12 16:44:51,0.0,0.0,0.0,0.0,0.0,0.0,0.0,0.0,0.0,0.0,0.0,1.0,0.0,0.0,0.0,0.0,0.0,0.0,0.0,1.0,0.0,0.0,0.0,0.0,0.0,0.0,0.0,0.0,0.0,0.0,0.0,1.0,0.0,0.0,0.0,1.0,0.0,0.0,0.0,1.0,0.0,0.0,0.0,1.0,0.0,0.0,0.0,0.0,0.0,0.0,0.0,1.0,0.0,0.0,0.0,1.0,16.7,0.0,0.0,0.0,0.0,0.0,0.0,0.0,0.0,0.0,0.0,0.0,0.0,0.0,4,1,4,25769803776,7397097472,71.3,8476033024,1811234816,5605326848,5549850624,2870706176,1073741824,121634816,952107008,11.3,252875718656,4945920000,494384795648,17738448896,24308928512,42.2,0.0,0.0,0.0,0.0,0.0,0.0,0.0,0.0,0.0,0.0,0.0,0.0,0.0,0.0,0,rest
1768232692.276648,2026-01-12 16:44:52,0.0,0.0,0.0,0.0,0.0,0.0,0.0,0.0,0.0,0.0,0.0,1.0,0.0,0.0,0.0,1.0,0.0,0.0,0.0,1.0,0.0,0.0,0.0,0.0,0.0,0.0,0.0,0.0,0.0,0.0,0.0,1.0,0.0,0.0,0.0,1.0,0.0,0.0,0.0,1.0,0.0,0.0,0.0,1.0,0.0,0.0,0.0,0.0,0.0,0.0,0.0,1.0,0.0,0.0,0.0,1.0,0.0,16.7,0.0,0.0,0.0,0.0,0.0,0.0,0.0,0.0,0.0,0.0,0.0,0.0,4,1,4,25769803776,7399440384,71.3,8476344320,1813676032,5605638144,5549752320,2870706176,1073741824,121634816,952107008,11.3,252875718656,4945920000,494384795648,17738448896,24308928512,42.2,0.0,0.0,0.0,0.0,0.0,0.0,4093.5288355322914,4093.5288355322914,37.97707415777028,33.97948740432078,0.0,0.0,0.0,0.0,0,rest
1768232692.781363,2026-01-12 16:44:52,0.0,0.0,0.0,0.0,0.0,0.0,0.0,1.0,0.0,0.0,0.0,0.0,0.0,0.0,0.0,1.0,0.0,0.0,0.0,1.0,0.0,0.0,0.0,1.0,0.0,0.0,0.0,1.0,0.0,0.0,0.0,0.0,0.0,0.0,0.0,0.0,0.0,0.0,0.0,1.0,0.0,0.0,0.0,0.0,0.0,0.0,0.0,1.0,0.0,0.0,0.0,0.0,0.0,0.0,0.0,1.0,16.7,0.0,0.0,0.0,0.0,0.0,0.0,0.0,0.0,0.0,0.0,0.0,0.0,0.0,4,1,4,25769803776,7414710272,71.2,8467038208,1836515328,5596332032,5542150144,2870706176,1073741824,121634816,952107008,11.3,252875718656,4945920000,494384795648,17738448896,24308928512,42.2,3.9626326450403604,0.0,64923.773256341265,0.0,1.9813163225201802,0.0,0.0,0.0,0.0,0.0,0.0,0.0,0.0,0.0,0,rest
1768232693.286039,2026-01-12 16:44:53,0.0,0.0,1.0,0.0,0.0,0.0,1.0,1.0,0.0,0.0,0.0,0.0,0.0,0.0,0.0,0.0,0.0,0.0,0.0,1.0,0.0,0.0,0.0,0.0,0.0,0.0,0.0,0.0,0.0,0.0,0.0,1.0,0.0,0.0,0.0,1.0,0.0,0.0,0.0,0.0,0.0,0.0,0.0,1.0,0.0,0.0,0.0,0.0,0.0,0.0,0.0,1.0,0.0,0.0,0.0,0.0,0.0,0.0,0.0,0.0,0.0,0.0,0.0,0.0,0.0,16.7,0.0,0.0,20.0,16.7,4,1,4,25769803776,7318028288,71.6,8563802112,1751449600,5408374784,5530533888,3155427328,1073741824,121634816,952107008,11.3,252875718656,4945920000,494384795648,17738448896,24308928512,42.2,0.0,0.0,0.0,0.0,0.0,0.0,4058.048291614799,4058.048291614799,41.61084674019081,35.666440063020694,0.0,0.0,0.0,0.0,0,[Network_Spam]NetSim(d5000.0)
1768232693.789119,2026-01-12 16:44:53,1.0,0.0,1.0,0.0,0.0,0.0,1.0,1.0,0.0,0.0,0.0,0.0,0.0,0.0,0.0,0.0,0.0,0.0,0.0,0.0,0.0,0.0,0.0,1.0,0.0,0.0,0.0,0.0,0.0,0.0,0.0,1.0,0.0,0.0,0.0,0.0,0.0,0.0,0.0,1.0,0.0,0.0,0.0,0.0,0.0,0.0,0.0,1.0,0.0,0.0,0.0,1.0,0.0,0.0,0.0,0.0,40.0,40.0,66.7,16.7,0.0,0.0,0.0,0.0,0.0,0.0,0.0,0.0,0.0,0.0,4,1,4,25769803776,7309033472,71.6,8565293056,1742602240,5418024960,5530337280,3147268096,1073741824,121634816,952107008,11.3,252875718656,4945920000,494384795648,17738448896,24308928512,42.2,3.975511712881563,0.0,65134.78390385153,0.0,0.0,0.0,22390.081966948965,36638.31594591649,121.25310724288768,103.36330453492064,0.0,0.0,0.0,0.0,0,[Network_Spam]NetSim(d5000.0)
1768232694.289311,2026-01-12 16:44:54,0.0,0.0,0.0,1.0,0.0,0.0,0.0,0.0,0.0,0.0,0.0,0.0,0.0,0.0,0.0,0.0,0.0,0.0,0.0,0.0,0.0,0.0,0.0,1.0,0.0,0.0,0.0,0.0,0.0,0.0,0.0,1.0,0.0,0.0,0.0,0.0,0.0,0.0,0.0,1.0,0.0,0.0,0.0,1.0,0.0,0.0,0.0,1.0,0.0,0.0,0.0,1.0,0.0,0.0,0.0,1.0,20.0,16.7,14.3,0.0,0.0,0.0,0.0,0.0,0.0,0.0,0.0,0.0,0.0,0.0,4,1,4,25769803776,7309066240,71.6,8565293056,1742635008,5418024960,5530337280,3147268096,1073741824,121634816,952107008,11.3,252875718656,4945920000,494384795648,17738448896,24308928512,42.2,0.0,0.0,0.0,0.0,0.0,0.0,16377.713350654947,94171.85176626594,145.9439788327406,147.9432114194905,0.0,0.0,0.0,0.0,0,[Network_Spam]NetSim(d5000.0)
1768232694.790726,2026-01-12 16:44:54,0.0,0.0,0.0,0.0,0.0,0.0,0.0,1.0,0.0,0.0,0.0,1.0,0.0,0.0,0.0,1.0,0.0,0.0,0.0,1.0,0.0,0.0,0.0,1.0,0.0,0.0,0.0,1.0,0.0,0.0,0.0,0.0,0.0,0.0,0.0,0.0,0.0,0.0,0.0,0.0,0.0,0.0,0.0,0.0,0.0,0.0,0.0,1.0,0.0,0.0,0.0,1.0,0.0,0.0,0.0,1.0,33.3,20.0,0.0,0.0,0.0,0.0,0.0,0.0,0.0,0.0,0.0,0.0,0.0,0.0,4,1,4,25769803776,7366754304,71.4,8512651264,1806417920,5579882496,5524160512,2932768768,1073741824,121634816,952107008,11.3,252875718656,4945920000,494384795648,17738448896,24308928512,42.2,1.9943559158513176,0.0,32675.527325307987,0.0,1.9943559158513176,0.0,8168.881831326997,6126.661373495248,47.864541980431625,35.89840648532372,0.0,0.0,0.0,0.0,0,[Network_Spam]NetSim(d5000.0)
1768232695.293344,2026-01-12 16:44:55,0.0,0.0,0.0,1.0,0.0,0.0,0.0,1.0,0.0,0.0,0.0,1.0,0.0,0.0,0.0,1.0,0.0,0.0,0.0,1.0,0.0,0.0,0.0,1.0,0.0,0.0,0.0,1.0,0.0,0.0,0.0,1.0,0.0,0.0,0.0,1.0,0.0,0.0,0.0,0.0,0.0,0.0,0.0,1.0,0.0,0.0,0.0,1.0,0.0,0.0,0.0,1.0,0.0,0.0,0.0,1.0,33.3,33.3,0.0,0.0,0.0,0.0,0.0,0.0,0.0,0.0,0.0,0.0,0.0,0.0,4,1,4,25769803776,7368835072,71.4,8513126400,1808482304,5580390400,5524144128,2932736000,1073741824,121634816,952107008,11.3,252875718656,4945920000,494384795648,17738448896,24308928512,42.2,0.0,0.0,0.0,0.0,0.0,0.0,24447.98670292624,224106.54477682387,145.23950433867313,228.80195888969055,0.0,0.0,0.0,0.0,0,[Network_Spam]NetSim(d5000.0)
1768232695.798356,2026-01-12 16:44:55,0.0,0.0,0.0,1.0,0.0,0.0,0.0,1.0,0.0,0.0,0.0,1.0,0.0,0.0,0.0,1.0,0.0,0.0,0.0,0.0,0.0,0.0,0.0,0.0,0.0,0.0,0.0,0.0,0.0,0.0,0.0,1.0,0.0,0.0,0.0,1.0,0.0,0.0,0.0,1.0,0.0,0.0,0.0,1.0,0.0,0.0,0.0,0.0,0.0,0.0,0.0,0.0,0.0,0.0,0.0,1.0,0.0,0.0,0.0,0.0,0.0,0.0,0.0,0.0,0.0,0.0,0.0,0.0,0.0,0.0,4,1,4,25769803776,7410417664,71.2,8469413888,1831452672,5599379456,5542756352,2870034432,1073741824,121634816,952107008,11.3,252875882496,4945920000,494384795648,17738448896,24308928512,42.2,0.0,0.0,0.0,0.0,0.0,0.0,6083.023343691311,30415.116718456557,71.28542980888255,65.34497732480901,0.0,0.0,0.0,0.0,0,[Network_Spam]NetSim(d5000.0)
1768232696.2984161,2026-01-12 16:44:56,0.0,0.0,0.0,0.0,0.0,0.0,0.0,1.0,0.0,0.0,0.0,0.0,0.0,0.0,0.0,1.0,0.0,0.0,0.0,0.0,0.0,0.0,0.0,0.0,0.0,0.0,0.0,0.0,0.0,0.0,0.0,1.0,0.0,0.0,0.0,1.0,0.0,0.0,0.0,1.0,0.0,0.0,0.0,0.0,0.0,0.0,0.0,1.0,0.0,0.0,0.0,0.0,0.0,0.0,0.0,1.0,16.7,0.0,0.0,0.0,0.0,0.0,0.0,0.0,0.0,0.0,0.0,0.0,0.0,0.0,4,1,4,25769803776,7415726080,71.2,8469970944,1836531712,5600231424,5542952960,2869739520,1073741824,121634816,952107008,11.3,252875882496,4945920000,494384795648,17738448896,24308928512,42.2,1.9997597029470717,0.0,8191.015743271206,0.0,1.9997597029470717,0.0,24573.047229813616,77814.64956107645,145.98245831513623,159.98077623576575,0.0,0.0,0.0,0.0,0,[Network_Spam]NetSim(d5000.0)
1768232696.802621,2026-01-12 16:44:56,0.0,0.0,1.0,1.0,0.0,0.0,0.0,0.0,0.0,0.0,0.0,1.0,0.0,0.0,0.0,1.0,0.0,0.0,0.0,1.0,0.0,0.0,0.0,1.0,0.0,0.0,0.0,1.0,0.0,0.0,0.0,0.0,0.0,0.0,0.0,0.0,0.0,0.0,0.0,0.0,1.0,0.0,0.0,0.0,0.0,0.0,0.0,1.0,0.0,0.0,0.0,1.0,0.0,0.0,0.0,0.0,0.0,0.0,0.0,0.0,0.0,0.0,0.0,0.0,0.0,0.0,0.0,0.0,0.0,0.0,4,1,4,25769803776,7411679232,71.2,8469544960,1831600128,5599756288,5543821312,2869788672,1073741824,121634816,952107008,11.3,252875882496,4945920000,494384795648,17738448896,24308928512,42.2,3.9666425192501564,0.0,16247.36775884864,0.0,3.9666425192501564,0.0,18278.28872870472,138102.62595021346,146.7657732122558,162.63234328925643,0.0,0.0,0.0,0.0,0,[Network_Spam]NetSim(d5000.0)
1768232697.307601,2026-01-12 16:44:57,0.0,0.0,0.0,1.0,0.0,0.0,0.0,1.0,0.0,0.0,0.0,0.0,0.0,0.0,0.0,1.0,0.0,0.0,0.0,0.0,0.0,0.0,0.0,0.0,0.0,0.0,0.0,0.0,0.0,0.0,0.0,1.0,0.0,0.0,0.0,1.0,0.0,0.0,0.0,0.0,0.0,0.0,0.0,0.0,0.0,0.0,0.0,1.0,0.0,0.0,0.0,0.0,0.0,0.0,0.0,0.0,16.7,0.0,0.0,0.0,0.0,0.0,0.0,0.0,0.0,0.0,0.0,0.0,0.0,0.0,4,1,4,25769803776,7414382592,71.2,8470003712,1834221568,5600215040,5543772160,2869788672,1073741824,121634816,952107008,11.3,252875882496,4945920000,494384795648,17738448896,24308928512,42.2,0.0,0.0,0.0,0.0,0.0,0.0,16222.421846612906,12166.81638495968,63.368835338331664,49.50690260807161,0.0,0.0,0.0,0.0,0,[Network_Spam]NetSim(d5000.0)
1768232697.8091478,2026-01-12 16:44:57,0.0,0.0,0.0,1.0,0.0,0.0,0.0,1.0,0.0,0.0,0.0,1.0,0.0,0.0,0.0,1.0,0.0,0.0,0.0,0.0,0.0,0.0,0.0,0.0,0.0,0.0,0.0,0.0,0.0,0.0,0.0,1.0,0.0,0.0,0.0,1.0,0.0,0.0,0.0,1.0,0.0,0.0,0.0,1.0,0.0,0.0,0.0,1.0,0.0,0.0,0.0,0.0,0.0,0.0,0.0,0.0,0.0,0.0,0.0,0.0,0.0,0.0,0.0,0.0,0.0,0.0,0.0,0.0,0.0,20.0,4,1,4,25769803776,7413039104,71.2,8470937600,1832894464,5601148928,5543755776,2869788672,1073741824,121634816,952107008,11.3,252875882496,4945920000,494384795648,17738448896,24308928512,42.2,0.0,0.0,0.0,0.0,0.0,0.0,20416.836036584205,214376.77838413417,165.48802646840713,259.1981137456979,0.0,0.0,0.0,0.0,0,[Network_Spam]NetSim(d5000.0)
1768232698.313774,2026-01-12 16:44:58,0.0,0.0,0.0,0.0,0.0,0.0,0.0,1.0,0.0,0.0,0.0,1.0,0.0,0.0,0.0,1.0,0.0,0.0,0.0,1.0,0.0,0.0,0.0,1.0,0.0,0.0,0.0,1.0,0.0,0.0,0.0,0.0,0.0,0.0,0.0,1.0,0.0,0.0,0.0,0.0,0.0,0.0,0.0,0.0,0.0,0.0,0.0,0.0,0.0,0.0,0.0,1.0,0.0,0.0,0.0,0.0,33.3,33.3,20.0,0.0,0.0,0.0,0.0,0.0,16.7,0.0,16.7,0.0,0.0,16.7,4,1,4,25769803776,7306690560,71.6,8579317760,1742274560,5424791552,5528027136,3154526208,1073741824,121634816,952107008,11.3,252875882496,4945920000,494384795648,17738448896,24308928512,42.2,0.0,0.0,0.0,0.0,0.0,0.0,16233.796019571417,162337.96019571417,142.6798478282644,206.09311352971525,0.0,0.0,0.0,0.0,0,rest
1768232698.818136,2026-01-12 16:44:58,0.0,0.0,0.0,1.0,0.0,0.0,0.0,1.0,0.0,0.0,0.0,1.0,0.0,0.0,0.0,0.0,0.0,0.0,0.0,0.0,0.0,0.0,0.0,0.0,0.0,0.0,0.0,0.0,0.0,0.0,0.0,1.0,0.0,0.0,0.0,1.0,0.0,0.0,0.0,0.0,0.0,0.0,0.0,0.0,0.0,0.0,0.0,1.0,0.0,0.0,0.0,1.0,0.0,0.0,0.0,1.0,0.0,33.3,0.0,0.0,0.0,0.0,0.0,0.0,0.0,0.0,0.0,0.0,0.0,0.0,4,1,4,25769803776,7305052160,71.7,8579629056,1740455936,5433098240,5528027136,3146530816,1073741824,121634816,952107008,11.3,252876079104,4945920000,494384795648,17738448896,24308928512,42.2,5.948110257548405,0.0,389815.35383869224,0.0,1.9827034191828015,0.0,16242.30640994551,330936.9931026398,118.96220515096809,273.6130718472266,0.0,0.0,0.0,0.0,0,rest
1768232699.320043,2026-01-12 16:44:59,0.0,0.0,0.0,0.0,0.0,0.0,0.0,0.0,0.0,0.0,0.0,0.0,0.0,0.0,0.0,0.0,0.0,0.0,0.0,0.0,0.0,0.0,0.0,1.0,0.0,0.0,0.0,1.0,0.0,0.0,0.0,1.0,0.0,0.0,0.0,0.0,0.0,0.0,0.0,1.0,0.0,0.0,0.0,0.0,0.0,0.0,0.0,1.0,0.0,0.0,0.0,1.0,0.0,0.0,0.0,1.0,16.7,16.7,0.0,0.0,0.0,0.0,0.0,0.0,0.0,0.0,0.0,0.0,0.0,0.0,4,1,4,25769803776,7283032064,71.7,8600780800,1739407360,5416845312,5507055616,3183935488,1073741824,121634816,952107008,11.3,252876079104,4945920000,494384795648,17738448896,24308928512,42.2,0.0,0.0,0.0,0.0,0.0,0.0,16321.745265779035,391721.8863786968,125.52123434375966,340.7004932187762,0.0,0.0,0.0,0.0,0,rest
1768232699.8239942,2026-01-12 16:44:59,0.0,0.0,0.0,1.0,0.0,0.0,0.0,0.0,0.0,0.0,0.0,1.0,0.0,0.0,0.0,1.0,0.0,0.0,0.0,1.0,0.0,0.0,0.0,1.0,0.0,0.0,0.0,1.0,0.0,0.0,0.0,0.0,0.0,0.0,0.0,1.0,0.0,0.0,0.0,1.0,0.0,0.0,0.0,0.0,0.0,0.0,0.0,0.0,0.0,0.0,0.0,0.0,0.0,0.0,0.0,1.0,16.7,0.0,0.0,0.0,0.0,0.0,0.0,0.0,0.0,0.0,0.0,0.0,0.0,0.0,4,1,4,25769803776,7360987136,71.4,8519712768,1795735552,5587042304,5528682496,2932670464,1073741824,121634816,952107008,11.3,252876079104,4945920000,494384795648,17738448896,24308928512,42.2,0.0,1.9843196178876712,0.0,32511.092619471605,0.0,1.9843196178876712,6095.829866150926,184906.83927324475,77.38846509761918,198.43196178876713,0.0,0.0,0.0,0.0,0,rest
1768232700.329037,2026-01-12 16:45:00,0.0,0.0,0.0,0.0,0.0,0.0,0.0,0.0,0.0,0.0,0.0,1.0,0.0,0.0,0.0,0.0,0.0,0.0,0.0,0.0,0.0,0.0,0.0,1.0,0.0,0.0,0.0,0.0,0.0,0.0,0.0,1.0,0.0,0.0,0.0,1.0,0.0,0.0,0.0,0.0,0.0,0.0,0.0,1.0,0.0,0.0,0.0,1.0,0.0,0.0,0.0,1.0,0.0,0.0,0.0,0.0,16.7,33.3,16.7,16.7,0.0,0.0,0.0,0.0,0.0,0.0,0.0,0.0,0.0,0.0,4,1,4,25769803776,7363067904,71.4,8523825152,1794588672,5591154688,5531910144,2932670464,1073741824,121634816,952107008,11.3,252876079104,4945920000,494384795648,17738448896,24308928512,42.2,0.0,0.0,0.0,0.0,0.0,0.0,4055.1019339537356,4055.1019339537356,45.54069554733199,37.620574582578605,0.0,0.0,0.0,0.0,0,rest
1768232700.832601,2026-01-12 16:45:00,1.0,0.0,0.0,0.0,1.0,0.0,0.0,0.0,1.0,0.0,0.0,0.0,1.0,0.0,0.0,0.0,0.0,0.0,0.0,1.0,0.0,0.0,0.0,1.0,0.0,0.0,0.0,1.0,0.0,0.0,0.0,0.0,0.0,0.0,0.0,0.0,0.0,0.0,0.0,0.0,0.0,0.0,0.0,1.0,0.0,0.0,0.0,1.0,0.0,0.0,0.0,0.0,0.0,0.0,0.0,1.0,100.0,100.0,100.0,100.0,0.0,0.0,0.0,0.0,0.0,0.0,20.0,0.0,0.0,0.0,4,1,4,25769803776,7385841664,71.3,8499429376,1774485504,5628968960,5561860096,2870460416,1073741824,121634816,952107008,11.3,252880191488,4945920000,494384795648,17738448896,24308871168,42.2,1523.1426754686447,1.9858444269473856,25459478.75879042,113876.26281887088,125.10819889768528,0.0,10167.523465970615,2033.5046931941229,11.915066561684313,13.900910988631699,0.0,0.0,0.0,0.0,0,rest
1768232701.335547,2026-01-12 16:45:01,0.0,0.0,0.0,0.0,0.0,0.0,0.0,0.0,0.0,0.0,0.0,0.0,1.0,0.0,0.0,0.0,0.0,0.0,0.0,1.0,0.0,0.0,0.0,0.0,0.0,0.0,0.0,1.0,0.0,0.0,0.0,1.0,0.0,0.0,0.0,1.0,0.0,0.0,0.0,1.0,0.0,0.0,0.0,1.0,0.0,0.0,0.0,1.0,0.0,0.0,0.0,1.0,0.0,0.0,0.0,1.0,16.7,28.6,0.0,0.0,0.0,0.0,0.0,0.0,0.0,0.0,0.0,0.0,0.0,0.0,4,1,4,25769803776,7402536960,71.3,8483405824,1783988224,5613469696,5568987136,2869936128,1073741824,121634816,952107008,11.3,252880273408,4945920000,494384795648,17738448896,24308887552,42.2,2797.5175860911645,0.0,11613368.35716385,0.0,256.4888191938594,0.0,4072.0085403800317,4072.0085403800317,31.812566721718998,31.812566721718998,0.0,0.0,0.0,0.0,0,rest
1768232701.840225,2026-01-12 16:45:01,0.0,0.0,0.0,1.0,0.0,0.0,0.0,1.0,0.0,0.0,0.0,1.0,0.0,0.0,0.0,0.0,0.0,0.0,0.0,0.0,0.0,0.0,0.0,1.0,0.0,0.0,0.0,0.0,0.0,0.0,0.0,1.0,0.0,0.0,0.0,0.0,0.0,0.0,0.0,1.0,0.0,0.0,0.0,1.0,0.0,0.0,0.0,0.0,0.0,0.0,0.0,1.0,0.0,0.0,0.0,1.0,20.0,33.3,0.0,0.0,0.0,0.0,0.0,0.0,0.0,0.0,0.0,0.0,0.0,0.0,4,1,4,25769803776,7405879296,71.3,8482078720,1785397248,5612142592,5571051520,2869936128,1073741824,121634816,952107008,11.3,252880273408,4945920000,494384795648,17738448896,24308944896,42.2,0.0,0.0,0.0,0.0,0.0,0.0,0.0,0.0,0.0,0.0,0.0,0.0,0.0,0.0,0,rest
1768232702.343421,2026-01-12 16:45:02,0.0,0.0,0.0,0.0,0.0,0.0,0.0,1.0,0.0,0.0,0.0,0.0,0.0,0.0,0.0,0.0,0.0,0.0,0.0,1.0,0.0,0.0,0.0,1.0,0.0,0.0,0.0,1.0,0.0,0.0,0.0,0.0,0.0,0.0,0.0,1.0,0.0,0.0,0.0,0.0,0.0,0.0,0.0,0.0,0.0,0.0,0.0,1.0,0.0,0.0,0.0,0.0,0.0,0.0,0.0,0.0,16.7,0.0,16.7,0.0,0.0,0.0,0.0,0.0,0.0,0.0,0.0,0.0,0.0,0.0,4,1,4,25769803776,7403962368,71.3,8482111488,1783562240,5612175360,5570969600,2869936128,1073741824,121634816,952107008,11.3,252880273408,4945920000,494384795648,17738448896,24308944896,42.2,0.0,0.0,0.0,0.0,0.0,0.0,4069.984649549858,4069.984649549858,41.73324103542335,35.7713494589343,0.0,0.0,0.0,0.0,0,rest
1768232702.8465228,2026-01-12 16:45:02,1.0,0.0,0.0,0.0,0.0,0.0,0.0,1.0,0.0,0.0,0.0,0.0,0.0,0.0,1.0,0.0,0.0,0.0,0.0,1.0,0.0,0.0,0.0,0.0,0.0,0.0,0.0,0.0,0.0,0.0,0.0,1.0,0.0,0.0,0.0,1.0,0.0,0.0,0.0,1.0,0.0,0.0,0.0,1.0,0.0,0.0,0.0,1.0,0.0,0.0,0.0,1.0,0.0,0.0,0.0,1.0,50.0,50.0,0.0,0.0,0.0,0.0,0.0,0.0,0.0,0.0,0.0,0.0,0.0,0.0,4,1,4,25769803776,7410253824,71.2,8487075840,1789706240,5617188864,5570871296,2869886976,1073741824,121634816,952107008,11.3,252880338944,4945920000,494384795648,17738448896,24308957184,42.2,81.49443692000898,379.6448158956516,1131667.5291167218,2483155.3696446056,17.889022738538557,9.938345965854754,0.0,0.0,1.987669193170951,3.975338386341902,0.0,0.0,0.0,0.0,0,rest
1768232703.351569,2026-01-12 16:45:03,0.0,0.0,0.0,1.0,0.0,0.0,0.0,0.0,0.0,0.0,0.0,1.0,0.0,0.0,0.0,1.0,0.0,0.0,0.0,1.0,0.0,0.0,0.0,1.0,0.0,0.0,0.0,1.0,0.0,0.0,0.0,0.0,0.0,0.0,0.0,0.0,0.0,0.0,0.0,1.0,0.0,0.0,0.0,1.0,0.0,0.0,0.0,0.0,0.0,0.0,0.0,1.0,0.0,0.0,0.0,1.0,16.7,0.0,0.0,0.0,0.0,0.0,0.0,0.0,0.0,0.0,0.0,0.0,0.0,0.0,4,1,4,25769803776,7408369664,71.3,8489058304,1787723776,5619171328,5570854912,2869886976,1073741824,121634816,952107008,11.3,252880338944,4945920000,494384795648,17738448896,24308957184,42.2,11.880102930770041,0.0,194643.60641773636,0.0,1.98001715512834,0.0,4055.0751337028405,4055.0751337028405,35.64030879231012,35.64030879231012,0.0,0.0,0.0,0.0,0,rest
1768232703.853363,2026-01-12 16:45:03,0.0,0.0,0.0,1.0,0.0,0.0,0.0,1.0,0.0,0.0,0.0,1.0,0.0,0.0,0.0,1.0,0.0,0.0,0.0,1.0,0.0,0.0,0.0,1.0,0.0,0.0,0.0,1.0,0.0,0.0,0.0,0.0,0.0,0.0,0.0,1.0,0.0,0.0,0.0,0.0,0.0,0.0,0.0,1.0,0.0,0.0,0.0,1.0,0.0,0.0,0.0,0.0,0.0,0.0,0.0,1.0,0.0,16.7,0.0,0.0,0.0,0.0,0.0,0.0,0.0,0.0,0.0,0.0,0.0,0.0,4,1,4,25769803776,7400898560,71.3,8496103424,1780252672,5625954304,5570740224,2870149120,1073741824,121634816,952107008,11.3,252880437248,4945920000,494384795648,17738448896,24308957184,42.2,0.0,0.0,0.0,0.0,0.0,0.0,2040.6776412722713,0.0,1.9928492590549525,0.0,0.0,0.0,0.0,0.0,0,rest
1768232704.354825,2026-01-12 16:45:04,0.0,0.0,1.0,1.0,0.0,0.0,0.0,1.0,0.0,0.0,0.0,0.0,0.0,0.0,1.0,0.0,0.0,0.0,0.0,1.0,0.0,0.0,0.0,1.0,0.0,0.0,0.0,1.0,0.0,0.0,0.0,1.0,0.0,0.0,0.0,1.0,0.0,0.0,0.0,0.0,0.0,0.0,0.0,1.0,0.0,0.0,0.0,1.0,0.0,0.0,0.0,0.0,0.0,0.0,0.0,1.0,80.0,80.0,66.7,50.0,75.0,80.0,60.0,80.0,80.0,83.3,100.0,100.0,100.0,100.0,4,1,4,25769803776,7141752832,72.3,8748957696,1539555328,5589614592,5550374912,3159343104,1073741824,121634816,952107008,11.3,252889399296,4945920000,494384795648,17738448896,24308957184,42.2,0.0,0.0,0.0,0.0,0.0,0.0,4084.0583544590268,4084.0583544590268,39.883382367763936,37.889213249375736,0.0,0.0,0.0,0.0,0,[CPU_AllCores]CPUSim(d5000.0-t104)
1768232704.859848,2026-01-12 16:45:04,0.0,0.0,0.0,0.0,0.0,0.0,1.0,1.0,0.0,0.0,1.0,0.0,0.0,0.0,1.0,0.0,0.0,0.0,1.0,0.0,0.0,0.0,1.0,0.0,0.0,0.0,0.0,0.0,0.0,0.0,0.0,0.0,0.0,0.0,1.0,0.0,0.0,0.0,1.0,0.0,0.0,0.0,0.0,0.0,0.0,0.0,0.0,0.0,0.0,0.0,1.0,0.0,0.0,0.0,0.0,0.0,85.7,100.0,100.0,100.0,100.0,100.0,100.0,100.0,100.0,100.0,100.0,100.0,100.0,100.0,4,1,4,25769803776,6941491200,73.1,8962719744,1240350720,5809373184,5649072128,3153346560,1073741824,121634816,952107008,11.3,252889612288,4945920000,494384795648,17738448896,24308957184,42.2,0.0,0.0,0.0,0.0,0.0,0.0,0.0,0.0,0.0,0.0,0.0,0.0,0.0,0.0,0,[CPU_AllCores]CPUSim(d5000.0-t104)
1768232705.360192,2026-01-12 16:45:05,0.0,0.0,0.0,0.0,0.0,0.0,1.0,0.0,0.0,0.0,1.0,0.0,0.0,0.0,1.0,0.0,0.0,0.0,0.0,0.0,0.0,0.0,0.0,0.0,0.0,0.0,0.0,0.0,0.0,0.0,1.0,0.0,0.0,0.0,0.0,0.0,0.0,0.0,1.0,0.0,0.0,0.0,0.0,0.0,0.0,0.0,0.0,0.0,0.0,0.0,1.0,0.0,0.0,0.0,0.0,0.0,100.0,100.0,100.0,100.0,100.0,100.0,100.0,100.0,100.0,100.0,100.0,100.0,100.0,100.0,4,1,4,25769803776,6968016896,73.0,8937488384,1233207296,5746769920,5682741248,3190718464,1073741824,121634816,952107008,11.3,252889661440,4945920000,494384795648,17738448896,24308957184,42.2,3.9972495884151065,0.0,98236.40588488965,0.0,3.9972495884151065,0.0,6139.775367805603,6139.775367805603,39.972495884151066,39.972495884151066,0.0,0.0,0.0,0.0,0,[CPU_AllCores]CPUSim(d5000.0-t104)
1768232705.864819,2026-01-12 16:45:05,0.0,0.0,1.0,0.0,0.0,0.0,1.0,0.0,0.0,0.0,1.0,0.0,0.0,0.0,0.0,0.0,0.0,0.0,1.0,0.0,0.0,0.0,1.0,0.0,0.0,0.0,1.0,0.0,0.0,0.0,1.0,0.0,0.0,0.0,1.0,0.0,0.0,0.0,1.0,0.0,0.0,0.0,1.0,0.0,0.0,0.0,1.0,0.0,0.0,0.0,1.0,0.0,0.0,0.0,1.0,0.0,85.7,100.0,100.0,100.0,100.0,100.0,100.0,100.0,100.0,100.0,100.0,100.0,100.0,100.0,4,1,4,25769803776,7118585856,72.4,8789213184,1294385152,5849726976,5772132352,2939486208,1073741824,121634816,952107008,11.3,252889825280,4945920000,494384795648,17738448896,24308957184,42.2,0.0,0.0,0.0,0.0,0.0,0.0,0.0,0.0,0.0,0.0,0.0,0.0,0.0,0.0,0,[CPU_AllCores]CPUSim(d5000.0-t104)
1768232706.3693519,2026-01-12 16:45:06,0.0,0.0,1.0,0.0,0.0,0.0,0.0,0.0,0.0,0.0,1.0,0.0,0.0,0.0,1.0,0.0,0.0,0.0,0.0,0.0,0.0,0.0,0.0,0.0,0.0,0.0,1.0,0.0,1.0,0.0,1.0,0.0,0.0,0.0,0.0,0.0,0.0,0.0,1.0,0.0,0.0,0.0,0.0,0.0,1.0,0.0,0.0,0.0,0.0,0.0,0.0,0.0,0.0,0.0,0.0,0.0,100.0,100.0,100.0,100.0,100.0,100.0,100.0,100.0,100.0,100.0,100.0,100.0,100.0,100.0,4,1,4,25769803776,7138787328,72.3,8765997056,1312587776,5847629824,5774131200,2918367232,1073741824,121634816,952107008,11.3,252889825280,4945920000,494384795648,17738448896,24308957184,42.2,0.0,0.0,0.0,0.0,0.0,0.0,4059.2007954014907,4059.2007954014907,35.676569490833415,31.712506214074146,0.0,0.0,0.0,0.0,0,[CPU_AllCores]CPUSim(d5000.0-t104)
1768232706.87417,2026-01-12 16:45:06,0.0,0.0,0.0,0.0,0.0,0.0,0.0,0.0,0.0,0.0,0.0,0.0,0.0,0.0,1.0,0.0,0.0,0.0,0.0,0.0,0.0,0.0,0.0,0.0,0.0,0.0,0.0,0.0,0.0,0.0,0.0,0.0,1.0,0.0,0.0,0.0,0.0,0.0,0.0,0.0,0.0,0.0,0.0,0.0,0.0,0.0,0.0,0.0,0.0,0.0,1.0,0.0,0.0,0.0,0.0,0.0,100.0,100.0,100.0,80.0,100.0,100.0,100.0,100.0,100.0,100.0,100.0,100.0,100.0,100.0,4,1,4,25769803776,7140130816,72.3,8761262080,1313439744,5884477440,5774622720,2876784640,1073741824,121634816,952107008,11.3,252889825280,4945920000,494384795648,17738448896,24308957184,42.2,0.0,0.0,0.0,0.0,0.0,0.0,0.0,0.0,0.0,0.0,0.0,0.0,0.0,0.0,0,[CPU_AllCores]CPUSim(d5000.0-t104)
1768232707.375432,2026-01-12 16:45:07,1.0,0.0,0.0,0.0,1.0,0.0,0.0,0.0,0.0,0.0,1.0,0.0,0.0,0.0,1.0,0.0,0.0,0.0,1.0,0.0,0.0,0.0,0.0,0.0,0.0,0.0,1.0,0.0,0.0,0.0,1.0,0.0,0.0,0.0,0.0,0.0,0.0,0.0,0.0,0.0,0.0,0.0,0.0,0.0,0.0,0.0,0.0,0.0,0.0,0.0,0.0,0.0,0.0,0.0,0.0,0.0,100.0,100.0,100.0,100.0,100.0,100.0,100.0,100.0,100.0,100.0,100.0,100.0,100.0,100.0,4,1,4,25769803776,7157743616,72.2,8744370176,1312325632,5867585536,5793234944,2876784640,1073741824,121634816,952107008,11.3,252889890816,4945920000,494384795648,17738448896,24308899840,42.2,3.9899298198050364,1.9949649099025182,163427.5254192143,114399.26779345001,1.9949649099025182,0.0,4085.6881354803572,4085.6881354803572,31.91943855844029,31.91943855844029,0.0,0.0,0.0,0.0,0,[CPU_AllCores]CPUSim(d5000.0-t104)
1768232707.881464,2026-01-12 16:45:07,0.0,0.0,0.0,0.0,0.0,0.0,1.0,0.0,0.0,0.0,1.0,0.0,0.0,0.0,1.0,0.0,0.0,0.0,0.0,0.0,0.0,0.0,0.0,0.0,0.0,0.0,0.0,0.0,0.0,0.0,0.0,0.0,0.0,0.0,0.0,0.0,0.0,0.0,0.0,0.0,0.0,0.0,0.0,0.0,0.0,0.0,1.0,0.0,0.0,0.0,1.0,0.0,0.0,0.0,1.0,0.0,100.0,100.0,100.0,100.0,100.0,100.0,100.0,100.0,100.0,100.0,100.0,100.0,100.0,100.0,4,1,4,25769803776,7158661120,72.2,8747515904,1310654464,5870731264,5795790848,2876784640,1073741824,121634816,952107008,11.3,252889890816,4945920000,494384795648,17738448896,24308899840,42.2,0.0,0.0,0.0,0.0,0.0,0.0,0.0,0.0,5.9284789479338045,3.9523192986225366,0.0,0.0,0.0,0.0,0,[CPU_AllCores]CPUSim(d5000.0-t104)
1768232708.386518,2026-01-12 16:45:08,0.0,0.0,1.0,0.0,0.0,0.0,0.0,0.0,0.0,0.0,0.0,0.0,0.0,0.0,0.0,0.0,0.0,0.0,1.0,0.0,1.0,0.0,1.0,0.0,0.0,0.0,1.0,0.0,0.0,0.0,1.0,0.0,0.0,0.0,1.0,0.0,0.0,0.0,0.0,0.0,0.0,0.0,1.0,0.0,0.0,0.0,1.0,0.0,0.0,0.0,0.0,0.0,0.0,0.0,1.0,0.0,100.0,100.0,100.0,100.0,100.0,100.0,100.0,100.0,100.0,100.0,100.0,100.0,100.0,100.0,4,1,4,25769803776,7153025024,72.2,8758788096,1291337728,5882003456,5809438720,2876784640,1073741824,121634816,952107008,11.3,252889890816,4945920000,494384795648,17738448896,24308899840,42.2,0.0,0.0,0.0,0.0,0.0,0.0,44605.13159392924,79072.73328014728,110.87923336559115,116.81919229589067,0.0,0.0,0.0,0.0,0,[CPU_AllCores]CPUSim(d5000.0-t104)
1768232708.891538,2026-01-12 16:45:08,0.0,0.0,0.0,0.0,0.0,0.0,0.0,0.0,0.0,0.0,0.0,0.0,0.0,0.0,0.0,0.0,0.0,0.0,1.0,0.0,0.0,0.0,1.0,0.0,0.0,0.0,1.0,0.0,0.0,0.0,1.0,0.0,0.0,0.0,1.0,0.0,0.0,0.0,1.0,0.0,0.0,0.0,0.0,0.0,0.0,0.0,0.0,0.0,0.0,0.0,1.0,0.0,0.0,0.0,0.0,0.0,100.0,100.0,100.0,100.0,100.0,100.0,100.0,100.0,100.0,100.0,100.0,100.0,100.0,100.0,4,1,4,25769803776,7153893376,72.2,8755232768,1295663104,5878743040,5806047232,2876489728,1073741824,121634816,952107008,11.3,252889890816,4945920000,494384795648,17738448896,24308957184,42.2,0.0,0.0,0.0,0.0,0.0,0.0,2027.6428583231007,0.0,3.960239957662306,7.920479915324612,0.0,0.0,0.0,0.0,0,[CPU_AllCores]CPUSim(d5000.0-t104)
1768232709.39324,2026-01-12 16:45:09,0.0,0.0,1.0,0.0,0.0,0.0,0.0,0.0,0.0,0.0,1.0,0.0,0.0,0.0,0.0,0.0,1.0,0.0,1.0,0.0,0.0,0.0,1.0,0.0,0.0,0.0,0.0,0.0,0.0,0.0,1.0,0.0,0.0,0.0,1.0,0.0,0.0,0.0,0.0,0.0,0.0,0.0,1.0,0.0,0.0,0.0,0.0,0.0,0.0,0.0,0.0,0.0,0.0,0.0,0.0,0.0,100.0,100.0,100.0,100.0,100.0,100.0,100.0,100.0,100.0,100.0,100.0,100.0,100.0,100.0,4,1,4,25769803776,7026720768,72.7,8873558016,1190068224,5711806464,5783912448,3161751552,1073741824,121634816,952107008,11.3,252889890816,4945920000,494384795648,17738448896,24308826112,42.2,57.803229686388434,392.6633189040869,849077.62050781,2816651.72187687,7.97285926708806,7.97285926708806,4082.1039447490866,4082.1039447490866,29.898222251580222,29.898222251580222,0.0,0.0,0.0,0.0,0,rest
1768232709.8982909,2026-01-12 16:45:09,0.0,0.0,0.0,1.0,0.0,0.0,0.0,1.0,1.0,0.0,0.0,0.0,0.0,0.0,0.0,1.0,0.0,0.0,0.0,1.0,0.0,0.0,0.0,1.0,0.0,0.0,0.0,0.0,0.0,0.0,0.0,1.0,0.0,0.0,0.0,1.0,0.0,0.0,0.0,0.0,0.0,0.0,0.0,0.0,0.0,0.0,0.0,1.0,0.0,0.0,0.0,1.0,0.0,0.0,0.0,0.0,0.0,0.0,0.0,0.0,0.0,0.0,0.0,0.0,0.0,0.0,0.0,0.0,0.0,0.0,4,1,4,25769803776,7283802112,71.7,8617410560,1664352256,5470797824,5568757760,3146612736,1073741824,121634816,952107008,11.3,252889907200,4945920000,494384795648,17738448896,24308957184,42.2,7.919993844227807,67.31994767593636,121651.10544733911,600145.4535402063,3.9599969221139033,3.9599969221139033,0.0,0.0,1.9799984610569517,0.0,0.0,0.0,0.0,0.0,0,rest
1768232710.401692,2026-01-12 16:45:10,0.0,0.0,0.0,1.0,0.0,0.0,0.0,0.0,0.0,0.0,1.0,1.0,0.0,0.0,0.0,0.0,0.0,0.0,0.0,1.0,0.0,0.0,0.0,0.0,0.0,0.0,0.0,0.0,0.0,0.0,0.0,0.0,0.0,0.0,0.0,1.0,0.0,0.0,0.0,0.0,0.0,0.0,0.0,0.0,0.0,0.0,0.0,1.0,0.0,0.0,0.0,1.0,0.0,0.0,0.0,0.0,20.0,16.7,0.0,16.7,0.0,0.0,0.0,0.0,0.0,0.0,0.0,0.0,0.0,0.0,4,1,4,25769803776,7309377536,71.6,8593522688,1720483840,5464260608,5538168832,3129262080,1073741824,121634816,952107008,11.3,252889907200,4945920000,494384795648,17738448896,24308957184,42.2,0.0,0.0,0.0,0.0,0.0,0.0,4068.3269065277013,4068.3269065277013,37.7432671992316,33.77029170457565,0.0,0.0,0.0,0.0,0,rest
1768232710.903382,2026-01-12 16:45:10,0.0,0.0,0.0,0.0,0.0,0.0,0.0,0.0,0.0,0.0,0.0,0.0,0.0,0.0,0.0,0.0,0.0,0.0,0.0,1.0,0.0,0.0,0.0,1.0,0.0,0.0,0.0,1.0,0.0,0.0,0.0,0.0,0.0,0.0,0.0,0.0,0.0,0.0,0.0,0.0,0.0,0.0,0.0,1.0,0.0,0.0,0.0,0.0,0.0,0.0,0.0,1.0,0.0,0.0,0.0,1.0,16.7,0.0,0.0,0.0,0.0,0.0,0.0,0.0,0.0,0.0,0.0,0.0,0.0,0.0,4,1,4,25769803776,7354040320,71.5,8557461504,1733197824,5624709120,5570084864,2932752384,1073741824,121634816,952107008,11.3,252890071040,4945920000,494384795648,17738448896,24308957184,42.2,0.0,0.0,0.0,0.0,0.0,0.0,0.0,0.0,15.946097428954193,15.946097428954193,0.0,0.0,0.0,0.0,0,rest
1768232711.407789,2026-01-12 16:45:11,0.0,0.0,0.0,1.0,0.0,0.0,0.0,1.0,0.0,0.0,0.0,1.0,0.0,0.0,0.0,0.0,0.0,0.0,0.0,0.0,0.0,0.0,0.0,1.0,0.0,0.0,0.0,0.0,0.0,0.0,0.0,1.0,0.0,0.0,0.0,1.0,0.0,0.0,0.0,1.0,0.0,0.0,0.0,1.0,0.0,0.0,0.0,1.0,0.0,0.0,0.0,1.0,0.0,0.0,0.0,1.0,20.0,33.3,16.7,0.0,0.0,0.0,0.0,0.0,0.0,0.0,0.0,0.0,0.0,0.0,4,1,4,25769803776,7378796544,71.4,8534622208,1755594752,5623136256,5572444160,2911485952,1073741824,121634816,952107008,11.3,252890071040,4945920000,494384795648,17738448896,24308957184,42.2,0.0,0.0,0.0,0.0,0.0,0.0,6090.320777298174,6090.320777298174,39.65052589386832,37.667999599174905,0.0,0.0,0.0,0.0,0,rest
1768232711.9108732,2026-01-12 16:45:11,0.0,0.0,0.0,1.0,0.0,0.0,0.0,0.0,0.0,0.0,0.0,0.0,0.0,0.0,0.0,0.0,0.0,0.0,0.0,1.0,0.0,0.0,0.0,0.0,0.0,0.0,0.0,0.0,0.0,0.0,0.0,0.0,0.0,0.0,0.0,1.0,0.0,0.0,0.0,1.0,0.0,0.0,0.0,1.0,0.0,0.0,0.0,1.0,0.0,0.0,0.0,0.0,0.0,0.0,0.0,0.0,16.7,37.5,80.0,16.7,0.0,0.0,0.0,0.0,0.0,0.0,0.0,0.0,0.0,0.0,4,1,4,25769803776,7386972160,71.3,8528379904,1761755136,5658443776,5574426624,2869936128,1073741824,121634816,952107008,11.3,252890071040,4945920000,494384795648,17738448896,24308666368,42.2,0.0,147.09267859918637,0.0,1921459.734107772,0.0,15.90191119991204,0.0,0.0,1.987738899989005,1.987738899989005,0.0,0.0,0.0,0.0,0,rest
1768232712.415128,2026-01-12 16:45:12,0.0,0.0,0.0,1.0,0.0,0.0,0.0,1.0,0.0,0.0,0.0,0.0,0.0,0.0,0.0,1.0,0.0,0.0,0.0,0.0,0.0,0.0,0.0,1.0,0.0,0.0,0.0,1.0,0.0,0.0,0.0,1.0,0.0,0.0,0.0,1.0,0.0,0.0,1.0,1.0,0.0,0.0,0.0,0.0,0.0,0.0,0.0,0.0,0.0,0.0,0.0,1.0,0.0,0.0,0.0,1.0,80.0,60.0,66.7,60.0,66.7,80.0,80.0,100.0,100.0,100.0,83.3,83.3,100.0,100.0,4,1,4,25769803776,7136673792,72.3,8769175552,1522106368,5608603648,5561925632,3160571904,1073741824,121634816,952107008,11.3,252899033088,4945920000,494384795648,17738448896,24306847744,42.2,0.0,243.92429307261756,0.0,4889972.117594438,0.0,15.864994671389761,4061.438635875779,4061.438635875779,35.69623801062696,31.729989342779522,0.0,0.0,0.0,0.0,0,[CPU_AllCores]CPUSim(d5000.0-t104)
1768232712.920172,2026-01-12 16:45:12,0.0,0.0,0.0,0.0,0.0,0.0,1.0,0.0,1.0,0.0,0.0,0.0,0.0,0.0,0.0,0.0,0.0,0.0,0.0,0.0,0.0,0.0,0.0,0.0,0.0,0.0,0.0,0.0,0.0,0.0,1.0,0.0,0.0,0.0,0.0,0.0,0.0,0.0,1.0,0.0,0.0,0.0,1.0,0.0,0.0,0.0,0.0,0.0,0.0,0.0,1.0,0.0,0.0,0.0,0.0,0.0,100.0,100.0,100.0,100.0,100.0,100.0,100.0,100.0,100.0,100.0,100.0,100.0,100.0,100.0,4,1,4,25769803776,6927499264,73.1,8982347776,1208418304,5827837952,5666226176,3154509824,1073741824,121634816,952107008,11.3,252899246080,4945920000,494384795648,17738448896,24306847744,42.2,0.0,0.0,0.0,0.0,0.0,0.0,0.0,0.0,0.0,0.0,0.0,0.0,0.0,0.0,0,[CPU_AllCores]CPUSim(d5000.0-t104)
1768232713.425091,2026-01-12 16:45:13,0.0,0.0,0.0,0.0,0.0,0.0,0.0,0.0,0.0,0.0,1.0,0.0,0.0,0.0,0.0,0.0,0.0,0.0,0.0,0.0,0.0,0.0,1.0,0.0,0.0,0.0,1.0,0.0,0.0,0.0,0.0,0.0,0.0,0.0,0.0,0.0,0.0,0.0,0.0,0.0,0.0,0.0,0.0,0.0,0.0,0.0,1.0,0.0,0.0,0.0,0.0,0.0,0.0,0.0,1.0,0.0,100.0,83.3,100.0,100.0,100.0,100.0,100.0,100.0,100.0,100.0,100.0,100.0,100.0,100.0,4,1,4,25769803776,6954205184,73.0,8957968384,1209499648,5766086656,5691850752,3191881728,1073741824,121634816,952107008,11.3,252899246080,4945920000,494384795648,17738448896,24306847744,42.2,0.0,0.0,0.0,0.0,0.0,0.0,4056.095707588687,4056.095707588687,31.68824771553662,31.68824771553662,0.0,0.0,0.0,0.0,0,[CPU_AllCores]CPUSim(d5000.0-t104)
1768232713.9263859,2026-01-12 16:45:13,0.0,0.0,0.0,0.0,0.0,0.0,1.0,0.0,0.0,0.0,1.0,0.0,0.0,0.0,0.0,0.0,0.0,0.0,0.0,0.0,0.0,0.0,0.0,0.0,0.0,0.0,0.0,0.0,0.0,0.0,1.0,0.0,0.0,0.0,1.0,0.0,0.0,0.0,1.0,0.0,0.0,0.0,1.0,0.0,0.0,0.0,0.0,0.0,0.0,0.0,1.0,0.0,0.0,0.0,0.0,0.0,100.0,100.0,100.0,100.0,100.0,100.0,100.0,100.0,100.0,100.0,100.0,100.0,100.0,100.0,4,1,4,25769803776,7086407680,72.5,8827273216,1211187200,5888835584,5822365696,2938437632,1073741824,121634816,952107008,11.3,252899246080,4945920000,494384795648,17738448896,24306847744,42.2,0.0,0.0,0.0,0.0,0.0,0.0,0.0,0.0,1.9948339732605087,1.9948339732605087,0.0,0.0,0.0,0.0,0,[CPU_AllCores]CPUSim(d5000.0-t104)
1768232714.431651,2026-01-12 16:45:14,0.0,0.0,1.0,0.0,1.0,0.0,1.0,0.0,1.0,0.0,1.0,0.0,0.0,0.0,1.0,0.0,0.0,0.0,1.0,0.0,0.0,0.0,1.0,0.0,0.0,0.0,1.0,0.0,0.0,0.0,1.0,0.0,0.0,0.0,1.0,0.0,0.0,0.0,1.0,0.0,0.0,0.0,1.0,0.0,0.0,0.0,1.0,0.0,0.0,0.0,1.0,0.0,0.0,0.0,2.0,0.0,100.0,100.0,100.0,100.0,100.0,100.0,100.0,100.0,100.0,100.0,100.0,100.0,100.0,100.0,4,1,4,25769803776,7129382912,72.3,8781037568,1267056640,5842599936,5809438720,2938437632,1073741824,121634816,952107008,11.3,252899246080,4945920000,494384795648,17738448896,24306847744,42.2,0.0,0.0,0.0,0.0,0.0,0.0,4053.3166631748422,4053.3166631748422,37.60401201187598,33.645694957994294,0.0,0.0,0.0,0.0,0,[CPU_AllCores]CPUSim(d5000.0-t104)
1768232714.934309,2026-01-12 16:45:14,0.0,0.0,0.0,0.0,0.0,0.0,0.0,0.0,0.0,0.0,0.0,0.0,0.0,0.0,1.0,0.0,0.0,0.0,1.0,0.0,0.0,0.0,0.0,0.0,0.0,0.0,0.0,0.0,0.0,0.0,1.0,0.0,0.0,0.0,1.0,0.0,0.0,0.0,1.0,0.0,0.0,0.0,1.0,0.0,0.0,0.0,0.0,0.0,0.0,0.0,1.0,0.0,0.0,0.0,0.0,0.0,100.0,100.0,100.0,100.0,100.0,100.0,100.0,100.0,100.0,100.0,100.0,100.0,100.0,100.0,4,1,4,25769803776,7131594752,72.3,8779513856,1267253248,5878448128,5811453952,2901065728,1073741824,121634816,952107008,11.3,252899246080,4945920000,494384795648,17738448896,24306847744,42.2,0.0,0.0,0.0,0.0,0.0,0.0,0.0,0.0,0.0,0.0,0.0,0.0,0.0,0.0,0,[CPU_AllCores]CPUSim(d5000.0-t104)
1768232715.438402,2026-01-12 16:45:15,0.0,0.0,1.0,0.0,0.0,0.0,1.0,0.0,0.0,0.0,1.0,0.0,0.0,0.0,1.0,0.0,0.0,0.0,1.0,0.0,0.0,0.0,0.0,0.0,0.0,0.0,0.0,0.0,0.0,0.0,1.0,0.0,0.0,0.0,1.0,0.0,0.0,0.0,1.0,0.0,0.0,0.0,1.0,0.0,0.0,0.0,0.0,0.0,0.0,0.0,1.0,0.0,0.0,0.0,0.0,0.0,100.0,100.0,100.0,100.0,100.0,100.0,100.0,100.0,100.0,100.0,100.0,100.0,100.0,100.0,4,1,4,25769803776,7065108480,72.6,8854945792,1186840576,5944475648,5825363968,2910470144,1073741824,121634816,952107008,11.3,252899246080,4945920000,494384795648,17738448896,24306847744,42.2,9.918806007986495,9.918806007986495,65003.8870539403,910054.4187551641,5.9512836047918976,1.9837612015972992,6094.114411306903,6094.114411306903,41.658985233543284,41.658985233543284,0.0,0.0,0.0,0.0,0,[CPU_AllCores]CPUSim(d5000.0-t104)
1768232715.94382,2026-01-12 16:45:15,0.0,0.0,1.0,0.0,0.0,0.0,0.0,0.0,0.0,0.0,0.0,0.0,1.0,0.0,0.0,0.0,0.0,0.0,0.0,0.0,0.0,0.0,1.0,0.0,1.0,0.0,1.0,0.0,0.0,0.0,0.0,0.0,0.0,0.0,0.0,0.0,0.0,0.0,0.0,0.0,0.0,0.0,0.0,0.0,0.0,0.0,1.0,0.0,0.0,0.0,1.0,0.0,0.0,0.0,1.0,0.0,100.0,100.0,100.0,100.0,100.0,100.0,100.0,100.0,100.0,100.0,100.0,100.0,100.0,100.0,4,1,4,25769803776,7103315968,72.4,8814804992,1209499648,5904351232,5840896000,2910453760,1073741824,121634816,952107008,11.3,252899409920,4945920000,494384795648,17738448896,24306860032,42.2,0.0,1.9785600768346465,0.0,32416.72829885885,0.0,0.0,0.0,0.0,0.0,0.0,0.0,0.0,0.0,0.0,0,[CPU_AllCores]CPUSim(d5000.0-t104)
1768232716.445718,2026-01-12 16:45:16,0.0,0.0,1.0,0.0,0.0,0.0,1.0,0.0,0.0,0.0,1.0,0.0,0.0,0.0,1.0,0.0,0.0,0.0,1.0,0.0,0.0,0.0,0.0,0.0,0.0,0.0,0.0,0.0,0.0,0.0,1.0,0.0,0.0,0.0,1.0,0.0,0.0,0.0,1.0,0.0,0.0,0.0,1.0,0.0,0.0,0.0,1.0,0.0,0.0,0.0,1.0,0.0,0.0,0.0,0.0,0.0,100.0,100.0,100.0,100.0,100.0,100.0,100.0,100.0,100.0,100.0,100.0,100.0,100.0,100.0,4,1,4,25769803776,7103315968,72.4,8814804992,1209499648,5904351232,5840896000,2910453760,1073741824,121634816,952107008,11.3,252899409920,4945920000,494384795648,17738448896,24306860032,42.2,0.0,0.0,0.0,0.0,0.0,0.0,4080.509973573865,4080.509973573865,39.84873021068228,35.86385718961405,0.0,0.0,0.0,0.0,0,[CPU_AllCores]CPUSim(d5000.0-t104)
1768232716.9507751,2026-01-12 16:45:16,1.0,0.0,1.0,0.0,0.0,0.0,1.0,0.0,1.0,0.0,0.0,0.0,0.0,0.0,0.0,0.0,0.0,0.0,0.0,0.0,0.0,0.0,1.0,0.0,0.0,0.0,1.0,0.0,0.0,0.0,0.0,0.0,0.0,0.0,0.0,0.0,0.0,0.0,1.0,0.0,0.0,0.0,0.0,0.0,0.0,0.0,0.0,0.0,0.0,0.0,1.0,0.0,0.0,0.0,1.0,0.0,100.0,100.0,100.0,100.0,100.0,100.0,100.0,100.0,100.0,100.0,100.0,100.0,100.0,100.0,4,1,4,25769803776,7127760896,72.3,8791244800,1229733888,5901910016,5845106688,2889334784,1073741824,121634816,952107008,11.3,252899409920,4945920000,494384795648,17738448896,24306860032,42.2,0.0,0.0,0.0,0.0,0.0,0.0,2027.493539114873,2027.493539114873,7.919896637167473,5.939922477875605,0.0,0.0,0.0,0.0,0,[CPU_AllCores]CPUSim(d5000.0-t104)
1768232717.4522119,2026-01-12 16:45:17,0.0,0.0,1.0,0.0,0.0,0.0,1.0,0.0,0.0,0.0,0.0,0.0,1.0,0.0,0.0,0.0,0.0,0.0,0.0,0.0,0.0,0.0,1.0,0.0,0.0,0.0,1.0,0.0,0.0,0.0,0.0,0.0,0.0,0.0,0.0,0.0,0.0,0.0,1.0,0.0,0.0,0.0,1.0,0.0,0.0,0.0,0.0,0.0,1.0,0.0,0.0,0.0,0.0,0.0,0.0,0.0,100.0,100.0,100.0,100.0,100.0,100.0,100.0,100.0,100.0,100.0,100.0,100.0,100.0,100.0,4,1,4,25769803776,7025115136,72.7,8901509120,1167982592,5743263744,5803999232,3158245376,1073741824,121634816,952107008,11.3,252899409920,4945920000,494384795648,17738448896,24306860032,42.2,33.90258361394043,0.0,457437.5893547764,0.0,5.98280887304831,0.0,4084.2641906676467,4084.2641906676467,31.90831398959099,33.90258361394043,0.0,0.0,0.0,0.0,0,rest
1768232717.9556549,2026-01-12 16:45:17,0.0,0.0,0.0,0.0,0.0,0.0,1.0,0.0,0.0,0.0,1.0,1.0,0.0,0.0,0.0,1.0,0.0,0.0,0.0,1.0,0.0,0.0,0.0,1.0,0.0,0.0,0.0,0.0,0.0,0.0,0.0,1.0,0.0,0.0,0.0,0.0,0.0,0.0,0.0,1.0,0.0,0.0,0.0,0.0,0.0,0.0,0.0,0.0,0.0,0.0,0.0,0.0,0.0,0.0,0.0,1.0,80.0,66.7,50.0,33.3,0.0,0.0,0.0,0.0,0.0,0.0,0.0,0.0,0.0,0.0,4,1,4,25769803776,7227375616,72.0,8695152640,1605632000,5549522944,5567758336,3145629696,1073741824,121634816,952107008,11.3,252899409920,4945920000,494384795648,17738448896,24306860032,42.2,953.4346438920758,1.9863221747751578,6468100.624163842,8135.975627879046,125.13829701083495,0.0,0.0,0.0,0.0,0.0,0.0,0.0,0.0,0.0,0,rest
1768232718.460119,2026-01-12 16:45:18,0.0,0.0,0.0,0.0,0.0,0.0,0.0,1.0,0.0,0.0,0.0,0.0,0.0,0.0,0.0,0.0,0.0,0.0,0.0,1.0,0.0,0.0,0.0,1.0,0.0,0.0,0.0,1.0,0.0,0.0,0.0,0.0,0.0,0.0,0.0,1.0,0.0,0.0,1.0,0.0,0.0,0.0,0.0,1.0,0.0,0.0,0.0,1.0,1.0,0.0,0.0,0.0,0.0,0.0,0.0,1.0,33.3,20.0,0.0,0.0,0.0,0.0,0.0,0.0,0.0,0.0,0.0,0.0,0.0,0.0,4,1,4,25769803776,7234551808,71.9,8689205248,1611448320,5506514944,5563842560,3182690304,1073741824,121634816,952107008,11.3,252899557376,4945920000,494384795648,17738448896,24305913856,42.2,858.3365149942624,590.7258232524023,9881439.553607112,8882740.239643533,114.97348237798434,21.805315623410824,4059.7533087950333,4059.7533087950333,41.628329826511575,37.66372698589142,0.0,0.0,0.0,0.0,0,rest
1768232718.964399,2026-01-12 16:45:18,0.0,0.0,0.0,0.0,0.0,0.0,0.0,0.0,0.0,0.0,0.0,1.0,0.0,0.0,0.0,1.0,0.0,0.0,0.0,0.0,0.0,0.0,0.0,1.0,0.0,0.0,0.0,0.0,0.0,0.0,0.0,1.0,0.0,0.0,0.0,0.0,0.0,0.0,0.0,0.0,0.0,0.0,0.0,0.0,0.0,0.0,0.0,1.0,0.0,0.0,0.0,1.0,0.0,0.0,0.0,1.0,16.7,28.6,0.0,0.0,0.0,0.0,0.0,0.0,0.0,0.0,0.0,0.0,0.0,0.0,4,1,4,25769803776,7293747200,71.7,8631156736,1612726272,5698961408,5621727232,2932195328,1073741824,121634816,952107008,11.3,252899557376,4945920000,494384795648,17738448896,24305913856,42.2,0.0,0.0,0.0,0.0,0.0,0.0,0.0,0.0,0.0,0.0,0.0,0.0,0.0,0.0,0,rest
1768232719.465374,2026-01-12 16:45:19,0.0,0.0,0.0,1.0,0.0,0.0,0.0,0.0,0.0,0.0,0.0,1.0,0.0,0.0,0.0,0.0,0.0,0.0,0.0,0.0,0.0,0.0,0.0,1.0,0.0,0.0,0.0,0.0,0.0,0.0,0.0,1.0,0.0,0.0,0.0,0.0,0.0,0.0,0.0,0.0,0.0,0.0,0.0,0.0,0.0,0.0,0.0,1.0,0.0,0.0,0.0,1.0,0.0,0.0,0.0,0.0,0.0,16.7,16.7,0.0,0.0,0.0,0.0,0.0,0.0,0.0,0.0,0.0,0.0,0.0,4,1,4,25769803776,7347552256,71.5,8581234688,1674477568,5649006592,5613780992,2932228096,1073741824,121634816,952107008,11.3,252899557376,4945920000,494384795648,17738448896,24305913856,42.2,0.0,0.0,0.0,0.0,0.0,0.0,4088.029213212573,4088.029213212573,31.937728228223225,31.937728228223225,0.0,0.0,0.0,0.0,0,rest
1768232719.96926,2026-01-12 16:45:19,0.0,0.0,0.0,0.0,0.0,0.0,1.0,0.0,0.0,0.0,0.0,0.0,0.0,0.0,0.0,1.0,0.0,0.0,0.0,1.0,0.0,0.0,0.0,0.0,0.0,0.0,0.0,1.0,0.0,0.0,0.0,0.0,0.0,0.0,0.0,1.0,0.0,0.0,0.0,1.0,0.0,0.0,0.0,1.0,0.0,0.0,0.0,0.0,0.0,0.0,0.0,1.0,0.0,0.0,0.0,1.0,33.3,40.0,0.0,20.0,0.0,0.0,0.0,0.0,0.0,0.0,0.0,0.0,0.0,0.0,4,1,4,25769803776,7342129152,71.5,8587165696,1662369792,5692342272,5618925568,2894823424,1073741824,121634816,952107008,11.3,252901064704,4945920000,494384795648,17738448896,24305913856,42.2,242.1182643931655,13.892031563542282,4804134.417000442,130061.16864975814,41.67609469062685,0.0,0.0,0.0,0.0,0.0,0.0,0.0,0.0,0.0,0,rest
1768232720.474068,2026-01-12 16:45:20,0.0,0.0,0.0,0.0,0.0,0.0,0.0,0.0,0.0,0.0,0.0,0.0,0.0,0.0,0.0,0.0,0.0,0.0,0.0,0.0,0.0,0.0,0.0,1.0,0.0,0.0,0.0,1.0,0.0,0.0,0.0,1.0,0.0,0.0,0.0,0.0,0.0,0.0,0.0,1.0,0.0,0.0,0.0,1.0,0.0,0.0,0.0,1.0,0.0,0.0,0.0,0.0,0.0,0.0,0.0,0.0,33.3,0.0,16.7,0.0,0.0,0.0,0.0,0.0,0.0,0.0,0.0,0.0,0.0,0.0,4,1,4,25769803776,7361789952,71.4,8564211712,1679654912,5690507264,5621301248,2873704448,1073741824,121634816,952107008,11.3,252901064704,4945920000,494384795648,17738448896,24305913856,42.2,0.0,1.9809513733884092,0.0,8113.976825398924,0.0,1.9809513733884092,10142.471031748655,14199.459444448117,65.3713953218175,55.46663845487546,0.0,0.0,0.0,0.0,0,rest
1768232720.979106,2026-01-12 16:45:20,0.0,0.0,0.0,1.0,0.0,0.0,0.0,0.0,0.0,0.0,0.0,0.0,0.0,0.0,0.0,1.0,0.0,0.0,0.0,1.0,0.0,0.0,0.0,0.0,0.0,0.0,0.0,1.0,0.0,0.0,0.0,0.0,0.0,0.0,0.0,1.0,0.0,0.0,0.0,0.0,0.0,0.0,0.0,1.0,0.0,0.0,0.0,0.0,0.0,0.0,0.0,1.0,0.0,0.0,0.0,1.0,20.0,16.7,0.0,16.7,0.0,0.0,0.0,0.0,0.0,0.0,0.0,0.0,0.0,0.0,4,1,4,25769803776,7361560576,71.4,8564342784,1679392768,5690638336,5621301248,2873704448,1073741824,121634816,952107008,11.3,252901228544,4945920000,494384795648,17738448896,24305913856,42.2,0.0,0.0,0.0,0.0,0.0,0.0,0.0,0.0,5.940146807579535,5.940146807579535,0.0,0.0,0.0,0.0,0,rest
1768232721.483037,2026-01-12 16:45:21,0.0,0.0,0.0,0.0,1.0,0.0,0.0,0.0,0.0,0.0,0.0,0.0,0.0,0.0,1.0,1.0,0.0,0.0,0.0,0.0,0.0,0.0,0.0,1.0,0.0,0.0,0.0,1.0,0.0,0.0,0.0,1.0,0.0,0.0,0.0,1.0,0.0,0.0,0.0,1.0,0.0,0.0,0.0,0.0,0.0,0.0,0.0,1.0,0.0,0.0,0.0,0.0,0.0,0.0,0.0,0.0,60.0,60.0,50.0,50.0,0.0,0.0,0.0,0.0,0.0,0.0,0.0,0.0,0.0,0.0,4,1,4,25769803776,7361560576,71.4,8564342784,1679392768,5690638336,5621301248,2873704448,1073741824,121634816,952107008,11.3,252901228544,4945920000,494384795648,17738448896,24305913856,42.2,0.0,0.0,0.0,0.0,0.0,0.0,6096.072125811396,6096.072125811396,31.75037565526769,31.75037565526769,0.0,0.0,0.0,0.0,0,rest
1768232721.987967,2026-01-12 16:45:21,0.0,0.0,1.0,0.0,1.0,0.0,0.0,1.0,0.0,0.0,0.0,0.0,0.0,0.0,0.0,0.0,0.0,0.0,0.0,1.0,0.0,0.0,0.0,0.0,0.0,0.0,0.0,0.0,0.0,0.0,0.0,0.0,0.0,0.0,0.0,1.0,0.0,0.0,0.0,0.0,0.0,0.0,0.0,1.0,0.0,0.0,0.0,0.0,0.0,0.0,0.0,1.0,0.0,0.0,0.0,1.0,0.0,0.0,0.0,16.7,0.0,0.0,0.0,0.0,0.0,0.0,0.0,0.0,0.0,0.0,4,1,4,25769803776,7364182016,71.4,8562540544,1678704640,5688836096,5624561664,2873704448,1073741824,121634816,952107008,11.3,252901244928,4945920000,494384795648,17738448896,24305913856,42.2,5.941417394219555,0.0,48672.091293446596,0.0,1.9804724647398517,0.0,0.0,0.0,1.9804724647398517,0.0,0.0,0.0,0.0,0.0,0,rest
